database,table,prefix,family,ordinal,column,type,nullable,identity,default,raw
faragamara_taksa,Tmp_base_sorc_list,tmp,جدول موقت/تبدیل,1,src_id,int,False,False,,src_id int NOT NULL
faragamara_taksa,Tmp_base_sorc_list,tmp,جدول موقت/تبدیل,2,src_grop,tinyint,False,False,,src_grop tinyint NOT NULL
faragamara_taksa,Tmp_base_sorc_list,tmp,جدول موقت/تبدیل,3,src_dscr,nvarchar(2000),True,False,,src_dscr nvarchar(2000) NULL
faragamara_taksa,Tmp_base_sorc_list,tmp,جدول موقت/تبدیل,4,src_unit,nvarchar(25),False,False,,src_unit nvarchar(25) NOT NULL
faragamara_taksa,Tmp_base_sorc_list,tmp,جدول موقت/تبدیل,5,src_rad,int,True,False,,src_rad int NULL
brv_importer,acti,acti,فعالیت/اکشن,1,act_code,[nvarchar] (4),True,False,,[act_code] [nvarchar] (4) COLLATE Arabic_CI_AS NULL 
brv_importer,acti,acti,فعالیت/اکشن,2,act_name,[nvarchar] (200),True,False,,[act_name] [nvarchar] (200) COLLATE Arabic_CI_AS NULL 
brv_importer,acti,acti,فعالیت/اکشن,3,act_nmla,[nvarchar] (200),True,False,,[act_nmla] [nvarchar] (200) COLLATE Arabic_CI_AS NULL 
brv_importer,acti,acti,فعالیت/اکشن,4,act_rad,[smallint],True,False,,[act_rad] [smallint] NULL 
brv_importer,acti,acti,فعالیت/اکشن,5,act_nufh,[tinyint],True,False,,[act_nufh] [tinyint] NULL 
brv_importer,acti,acti,فعالیت/اکشن,6,act_engl,[ntext],True,False,,[act_engl] [ntext] COLLATE Arabic_CI_AS NULL 
brv_importer,acti,acti,فعالیت/اکشن,7,act_fars,[ntext],True,False,,[act_fars] [ntext] COLLATE Arabic_CI_AS NULL 
brv_importer,acti,acti,فعالیت/اکشن,8,act_unla,[nvarchar] (50),True,False,,[act_unla] [nvarchar] (50) COLLATE Arabic_CI_AS NULL 
brv_importer,acti,acti,فعالیت/اکشن,9,act_unit,[nvarchar] (50),True,False,,[act_unit] [nvarchar] (50) COLLATE Arabic_CI_AS NULL 
brv_importer,acti,acti,فعالیت/اکشن,10,act_type,[smallint],True,False,,[act_type] [smallint] NULL 
brv_importer,acti,acti,فعالیت/اکشن,11,act_mgrp,[nvarchar] (2),True,False,,[act_mgrp] [nvarchar] (2) COLLATE Arabic_CI_AS NULL 
brv_importer,acti,acti,فعالیت/اکشن,12,act_sgrp,[nvarchar] (200),True,False,,[act_sgrp] [nvarchar] (200) COLLATE Arabic_CI_AS NULL 
brv_importer,acti,acti,فعالیت/اکشن,13,act_identity,[int],False,True,,"[act_identity] [int] IDENTITY (1, 1) NOT NULL"
brv_importer,acts,acts,فعالیت‌ها/فهرست فعالیت,1,acs_code,[nvarchar] (4),True,False,,[acs_code] [nvarchar] (4) COLLATE Arabic_CI_AS NULL 
brv_importer,acts,acts,فعالیت‌ها/فهرست فعالیت,2,acs_name,[nvarchar] (200),True,False,,[acs_name] [nvarchar] (200) COLLATE Arabic_CI_AS NULL 
brv_importer,acts,acts,فعالیت‌ها/فهرست فعالیت,3,acs_nmla,[nvarchar] (200),True,False,,[acs_nmla] [nvarchar] (200) COLLATE Arabic_CI_AS NULL 
brv_importer,acts,acts,فعالیت‌ها/فهرست فعالیت,4,acs_rad,[smallint],True,False,,[acs_rad] [smallint] NULL 
brv_importer,acts,acts,فعالیت‌ها/فهرست فعالیت,5,acs_nufh,[tinyint],True,False,,[acs_nufh] [tinyint] NULL 
brv_importer,acts,acts,فعالیت‌ها/فهرست فعالیت,6,acs_engl,[ntext],True,False,,[acs_engl] [ntext] COLLATE Arabic_CI_AS NULL 
brv_importer,acts,acts,فعالیت‌ها/فهرست فعالیت,7,acs_fars,[ntext],True,False,,[acs_fars] [ntext] COLLATE Arabic_CI_AS NULL 
brv_importer,acts,acts,فعالیت‌ها/فهرست فعالیت,8,acs_unla,[nvarchar] (50),True,False,,[acs_unla] [nvarchar] (50) COLLATE Arabic_CI_AS NULL 
brv_importer,acts,acts,فعالیت‌ها/فهرست فعالیت,9,acs_unit,[nvarchar] (50),True,False,,[acs_unit] [nvarchar] (50) COLLATE Arabic_CI_AS NULL 
brv_importer,acts,acts,فعالیت‌ها/فهرست فعالیت,10,acs_quan,[float],True,False,,[acs_quan] [float] NULL 
brv_importer,acts,acts,فعالیت‌ها/فهرست فعالیت,11,acs_qubr,[float],True,False,,[acs_qubr] [float] NULL 
brv_importer,acts,acts,فعالیت‌ها/فهرست فعالیت,12,acs_pcal,[money],True,False,,[acs_pcal] [money] NULL 
brv_importer,acts,acts,فعالیت‌ها/فهرست فعالیت,13,acs_pcab,[money],True,False,,[acs_pcab] [money] NULL 
brv_importer,acts,acts,فعالیت‌ها/فهرست فعالیت,14,acs_pcun,[money],True,False,,[acs_pcun] [money] NULL 
brv_importer,acts,acts,فعالیت‌ها/فهرست فعالیت,15,acs_pcub,[money],True,False,,[acs_pcub] [money] NULL 
brv_importer,acts,acts,فعالیت‌ها/فهرست فعالیت,16,acs_mgrp,[nvarchar] (2),True,False,,[acs_mgrp] [nvarchar] (2) COLLATE Arabic_CI_AS NULL 
brv_importer,acts,acts,فعالیت‌ها/فهرست فعالیت,17,acs_sgrp,[nvarchar] (200),True,False,,[acs_sgrp] [nvarchar] (200) COLLATE Arabic_CI_AS NULL 
brv_importer,acts,acts,فعالیت‌ها/فهرست فعالیت,18,acs_przc,[float],True,False,,[acs_przc] [float] NULL 
brv_importer,acts,acts,فعالیت‌ها/فهرست فعالیت,19,acs_prac,[float],True,False,,[acs_prac] [float] NULL 
brv_importer,acts,acts,فعالیت‌ها/فهرست فعالیت,20,acs_pdzc,[float],True,False,,[acs_pdzc] [float] NULL 
brv_importer,acts,acts,فعالیت‌ها/فهرست فعالیت,21,acs_pdac,[float],True,False,,[acs_pdac] [float] NULL 
brv_importer,acts,acts,فعالیت‌ها/فهرست فعالیت,22,acs_identity,[int],False,True,,"[acs_identity] [int] IDENTITY (1, 1) NOT NULL"
brv_importer,ahta,ahta,تعدیل/آحاد,1,ata_nufh,[tinyint],True,False,,[ata_nufh] [tinyint] NULL 
brv_importer,ahta,ahta,تعدیل/آحاد,2,ata_nuse,[nvarchar] (5),True,False,,[ata_nuse] [nvarchar] (5) COLLATE Arabic_CI_AS NULL 
brv_importer,ahta,ahta,تعدیل/آحاد,3,ata_name,[nvarchar] (50),True,False,,[ata_name] [nvarchar] (50) COLLATE Arabic_CI_AS NULL 
brv_importer,ahta,ahta,تعدیل/آحاد,4,ata_pcnw,[money],True,False,,[ata_pcnw] [money] NULL 
brv_importer,ahta,ahta,تعدیل/آحاد,5,ata_pcol,[money],True,False,,[ata_pcol] [money] NULL 
brv_importer,ahta,ahta,تعدیل/آحاد,6,ata_pcdf,[money],True,False,,[ata_pcdf] [money] NULL 
brv_importer,ahta,ahta,تعدیل/آحاد,7,ata_tiwk,[smallint],True,False,,[ata_tiwk] [smallint] NULL 
brv_importer,ahta,ahta,تعدیل/آحاد,8,ata_tipd,[smallint],True,False,,[ata_tipd] [smallint] NULL 
brv_importer,ahta,ahta,تعدیل/آحاد,9,ata_pcwp,[money],True,False,,[ata_pcwp] [money] NULL 
brv_importer,ahta,ahta,تعدیل/آحاد,10,ata_pcta,[money],True,False,,[ata_pcta] [money] NULL 
brv_importer,ahta,ahta,تعدیل/آحاد,11,ata_inrd,[tinyint],True,False,,[ata_inrd] [tinyint] NULL 
brv_importer,ahta,ahta,تعدیل/آحاد,12,ata_nuty,[tinyint],True,False,,[ata_nuty] [tinyint] NULL 
brv_importer,ahta,ahta,تعدیل/آحاد,13,ata_pcnz,[money],True,False,,[ata_pcnz] [money] NULL 
brv_importer,ahta,ahta,تعدیل/آحاد,14,ata_pcoz,[money],True,False,,[ata_pcoz] [money] NULL 
brv_importer,ahta,ahta,تعدیل/آحاد,15,ata_pcdz,[money],True,False,,[ata_pcdz] [money] NULL 
brv_importer,ahta,ahta,تعدیل/آحاد,16,ata_pcwz,[money],True,False,,[ata_pcwz] [money] NULL 
brv_importer,ahta,ahta,تعدیل/آحاد,17,ata_pctz,[money],True,False,,[ata_pctz] [money] NULL 
brv_importer,ahta,ahta,تعدیل/آحاد,18,ata_valn,[real],True,False,,[ata_valn] [real] NULL 
brv_importer,ahta,ahta,تعدیل/آحاد,19,ata_pctj,[money],True,False,,[ata_pctj] [money] NULL 
brv_importer,ahta,ahta,تعدیل/آحاد,20,ata_nusv,[nvarchar] (10),True,False,,[ata_nusv] [nvarchar] (10) COLLATE Arabic_CI_AS NULL 
brv_importer,ahta,ahta,تعدیل/آحاد,21,ata_pcnwj,[money],True,False,,[ata_pcnwj] [money] NULL 
brv_importer,ahta,ahta,تعدیل/آحاد,22,ata_pcolj,[money],True,False,,[ata_pcolj] [money] NULL 
brv_importer,ahta,ahta,تعدیل/آحاد,23,ata_pcdfj,[money],True,False,,[ata_pcdfj] [money] NULL 
brv_importer,ahta,ahta,تعدیل/آحاد,24,ata_pcnzj,[money],True,False,,[ata_pcnzj] [money] NULL 
brv_importer,ahta,ahta,تعدیل/آحاد,25,ata_pcozj,[money],True,False,,[ata_pcozj] [money] NULL 
brv_importer,ahta,ahta,تعدیل/آحاد,26,ata_pcdzj,[money],True,False,,[ata_pcdzj] [money] NULL 
brv_importer,ahta,ahta,تعدیل/آحاد,27,ata_prio,[nvarchar] (20),True,False,,[ata_prio] [nvarchar] (20) COLLATE Arabic_CI_AS NULL 
brv_importer,ahta,ahta,تعدیل/آحاد,28,ata_lpv,[bit],False,False,,[ata_lpv] [bit] NOT NULL 
brv_importer,ahta,ahta,تعدیل/آحاد,29,ata_nutn,[tinyint],True,False,,[ata_nutn] [tinyint] NULL 
brv_importer,ahta,ahta,تعدیل/آحاد,30,ata_new,[nvarchar] (50),True,False,,[ata_new] [nvarchar] (50) COLLATE Arabic_CI_AS NULL 
brv_importer,ahta,ahta,تعدیل/آحاد,31,ata_prka,[nvarchar] (7),True,False,,[ata_prka] [nvarchar] (7) COLLATE Arabic_CI_AS NULL 
brv_importer,ahta,ahta,تعدیل/آحاد,32,ata_shnw,[float],True,False,,[ata_shnw] [float] NULL 
brv_importer,ahta,ahta,تعدیل/آحاد,33,ata_shbs,[float],True,False,,[ata_shbs] [float] NULL 
brv_importer,ahta,ahta,تعدیل/آحاد,34,ata_zrta,[float],True,False,,[ata_zrta] [float] NULL
brv_importer,bgml,bgml,برگه مالی,1,bgm_cofh,[nvarchar] (8),True,False,,[bgm_cofh] [nvarchar] (8) COLLATE Arabic_CI_AS NULL 
brv_importer,bgml,bgml,برگه مالی,2,bgm_desc,[ntext],True,False,,[bgm_desc] [ntext] COLLATE Arabic_CI_AS NULL 
brv_importer,bgml,bgml,برگه مالی,3,bgm_pcun,[money],True,False,,[bgm_pcun] [money] NULL 
brv_importer,bgml,bgml,برگه مالی,4,bgm_pcal,[money],True,False,,[bgm_pcal] [money] NULL 
brv_importer,bgml,bgml,برگه مالی,5,bgm_pcst,[money],True,False,,[bgm_pcst] [money] NULL 
brv_importer,bgml,bgml,برگه مالی,6,bgm_rad,[smallint],True,False,,[bgm_rad] [smallint] NULL 
brv_importer,bgml,bgml,برگه مالی,7,bgm_nuse,[nvarchar] (5),True,False,,[bgm_nuse] [nvarchar] (5) COLLATE Arabic_CI_AS NULL 
brv_importer,bgml,bgml,برگه مالی,8,bgm_nmse,[nvarchar] (40),True,False,,[bgm_nmse] [nvarchar] (40) COLLATE Arabic_CI_AS NULL 
brv_importer,bgml,bgml,برگه مالی,9,bgm_nufh,[tinyint],True,False,,[bgm_nufh] [tinyint] NULL 
brv_importer,bgml,bgml,برگه مالی,10,bgm_unit,[nvarchar] (20),True,False,,[bgm_unit] [nvarchar] (20) COLLATE Arabic_CI_AS NULL 
brv_importer,bgml,bgml,برگه مالی,11,bgm_astr,[nvarchar] (1),True,False,,[bgm_astr] [nvarchar] (1) COLLATE Arabic_CI_AS NULL 
brv_importer,bgml,bgml,برگه مالی,12,bgm_prenu,[money],True,False,,[bgm_prenu] [money] NULL 
brv_importer,bgml,bgml,برگه مالی,13,bgm_prent,[money],True,False,,[bgm_prent] [money] NULL 
brv_importer,bgml,bgml,برگه مالی,14,bgm_prcn,[nvarchar] (6),True,False,,[bgm_prcn] [nvarchar] (6) COLLATE Arabic_CI_AS NULL 
brv_importer,bgml,bgml,برگه مالی,15,bgm_radj,[smallint],True,False,,[bgm_radj] [smallint] NULL 
brv_importer,bgml,bgml,برگه مالی,16,bgm_valn,[real],True,False,,[bgm_valn] [real] NULL 
brv_importer,bgml,bgml,برگه مالی,17,bgm_quzr,[nvarchar] (20),True,False,,[bgm_quzr] [nvarchar] (20) COLLATE Arabic_CI_AS NULL 
brv_importer,bgml,bgml,برگه مالی,18,bgm_pczr,[nvarchar] (20),True,False,,[bgm_pczr] [nvarchar] (20) COLLATE Arabic_CI_AS NULL 
brv_importer,bgml,bgml,برگه مالی,19,bgm_mbgh,[nvarchar] (1),True,False,,[bgm_mbgh] [nvarchar] (1) COLLATE Arabic_CI_AS NULL 
brv_importer,bgml,bgml,برگه مالی,20,bgm_coad,[ntext],True,False,,[bgm_coad] [ntext] COLLATE Arabic_CI_AS NULL 
brv_importer,bgml,bgml,برگه مالی,21,bgm_dsad,[nvarchar] (200),True,False,,[bgm_dsad] [nvarchar] (200) COLLATE Arabic_CI_AS NULL 
brv_importer,bgml,bgml,برگه مالی,22,bgm_pyad,[ntext],True,False,,[bgm_pyad] [ntext] COLLATE Arabic_CI_AS NULL 
brv_importer,bgml,bgml,برگه مالی,23,bgm_pynm,[nvarchar] (255),True,False,,[bgm_pynm] [nvarchar] (255) COLLATE Arabic_CI_AS NULL 
brv_importer,bgml,bgml,برگه مالی,24,bgm_edi,[bit],False,False,,[bgm_edi] [bit] NOT NULL 
brv_importer,bgml,bgml,برگه مالی,25,bgm_abst,[ntext],True,False,,[bgm_abst] [ntext] COLLATE Arabic_CI_AS NULL 
brv_importer,bgml,bgml,برگه مالی,26,bgm_pcup,[money],True,False,,[bgm_pcup] [money] NULL 
brv_importer,bgml,bgml,برگه مالی,27,bgm_fmul,[nvarchar] (100),True,False,,[bgm_fmul] [nvarchar] (100) COLLATE Arabic_CI_AS NULL 
brv_importer,bgml,bgml,برگه مالی,28,bgm_swf2,[bit],False,False,,[bgm_swf2] [bit] NOT NULL 
brv_importer,bgml,bgml,برگه مالی,29,bgm_przf,[nvarchar] (8),True,False,,[bgm_przf] [nvarchar] (8) COLLATE Arabic_CI_AS NULL 
brv_importer,bgml,bgml,برگه مالی,30,bgm_pcaf,[money],True,False,,[bgm_pcaf] [money] NULL 
brv_importer,bgml,bgml,برگه مالی,31,bgm_pcuf,[money],True,False,,[bgm_pcuf] [money] NULL 
brv_importer,bgml,bgml,برگه مالی,32,bgm_coda,[nvarchar] (8),True,False,,[bgm_coda] [nvarchar] (8) COLLATE Arabic_CI_AS NULL 
brv_importer,bgml,bgml,برگه مالی,33,bgm_dscf,[ntext],True,False,,[bgm_dscf] [ntext] COLLATE Arabic_CI_AS NULL 
brv_importer,bgml,bgml,برگه مالی,34,bgm_quan,[float],True,False,,[bgm_quan] [float] NULL 
brv_importer,bgml,bgml,برگه مالی,35,bgm_qust,[float],True,False,,[bgm_qust] [float] NULL 
brv_importer,bgml,bgml,برگه مالی,36,bgm_prce,[float],True,False,,[bgm_prce] [float] NULL 
brv_importer,bgml,bgml,برگه مالی,37,bgm_shnw,[float],True,False,,[bgm_shnw] [float] NULL 
brv_importer,bgml,bgml,برگه مالی,38,bgm_shmb,[float],True,False,,[bgm_shmb] [float] NULL 
brv_importer,bgml,bgml,برگه مالی,39,bgm_notd,[bit],False,False,,[bgm_notd] [bit] NOT NULL 
brv_importer,bgml,bgml,برگه مالی,40,bgm_tdil,[money],True,False,,[bgm_tdil] [money] NULL 
brv_importer,bgml,bgml,برگه مالی,41,bgm_pcfz,[money],True,False,,[bgm_pcfz] [money] NULL 
brv_importer,bgml,bgml,برگه مالی,42,bgm_pckh,[money],True,False,,[bgm_pckh] [money] NULL 
brv_importer,bgml,bgml,برگه مالی,43,bgm_identity,[int],False,True,,"[bgm_identity] [int] IDENTITY (1, 1) NOT NULL "
brv_importer,bgml,bgml,برگه مالی,44,bgm_mora,[smallint],True,False,,[bgm_mora] [smallint] NULL
brv_importer,bmac,bmac,پایه/ماشین‌آلات?,1,bgm_cofh,[nvarchar] (8),True,False,,[bgm_cofh] [nvarchar] (8) COLLATE Arabic_CI_AS NULL 
brv_importer,bmac,bmac,پایه/ماشین‌آلات?,2,bgm_desc,[ntext],True,False,,[bgm_desc] [ntext] COLLATE Arabic_CI_AS NULL 
brv_importer,bmac,bmac,پایه/ماشین‌آلات?,3,bgm_pcun,[money],True,False,,[bgm_pcun] [money] NULL 
brv_importer,bmac,bmac,پایه/ماشین‌آلات?,4,bgm_pcal,[money],True,False,,[bgm_pcal] [money] NULL 
brv_importer,bmac,bmac,پایه/ماشین‌آلات?,5,bgm_pcst,[money],True,False,,[bgm_pcst] [money] NULL 
brv_importer,bmac,bmac,پایه/ماشین‌آلات?,6,bgm_rad,[smallint],True,False,,[bgm_rad] [smallint] NULL 
brv_importer,bmac,bmac,پایه/ماشین‌آلات?,7,bgm_nuse,[nvarchar] (5),True,False,,[bgm_nuse] [nvarchar] (5) COLLATE Arabic_CI_AS NULL 
brv_importer,bmac,bmac,پایه/ماشین‌آلات?,8,bgm_nmse,[nvarchar] (40),True,False,,[bgm_nmse] [nvarchar] (40) COLLATE Arabic_CI_AS NULL 
brv_importer,bmac,bmac,پایه/ماشین‌آلات?,9,bgm_nufh,[tinyint],True,False,,[bgm_nufh] [tinyint] NULL 
brv_importer,bmac,bmac,پایه/ماشین‌آلات?,10,bgm_unit,[nvarchar] (20),True,False,,[bgm_unit] [nvarchar] (20) COLLATE Arabic_CI_AS NULL 
brv_importer,bmac,bmac,پایه/ماشین‌آلات?,11,bgm_astr,[nvarchar] (1),True,False,,[bgm_astr] [nvarchar] (1) COLLATE Arabic_CI_AS NULL 
brv_importer,bmac,bmac,پایه/ماشین‌آلات?,12,bgm_prenu,[money],True,False,,[bgm_prenu] [money] NULL 
brv_importer,bmac,bmac,پایه/ماشین‌آلات?,13,bgm_prent,[money],True,False,,[bgm_prent] [money] NULL 
brv_importer,bmac,bmac,پایه/ماشین‌آلات?,14,bgm_prcn,[nvarchar] (6),True,False,,[bgm_prcn] [nvarchar] (6) COLLATE Arabic_CI_AS NULL 
brv_importer,bmac,bmac,پایه/ماشین‌آلات?,15,bgm_radj,[smallint],True,False,,[bgm_radj] [smallint] NULL 
brv_importer,bmac,bmac,پایه/ماشین‌آلات?,16,bgm_valn,[real],True,False,,[bgm_valn] [real] NULL 
brv_importer,bmac,bmac,پایه/ماشین‌آلات?,17,bgm_quzr,[nvarchar] (20),True,False,,[bgm_quzr] [nvarchar] (20) COLLATE Arabic_CI_AS NULL 
brv_importer,bmac,bmac,پایه/ماشین‌آلات?,18,bgm_pczr,[nvarchar] (20),True,False,,[bgm_pczr] [nvarchar] (20) COLLATE Arabic_CI_AS NULL 
brv_importer,bmac,bmac,پایه/ماشین‌آلات?,19,bgm_mbgh,[nvarchar] (1),True,False,,[bgm_mbgh] [nvarchar] (1) COLLATE Arabic_CI_AS NULL 
brv_importer,bmac,bmac,پایه/ماشین‌آلات?,20,bgm_coad,[ntext],True,False,,[bgm_coad] [ntext] COLLATE Arabic_CI_AS NULL 
brv_importer,bmac,bmac,پایه/ماشین‌آلات?,21,bgm_dsad,[nvarchar] (200),True,False,,[bgm_dsad] [nvarchar] (200) COLLATE Arabic_CI_AS NULL 
brv_importer,bmac,bmac,پایه/ماشین‌آلات?,22,bgm_pyad,[ntext],True,False,,[bgm_pyad] [ntext] COLLATE Arabic_CI_AS NULL 
brv_importer,bmac,bmac,پایه/ماشین‌آلات?,23,bgm_pynm,[nvarchar] (255),True,False,,[bgm_pynm] [nvarchar] (255) COLLATE Arabic_CI_AS NULL 
brv_importer,bmac,bmac,پایه/ماشین‌آلات?,24,bgm_edi,[bit],False,False,,[bgm_edi] [bit] NOT NULL 
brv_importer,bmac,bmac,پایه/ماشین‌آلات?,25,bgm_abst,[ntext],True,False,,[bgm_abst] [ntext] COLLATE Arabic_CI_AS NULL 
brv_importer,bmac,bmac,پایه/ماشین‌آلات?,26,bgm_pcup,[money],True,False,,[bgm_pcup] [money] NULL 
brv_importer,bmac,bmac,پایه/ماشین‌آلات?,27,bgm_fmul,[nvarchar] (100),True,False,,[bgm_fmul] [nvarchar] (100) COLLATE Arabic_CI_AS NULL 
brv_importer,bmac,bmac,پایه/ماشین‌آلات?,28,bgm_swf2,[bit],False,False,,[bgm_swf2] [bit] NOT NULL 
brv_importer,bmac,bmac,پایه/ماشین‌آلات?,29,bgm_przf,[nvarchar] (8),True,False,,[bgm_przf] [nvarchar] (8) COLLATE Arabic_CI_AS NULL 
brv_importer,bmac,bmac,پایه/ماشین‌آلات?,30,bgm_pcaf,[money],True,False,,[bgm_pcaf] [money] NULL 
brv_importer,bmac,bmac,پایه/ماشین‌آلات?,31,bgm_pcuf,[money],True,False,,[bgm_pcuf] [money] NULL 
brv_importer,bmac,bmac,پایه/ماشین‌آلات?,32,bgm_coda,[nvarchar] (8),True,False,,[bgm_coda] [nvarchar] (8) COLLATE Arabic_CI_AS NULL 
brv_importer,bmac,bmac,پایه/ماشین‌آلات?,33,bgm_dscf,[ntext],True,False,,[bgm_dscf] [ntext] COLLATE Arabic_CI_AS NULL 
brv_importer,bmac,bmac,پایه/ماشین‌آلات?,34,bgm_quan,[float],True,False,,[bgm_quan] [float] NULL 
brv_importer,bmac,bmac,پایه/ماشین‌آلات?,35,bgm_qust,[float],True,False,,[bgm_qust] [float] NULL 
brv_importer,bmac,bmac,پایه/ماشین‌آلات?,36,bgm_prce,[float],True,False,,[bgm_prce] [float] NULL 
brv_importer,bmac,bmac,پایه/ماشین‌آلات?,37,bgm_shnw,[float],True,False,,[bgm_shnw] [float] NULL 
brv_importer,bmac,bmac,پایه/ماشین‌آلات?,38,bgm_shmb,[float],True,False,,[bgm_shmb] [float] NULL 
brv_importer,bmac,bmac,پایه/ماشین‌آلات?,39,bgm_notd,[bit],False,False,,[bgm_notd] [bit] NOT NULL 
brv_importer,bmac,bmac,پایه/ماشین‌آلات?,40,bgm_tdil,[money],True,False,,[bgm_tdil] [money] NULL 
brv_importer,bmac,bmac,پایه/ماشین‌آلات?,41,bgm_pcfz,[money],True,False,,[bgm_pcfz] [money] NULL 
brv_importer,bmac,bmac,پایه/ماشین‌آلات?,42,bgm_pckh,[money],True,False,,[bgm_pckh] [money] NULL 
brv_importer,bmac,bmac,پایه/ماشین‌آلات?,43,bgm_coac,[nvarchar] (4),True,False,,[bgm_coac] [nvarchar] (4) COLLATE Arabic_CI_AS NULL 
brv_importer,bmac,bmac,پایه/ماشین‌آلات?,44,bgm_shac,[nvarchar] (200),True,False,,[bgm_shac] [nvarchar] (200) COLLATE Arabic_CI_AS NULL 
brv_importer,bmac,bmac,پایه/ماشین‌آلات?,45,bgm_mgrp,[nvarchar] (2),True,False,,[bgm_mgrp] [nvarchar] (2) COLLATE Arabic_CI_AS NULL 
brv_importer,bmac,bmac,پایه/ماشین‌آلات?,46,bgm_sgrp,[nvarchar] (200),True,False,,[bgm_sgrp] [nvarchar] (200) COLLATE Arabic_CI_AS NULL 
brv_importer,bmac,bmac,پایه/ماشین‌آلات?,47,bgm_prcb,[float],True,False,,[bgm_prcb] [float] NULL 
brv_importer,bmac,bmac,پایه/ماشین‌آلات?,48,bgm_prcf,[float],True,False,,[bgm_prcf] [float] NULL 
brv_importer,bmac,bmac,پایه/ماشین‌آلات?,49,bgm_spzf,[float],True,False,,[bgm_spzf] [float] NULL 
brv_importer,bmac,bmac,پایه/ماشین‌آلات?,50,bgm_spff,[float],True,False,,[bgm_spff] [float] NULL 
brv_importer,bmac,bmac,پایه/ماشین‌آلات?,51,bgm_identity,[int],False,True,,"[bgm_identity] [int] IDENTITY (1, 1) NOT NULL "
brv_importer,bmac,bmac,پایه/ماشین‌آلات?,52,bgm_mora,[smallint],True,False,,[bgm_mora] [smallint] NULL
brv_importer,contract,contract,قرارداد/پروژه,1,ctc_yrfh,[smallint],True,False,,[ctc_yrfh] [smallint] NULL 
brv_importer,contract,contract,قرارداد/پروژه,2,ctc_fh01,[bit],False,False,,[ctc_fh01] [bit] NOT NULL 
brv_importer,contract,contract,قرارداد/پروژه,3,ctc_fh02,[bit],False,False,,[ctc_fh02] [bit] NOT NULL 
brv_importer,contract,contract,قرارداد/پروژه,4,ctc_fh03,[bit],False,False,,[ctc_fh03] [bit] NOT NULL 
brv_importer,contract,contract,قرارداد/پروژه,5,ctc_fh04,[bit],False,False,,[ctc_fh04] [bit] NOT NULL 
brv_importer,contract,contract,قرارداد/پروژه,6,ctc_fh05,[bit],False,False,,[ctc_fh05] [bit] NOT NULL 
brv_importer,contract,contract,قرارداد/پروژه,7,ctc_fh06,[bit],False,False,,[ctc_fh06] [bit] NOT NULL 
brv_importer,contract,contract,قرارداد/پروژه,8,ctc_fh07,[bit],False,False,,[ctc_fh07] [bit] NOT NULL 
brv_importer,contract,contract,قرارداد/پروژه,9,ctc_fh08,[bit],False,False,,[ctc_fh08] [bit] NOT NULL 
brv_importer,contract,contract,قرارداد/پروژه,10,ctc_fh09,[bit],False,False,,[ctc_fh09] [bit] NOT NULL 
brv_importer,contract,contract,قرارداد/پروژه,11,ctc_fh10,[bit],False,False,,[ctc_fh10] [bit] NOT NULL 
brv_importer,contract,contract,قرارداد/پروژه,12,ctc_fh11,[bit],False,False,,[ctc_fh11] [bit] NOT NULL 
brv_importer,contract,contract,قرارداد/پروژه,13,ctc_fh12,[bit],False,False,,[ctc_fh12] [bit] NOT NULL 
brv_importer,contract,contract,قرارداد/پروژه,14,ctc_fh13,[bit],False,False,,[ctc_fh13] [bit] NOT NULL 
brv_importer,contract,contract,قرارداد/پروژه,15,ctc_tdil,[bit],False,False,,[ctc_tdil] [bit] NOT NULL 
brv_importer,contract,contract,قرارداد/پروژه,16,ctc_prbs,[nvarchar] (5),True,False,,[ctc_prbs] [nvarchar] (5) COLLATE Arabic_CI_AS NULL 
brv_importer,contract,contract,قرارداد/پروژه,17,ctc_prja,[nvarchar] (5),True,False,,[ctc_prja] [nvarchar] (5) COLLATE Arabic_CI_AS NULL 
brv_importer,contract,contract,قرارداد/پروژه,18,ctc_yrbd,[smallint],True,False,,[ctc_yrbd] [smallint] NULL 
brv_importer,contract,contract,قرارداد/پروژه,19,ctc_yrja,[smallint],True,False,,[ctc_yrja] [smallint] NULL 
brv_importer,contract,contract,قرارداد/پروژه,20,ctc_sand,[nvarchar] (50),True,False,,[ctc_sand] [nvarchar] (50) COLLATE Arabic_CI_AS NULL 
brv_importer,contract,contract,قرارداد/پروژه,21,ctc_madk,[nvarchar] (50),True,False,,[ctc_madk] [nvarchar] (50) COLLATE Arabic_CI_AS NULL 
brv_importer,contract,contract,قرارداد/پروژه,22,ctc_pric,[money],True,False,,[ctc_pric] [money] NULL 
brv_importer,contract,contract,قرارداد/پروژه,23,ctc_dtbv,[nvarchar] (10),True,False,,[ctc_dtbv] [nvarchar] (10) COLLATE Arabic_CI_AS NULL 
brv_importer,contract,contract,قرارداد/پروژه,24,ctc_neza,[nvarchar] (255),True,False,,[ctc_neza] [nvarchar] (255) COLLATE Arabic_CI_AS NULL 
brv_importer,contract,contract,قرارداد/پروژه,25,ctc_mont,[nvarchar] (6),True,False,,[ctc_mont] [nvarchar] (6) COLLATE Arabic_CI_AS NULL 
brv_importer,contract,contract,قرارداد/پروژه,26,ctc_days,[nvarchar] (6),True,False,,[ctc_days] [nvarchar] (6) COLLATE Arabic_CI_AS NULL 
brv_importer,contract,contract,قرارداد/پروژه,27,ctc_area,[money],True,False,,[ctc_area] [money] NULL 
brv_importer,contract,contract,قرارداد/پروژه,28,ctc_nmpj,[nvarchar] (100),True,False,,[ctc_nmpj] [nvarchar] (100) COLLATE Arabic_CI_AS NULL 
brv_importer,contract,contract,قرارداد/پروژه,29,ctc_nmcs,[nvarchar] (100),True,False,,[ctc_nmcs] [nvarchar] (100) COLLATE Arabic_CI_AS NULL 
brv_importer,contract,contract,قرارداد/پروژه,30,ctc_nmct,[nvarchar] (100),True,False,,[ctc_nmct] [nvarchar] (100) COLLATE Arabic_CI_AS NULL 
brv_importer,contract,contract,قرارداد/پروژه,31,ctc_nmci,[nvarchar] (100),True,False,,[ctc_nmci] [nvarchar] (100) COLLATE Arabic_CI_AS NULL 
brv_importer,contract,contract,قرارداد/پروژه,32,ctc_onta,[nvarchar] (100),True,False,,[ctc_onta] [nvarchar] (100) COLLATE Arabic_CI_AS NULL 
brv_importer,contract,contract,قرارداد/پروژه,33,ctc_onpj,[nvarchar] (100),True,False,,[ctc_onpj] [nvarchar] (100) COLLATE Arabic_CI_AS NULL
brv_importer,dstb,dstb,حمل/فاصله,1,dsb_curr,[tinyint],True,False,,[dsb_curr] [tinyint] NULL 
brv_importer,dstb,dstb,حمل/فاصله,2,dsb_nufh,[tinyint],True,False,,[dsb_nufh] [tinyint] NULL 
brv_importer,dstb,dstb,حمل/فاصله,3,dsb_grop,[nvarchar] (20),True,False,,[dsb_grop] [nvarchar] (20) COLLATE Arabic_CI_AS NULL 
brv_importer,dstb,dstb,حمل/فاصله,4,dsb_cofh,[nvarchar] (8),True,False,,[dsb_cofh] [nvarchar] (8) COLLATE Arabic_CI_AS NULL 
brv_importer,dstb,dstb,حمل/فاصله,5,dsb_frkm,[float],True,False,,[dsb_frkm] [float] NULL 
brv_importer,dstb,dstb,حمل/فاصله,6,dsb_tokm,[float],True,False,,[dsb_tokm] [float] NULL 
brv_importer,dstb,dstb,حمل/فاصله,7,dsb_zrib,[float],True,False,,[dsb_zrib] [float] NULL
brv_importer,dstn,dstn,فاصله/حمل,1,dsn_sumj,[money],True,False,,[dsn_sumj] [money] NULL 
brv_importer,dstn,dstn,فاصله/حمل,2,dsn_nufh,[tinyint],True,False,,[dsn_nufh] [tinyint] NULL 
brv_importer,dstn,dstn,فاصله/حمل,3,dsn_grop,[nvarchar] (20),True,False,,[dsn_grop] [nvarchar] (20) COLLATE Arabic_CI_AS NULL 
brv_importer,dstn,dstn,فاصله/حمل,4,dsn_dstn,[float],True,False,,[dsn_dstn] [float] NULL 
brv_importer,dstn,dstn,فاصله/حمل,5,dsn_suds,[float],True,False,,[dsn_suds] [float] NULL
brv_importer,dstn2,dstn2,نامشخص/نیازمند بررسی,1,ds2_curr,[tinyint],True,False,,[ds2_curr] [tinyint] NULL 
brv_importer,dstn2,dstn2,نامشخص/نیازمند بررسی,2,ds2_nufh,[tinyint],True,False,,[ds2_nufh] [tinyint] NULL 
brv_importer,dstn2,dstn2,نامشخص/نیازمند بررسی,3,ds2_grop,[nvarchar] (20),True,False,,[ds2_grop] [nvarchar] (20) COLLATE Arabic_CI_AS NULL 
brv_importer,dstn2,dstn2,نامشخص/نیازمند بررسی,4,ds2_cofh,[nvarchar] (8),True,False,,[ds2_cofh] [nvarchar] (8) COLLATE Arabic_CI_AS NULL 
brv_importer,dstn2,dstn2,نامشخص/نیازمند بررسی,5,ds2_frkm,[float],True,False,,[ds2_frkm] [float] NULL 
brv_importer,dstn2,dstn2,نامشخص/نیازمند بررسی,6,ds2_tokm,[float],True,False,,[ds2_tokm] [float] NULL 
brv_importer,dstn2,dstn2,نامشخص/نیازمند بررسی,7,ds2_zrib,[float],True,False,,[ds2_zrib] [float] NULL 
brv_importer,dstn2,dstn2,نامشخص/نیازمند بررسی,8,ds2_sumi,[float],True,False,,[ds2_sumi] [float] NULL 
brv_importer,dstn2,dstn2,نامشخص/نیازمند بررسی,9,ds2_suti,[float],True,False,,[ds2_suti] [float] NULL 
brv_importer,dstn2,dstn2,نامشخص/نیازمند بررسی,10,ds2_sumt,[float],True,False,,[ds2_sumt] [float] NULL
brv_importer,dstn2c,dstn2c,نامشخص/نیازمند بررسی,1,ds2_curr,[tinyint],True,False,,[ds2_curr] [tinyint] NULL 
brv_importer,dstn2c,dstn2c,نامشخص/نیازمند بررسی,2,ds2_nufh,[tinyint],True,False,,[ds2_nufh] [tinyint] NULL 
brv_importer,dstn2c,dstn2c,نامشخص/نیازمند بررسی,3,ds2_grop,[nvarchar] (20),True,False,,[ds2_grop] [nvarchar] (20) COLLATE Arabic_CI_AS NULL 
brv_importer,dstn2c,dstn2c,نامشخص/نیازمند بررسی,4,ds2_cofh,[nvarchar] (8),True,False,,[ds2_cofh] [nvarchar] (8) COLLATE Arabic_CI_AS NULL 
brv_importer,dstn2c,dstn2c,نامشخص/نیازمند بررسی,5,ds2_frkm,[float],True,False,,[ds2_frkm] [float] NULL 
brv_importer,dstn2c,dstn2c,نامشخص/نیازمند بررسی,6,ds2_tokm,[float],True,False,,[ds2_tokm] [float] NULL 
brv_importer,dstn2c,dstn2c,نامشخص/نیازمند بررسی,7,ds2_zrib,[float],True,False,,[ds2_zrib] [float] NULL 
brv_importer,dstn2c,dstn2c,نامشخص/نیازمند بررسی,8,ds2_sumi,[float],True,False,,[ds2_sumi] [float] NULL 
brv_importer,dstn2c,dstn2c,نامشخص/نیازمند بررسی,9,ds2_suti,[float],True,False,,[ds2_suti] [float] NULL 
brv_importer,dstn2c,dstn2c,نامشخص/نیازمند بررسی,10,ds2_sumt,[float],True,False,,[ds2_sumt] [float] NULL 
brv_importer,dstn2c,dstn2c,نامشخص/نیازمند بررسی,11,ds2_sumj,[float],True,False,,[ds2_sumj] [float] NULL
brv_importer,fhbh,fhbh,فهرست‌بها/ردیف,1,fbh_code,[nvarchar] (8),True,False,,[fbh_code] [nvarchar] (8) COLLATE Arabic_CI_AS NULL 
brv_importer,fhbh,fhbh,فهرست‌بها/ردیف,2,fbh_desc,[ntext],True,False,,[fbh_desc] [ntext] COLLATE Arabic_CI_AS NULL 
brv_importer,fhbh,fhbh,فهرست‌بها/ردیف,3,fbh_unit,[nvarchar] (20),True,False,,[fbh_unit] [nvarchar] (20) COLLATE Arabic_CI_AS NULL 
brv_importer,fhbh,fhbh,فهرست‌بها/ردیف,4,fbh_pcun,[money],True,False,,[fbh_pcun] [money] NULL 
brv_importer,fhbh,fhbh,فهرست‌بها/ردیف,5,fbh_nuse,[nvarchar] (5),True,False,,[fbh_nuse] [nvarchar] (5) COLLATE Arabic_CI_AS NULL 
brv_importer,fhbh,fhbh,فهرست‌بها/ردیف,6,fbh_nufh,[tinyint],True,False,,[fbh_nufh] [tinyint] NULL 
brv_importer,fhbh,fhbh,فهرست‌بها/ردیف,7,fbh_astr,[nvarchar] (1),True,False,,[fbh_astr] [nvarchar] (1) COLLATE Arabic_CI_AS NULL 
brv_importer,fhbh,fhbh,فهرست‌بها/ردیف,8,fbh_nmse,[nvarchar] (50),True,False,,[fbh_nmse] [nvarchar] (50) COLLATE Arabic_CI_AS NULL 
brv_importer,fhbh,fhbh,فهرست‌بها/ردیف,9,fbh_rad,[smallint],True,False,,[fbh_rad] [smallint] NULL 
brv_importer,fhbh,fhbh,فهرست‌بها/ردیف,10,fbh_abst,[ntext],True,False,,[fbh_abst] [ntext] COLLATE Arabic_CI_AS NULL 
brv_importer,fhbh,fhbh,فهرست‌بها/ردیف,11,fbh_coad,[ntext],True,False,,[fbh_coad] [ntext] COLLATE Arabic_CI_AS NULL 
brv_importer,fhbh,fhbh,فهرست‌بها/ردیف,12,fbh_pcup,[money],True,False,,[fbh_pcup] [money] NULL 
brv_importer,fhbh,fhbh,فهرست‌بها/ردیف,13,fbh_tyun,[nvarchar] (30),True,False,,[fbh_tyun] [nvarchar] (30) COLLATE Arabic_CI_AS NULL 
brv_importer,fhbh,fhbh,فهرست‌بها/ردیف,14,fbh_mbgh,[nvarchar] (1),True,False,,[fbh_mbgh] [nvarchar] (1) COLLATE Arabic_CI_AS NULL 
brv_importer,fhbh,fhbh,فهرست‌بها/ردیف,15,fbh_dsad,[nvarchar] (200),True,False,,[fbh_dsad] [nvarchar] (200) COLLATE Arabic_CI_AS NULL 
brv_importer,fhbh,fhbh,فهرست‌بها/ردیف,16,fbh_identity,[int],False,True,,"[fbh_identity] [int] IDENTITY (1, 1) NOT NULL"
brv_importer,fhpy,fhpy,فهرست پیمان/فصل‌بندی,1,fhy_name,[nvarchar] (25),True,False,,[fhy_name] [nvarchar] (25) COLLATE Arabic_CI_AS NULL 
brv_importer,fhpy,fhpy,فهرست پیمان/فصل‌بندی,2,fhy_code,[tinyint],True,False,,[fhy_code] [tinyint] NULL 
brv_importer,fhpy,fhpy,فهرست پیمان/فصل‌بندی,3,fhy_swpy,[bit],False,False,,[fhy_swpy] [bit] NOT NULL 
brv_importer,fhpy,fhpy,فهرست پیمان/فصل‌بندی,4,fhp_identity,[int],False,True,,"[fhp_identity] [int] IDENTITY (1, 1) NOT NULL"
brv_importer,fspy,fspy,فصل/صورتجلسه/پیشنهاد,1,fsp_numb,[nvarchar] (20),True,False,,[fsp_numb] [nvarchar] (20) COLLATE Arabic_CI_AS NULL 
brv_importer,fspy,fspy,فصل/صورتجلسه/پیشنهاد,2,fsp_date,[nvarchar] (10),True,False,,[fsp_date] [nvarchar] (10) COLLATE Arabic_CI_AS NULL 
brv_importer,fspy,fspy,فصل/صورتجلسه/پیشنهاد,3,fsp_prmb,[money],True,False,,[fsp_prmb] [money] NULL 
brv_importer,fspy,fspy,فصل/صورتجلسه/پیشنهاد,4,fsp_prfc,[money],True,False,,[fsp_prfc] [money] NULL 
brv_importer,fspy,fspy,فصل/صورتجلسه/پیشنهاد,5,fsp_prmf,[money],True,False,,[fsp_prmf] [money] NULL 
brv_importer,fspy,fspy,فصل/صورتجلسه/پیشنهاد,6,fsp_totl,[money],True,False,,[fsp_totl] [money] NULL 
brv_importer,fspy,fspy,فصل/صورتجلسه/پیشنهاد,7,fsp_dscr,[nvarchar] (40),True,False,,[fsp_dscr] [nvarchar] (40) COLLATE Arabic_CI_AS NULL 
brv_importer,fspy,fspy,فصل/صورتجلسه/پیشنهاد,8,fsp_rad,[smallint],True,False,,[fsp_rad] [smallint] NULL 
brv_importer,fspy,fspy,فصل/صورتجلسه/پیشنهاد,9,fsp_atsj,[nvarchar] (10),True,False,,[fsp_atsj] [nvarchar] (10) COLLATE Arabic_CI_AS NULL 
brv_importer,fspy,fspy,فصل/صورتجلسه/پیشنهاد,10,fsp_prja,[money],True,False,,[fsp_prja] [money] NULL 
brv_importer,fspy,fspy,فصل/صورتجلسه/پیشنهاد,11,fsp_zrpt,[nvarchar] (5),True,False,,[fsp_zrpt] [nvarchar] (5) COLLATE Arabic_CI_AS NULL 
brv_importer,fspy,fspy,فصل/صورتجلسه/پیشنهاد,12,fsp_quan,[float],True,False,,[fsp_quan] [float] NULL 
brv_importer,fspy,fspy,فصل/صورتجلسه/پیشنهاد,13,fsp_radj,[smallint],True,False,,[fsp_radj] [smallint] NULL 
brv_importer,fspy,fspy,فصل/صورتجلسه/پیشنهاد,14,fsp_identity,[int],False,True,,"[fsp_identity] [int] IDENTITY (1, 1) NOT NULL"
brv_importer,hmpy,hmpy,حمل/فاصله,1,hmp_cofh,[nvarchar] (8),True,False,,[hmp_cofh] [nvarchar] (8) COLLATE Arabic_CI_AS NULL 
brv_importer,hmpy,hmpy,حمل/فاصله,2,hmp_nufh,[tinyint],True,False,,[hmp_nufh] [tinyint] NULL 
brv_importer,hmpy,hmpy,حمل/فاصله,3,hmp_nuse,[nvarchar] (5),True,False,,[hmp_nuse] [nvarchar] (5) COLLATE Arabic_CI_AS NULL 
brv_importer,hmpy,hmpy,حمل/فاصله,4,hmp_nmse,[nvarchar] (40),True,False,,[hmp_nmse] [nvarchar] (40) COLLATE Arabic_CI_AS NULL 
brv_importer,hmpy,hmpy,حمل/فاصله,5,hmp_astr,[nvarchar] (1),True,False,,[hmp_astr] [nvarchar] (1) COLLATE Arabic_CI_AS NULL 
brv_importer,hmpy,hmpy,حمل/فاصله,6,hmp_rad,[smallint],True,False,,[hmp_rad] [smallint] NULL 
brv_importer,hmpy,hmpy,حمل/فاصله,7,hmp_unit,[nvarchar] (20),True,False,,[hmp_unit] [nvarchar] (20) COLLATE Arabic_CI_AS NULL 
brv_importer,hmpy,hmpy,حمل/فاصله,8,hmp_grop,[nvarchar] (20),True,False,,[hmp_grop] [nvarchar] (20) COLLATE Arabic_CI_AS NULL 
brv_importer,hmpy,hmpy,حمل/فاصله,9,hmp_dsfh,[ntext],True,False,,[hmp_dsfh] [ntext] COLLATE Arabic_CI_AS NULL 
brv_importer,hmpy,hmpy,حمل/فاصله,10,hmp_radj,[smallint],True,False,,[hmp_radj] [smallint] NULL 
brv_importer,hmpy,hmpy,حمل/فاصله,11,hmp_dsfb,[ntext],True,False,,[hmp_dsfb] [ntext] COLLATE Arabic_CI_AS NULL 
brv_importer,hmpy,hmpy,حمل/فاصله,12,hmp_valn,[real],True,False,,[hmp_valn] [real] NULL 
brv_importer,hmpy,hmpy,حمل/فاصله,13,hmp_totl,[float],True,False,,[hmp_totl] [float] NULL 
brv_importer,hmpy,hmpy,حمل/فاصله,14,hmp_zar1,[float],True,False,,[hmp_zar1] [float] NULL 
brv_importer,hmpy,hmpy,حمل/فاصله,15,hmp_zar2,[float],True,False,,[hmp_zar2] [float] NULL 
brv_importer,hmpy,hmpy,حمل/فاصله,16,hmp_zar3,[float],True,False,,[hmp_zar3] [float] NULL 
brv_importer,hmpy,hmpy,حمل/فاصله,17,hmp_zar4,[float],True,False,,[hmp_zar4] [float] NULL 
brv_importer,hmpy,hmpy,حمل/فاصله,18,hmp_quan,[float],True,False,,[hmp_quan] [float] NULL 
brv_importer,hmpy,hmpy,حمل/فاصله,19,hmp_sumz,[float],True,False,,[hmp_sumz] [float] NULL 
brv_importer,hmpy,hmpy,حمل/فاصله,20,hmp_dsz1,[nvarchar] (200),True,False,,[hmp_dsz1] [nvarchar] (200) COLLATE Arabic_CI_AS NULL 
brv_importer,hmpy,hmpy,حمل/فاصله,21,hmp_dsz2,[nvarchar] (200),True,False,,[hmp_dsz2] [nvarchar] (200) COLLATE Arabic_CI_AS NULL 
brv_importer,hmpy,hmpy,حمل/فاصله,22,hmp_dsz3,[nvarchar] (200),True,False,,[hmp_dsz3] [nvarchar] (200) COLLATE Arabic_CI_AS NULL 
brv_importer,hmpy,hmpy,حمل/فاصله,23,hmp_dsz4,[nvarchar] (200),True,False,,[hmp_dsz4] [nvarchar] (200) COLLATE Arabic_CI_AS NULL 
brv_importer,hmpy,hmpy,حمل/فاصله,24,hmp_identity,[int],False,True,,"[hmp_identity] [int] IDENTITY (1, 1) NOT NULL"
brv_importer,hsha,hsha,شاخص/حساب?,1,hps_sham,[nvarchar] (75),True,False,,[hps_sham] [nvarchar] (75) COLLATE Arabic_CI_AS NULL
brv_importer,hshm,hshm,شاخص/حساب?,1,hps_shmo,[nvarchar] (75),True,False,,[hps_shmo] [nvarchar] (75) COLLATE Arabic_CI_AS NULL
brv_importer,itac,itac,آیتم/فعالیت,1,itm_cofh,[nvarchar] (10),True,False,,[itm_cofh] [nvarchar] (10) COLLATE Arabic_CI_AS NULL 
brv_importer,itac,itac,آیتم/فعالیت,2,itm_coan,[nvarchar] (10),True,False,,[itm_coan] [nvarchar] (10) COLLATE Arabic_CI_AS NULL 
brv_importer,itac,itac,آیتم/فعالیت,3,itm_unit,[nvarchar] (20),True,False,,[itm_unit] [nvarchar] (20) COLLATE Arabic_CI_AS NULL 
brv_importer,itac,itac,آیتم/فعالیت,4,itm_dscr,[ntext],True,False,,[itm_dscr] [ntext] COLLATE Arabic_CI_AS NULL 
brv_importer,itac,itac,آیتم/فعالیت,5,itm_pcum,[money],True,False,,[itm_pcum] [money] NULL 
brv_importer,itac,itac,آیتم/فعالیت,6,itm_pcam,[money],True,False,,[itm_pcam] [money] NULL 
brv_importer,itac,itac,آیتم/فعالیت,7,itm_prpn,[nvarchar] (10),True,False,,[itm_prpn] [nvarchar] (10) COLLATE Arabic_CI_AS NULL 
brv_importer,itac,itac,آیتم/فعالیت,8,itm_pcun,[money],True,False,,[itm_pcun] [money] NULL 
brv_importer,itac,itac,آیتم/فعالیت,9,itm_pcal,[money],True,False,,[itm_pcal] [money] NULL 
brv_importer,itac,itac,آیتم/فعالیت,10,itm_nufh,[tinyint],True,False,,[itm_nufh] [tinyint] NULL 
brv_importer,itac,itac,آیتم/فعالیت,11,itm_nuse,[nvarchar] (5),True,False,,[itm_nuse] [nvarchar] (5) COLLATE Arabic_CI_AS NULL 
brv_importer,itac,itac,آیتم/فعالیت,12,itm_quan,[float],True,False,,[itm_quan] [float] NULL 
brv_importer,itac,itac,آیتم/فعالیت,13,itm_nmse,[nvarchar] (50),True,False,,[itm_nmse] [nvarchar] (50) COLLATE Arabic_CI_AS NULL 
brv_importer,itac,itac,آیتم/فعالیت,14,itm_coac,[nvarchar] (4),True,False,,[itm_coac] [nvarchar] (4) COLLATE Arabic_CI_AS NULL 
brv_importer,itac,itac,آیتم/فعالیت,15,itm_shac,[nvarchar] (200),True,False,,[itm_shac] [nvarchar] (200) COLLATE Arabic_CI_AS NULL 
brv_importer,itac,itac,آیتم/فعالیت,16,itm_astr,[nvarchar] (1),True,False,,[itm_astr] [nvarchar] (1) COLLATE Arabic_CI_AS NULL 
brv_importer,itac,itac,آیتم/فعالیت,17,itm_swf2,[bit],False,False,,[itm_swf2] [bit] NOT NULL
brv_importer,item,item,آیتم‌ها,1,itm_cofh,[nvarchar] (10),True,False,,[itm_cofh] [nvarchar] (10) COLLATE Arabic_CI_AS NULL 
brv_importer,item,item,آیتم‌ها,2,itm_coan,[nvarchar] (10),True,False,,[itm_coan] [nvarchar] (10) COLLATE Arabic_CI_AS NULL 
brv_importer,item,item,آیتم‌ها,3,itm_unit,[nvarchar] (20),True,False,,[itm_unit] [nvarchar] (20) COLLATE Arabic_CI_AS NULL 
brv_importer,item,item,آیتم‌ها,4,itm_dscr,[ntext],True,False,,[itm_dscr] [ntext] COLLATE Arabic_CI_AS NULL 
brv_importer,item,item,آیتم‌ها,5,itm_pcum,[money],True,False,,[itm_pcum] [money] NULL 
brv_importer,item,item,آیتم‌ها,6,itm_pcam,[money],True,False,,[itm_pcam] [money] NULL 
brv_importer,item,item,آیتم‌ها,7,itm_prpn,[nvarchar] (10),True,False,,[itm_prpn] [nvarchar] (10) COLLATE Arabic_CI_AS NULL 
brv_importer,item,item,آیتم‌ها,8,itm_pcun,[money],True,False,,[itm_pcun] [money] NULL 
brv_importer,item,item,آیتم‌ها,9,itm_pcal,[money],True,False,,[itm_pcal] [money] NULL 
brv_importer,item,item,آیتم‌ها,10,itm_nufh,[tinyint],True,False,,[itm_nufh] [tinyint] NULL 
brv_importer,item,item,آیتم‌ها,11,itm_nuse,[nvarchar] (5),True,False,,[itm_nuse] [nvarchar] (5) COLLATE Arabic_CI_AS NULL 
brv_importer,item,item,آیتم‌ها,12,itm_quan,[float],True,False,,[itm_quan] [float] NULL 
brv_importer,item,item,آیتم‌ها,13,itm_nmse,[nvarchar] (50),True,False,,[itm_nmse] [nvarchar] (50) COLLATE Arabic_CI_AS NULL 
brv_importer,item,item,آیتم‌ها,14,itm_astr,[nvarchar] (1),True,False,,[itm_astr] [nvarchar] (1) COLLATE Arabic_CI_AS NULL 
brv_importer,item,item,آیتم‌ها,15,itm_swf2,[bit],False,False,,[itm_swf2] [bit] NOT NULL
brv_importer,khmt,khmt,خدمات/کسورات/کارکرد مرتبط,1,kmt_cofh,[nvarchar] (8),True,False,,[kmt_cofh] [nvarchar] (8) COLLATE Arabic_CI_AS NULL 
brv_importer,khmt,khmt,خدمات/کسورات/کارکرد مرتبط,2,kmt_frco,[nvarchar] (8),True,False,,[kmt_frco] [nvarchar] (8) COLLATE Arabic_CI_AS NULL 
brv_importer,khmt,khmt,خدمات/کسورات/کارکرد مرتبط,3,kmt_dsps,[nvarchar] (40),True,False,,[kmt_dsps] [nvarchar] (40) COLLATE Arabic_CI_AS NULL 
brv_importer,khmt,khmt,خدمات/کسورات/کارکرد مرتبط,4,kmt_dsmo,[nvarchar] (40),True,False,,[kmt_dsmo] [nvarchar] (40) COLLATE Arabic_CI_AS NULL 
brv_importer,khmt,khmt,خدمات/کسورات/کارکرد مرتبط,5,kmt_nufh,[tinyint],True,False,,[kmt_nufh] [tinyint] NULL 
brv_importer,khmt,khmt,خدمات/کسورات/کارکرد مرتبط,6,kmt_nuse,[nvarchar] (5),True,False,,[kmt_nuse] [nvarchar] (5) COLLATE Arabic_CI_AS NULL 
brv_importer,khmt,khmt,خدمات/کسورات/کارکرد مرتبط,7,kmt_nmse,[nvarchar] (40),True,False,,[kmt_nmse] [nvarchar] (40) COLLATE Arabic_CI_AS NULL 
brv_importer,khmt,khmt,خدمات/کسورات/کارکرد مرتبط,8,kmt_astr,[nvarchar] (1),True,False,,[kmt_astr] [nvarchar] (1) COLLATE Arabic_CI_AS NULL 
brv_importer,khmt,khmt,خدمات/کسورات/کارکرد مرتبط,9,kmt_rad,[smallint],True,False,,[kmt_rad] [smallint] NULL 
brv_importer,khmt,khmt,خدمات/کسورات/کارکرد مرتبط,10,kmt_unit,[nvarchar] (20),True,False,,[kmt_unit] [nvarchar] (20) COLLATE Arabic_CI_AS NULL 
brv_importer,khmt,khmt,خدمات/کسورات/کارکرد مرتبط,11,kmt_dsfb,[ntext],True,False,,[kmt_dsfb] [ntext] COLLATE Arabic_CI_AS NULL 
brv_importer,khmt,khmt,خدمات/کسورات/کارکرد مرتبط,12,kmt_pcun,[money],True,False,,[kmt_pcun] [money] NULL 
brv_importer,khmt,khmt,خدمات/کسورات/کارکرد مرتبط,13,kmt_radj,[smallint],True,False,,[kmt_radj] [smallint] NULL 
brv_importer,khmt,khmt,خدمات/کسورات/کارکرد مرتبط,14,kmt_dsfh,[ntext],True,False,,[kmt_dsfh] [ntext] COLLATE Arabic_CI_AS NULL 
brv_importer,khmt,khmt,خدمات/کسورات/کارکرد مرتبط,15,kmt_valn,[real],True,False,,[kmt_valn] [real] NULL 
brv_importer,khmt,khmt,خدمات/کسورات/کارکرد مرتبط,16,kmt_coad,[ntext],True,False,,[kmt_coad] [ntext] COLLATE Arabic_CI_AS NULL 
brv_importer,khmt,khmt,خدمات/کسورات/کارکرد مرتبط,17,kmt_mbgh,[nvarchar] (1),True,False,,[kmt_mbgh] [nvarchar] (1) COLLATE Arabic_CI_AS NULL 
brv_importer,khmt,khmt,خدمات/کسورات/کارکرد مرتبط,18,kmt_pcup,[money],True,False,,[kmt_pcup] [money] NULL 
brv_importer,khmt,khmt,خدمات/کسورات/کارکرد مرتبط,19,kmt_dsad,[nvarchar] (200),True,False,,[kmt_dsad] [nvarchar] (200) COLLATE Arabic_CI_AS NULL 
brv_importer,khmt,khmt,خدمات/کسورات/کارکرد مرتبط,20,kmt_pyad,[ntext],True,False,,[kmt_pyad] [ntext] COLLATE Arabic_CI_AS NULL 
brv_importer,khmt,khmt,خدمات/کسورات/کارکرد مرتبط,21,kmt_pynm,[nvarchar] (255),True,False,,[kmt_pynm] [nvarchar] (255) COLLATE Arabic_CI_AS NULL 
brv_importer,khmt,khmt,خدمات/کسورات/کارکرد مرتبط,22,kmt_sumj,[float],True,False,,[kmt_sumj] [float] NULL 
brv_importer,khmt,khmt,خدمات/کسورات/کارکرد مرتبط,23,kmt_sumt,[float],True,False,,[kmt_sumt] [float] NULL 
brv_importer,khmt,khmt,خدمات/کسورات/کارکرد مرتبط,24,kmt_zrib,[float],True,False,,[kmt_zrib] [float] NULL 
brv_importer,khmt,khmt,خدمات/کسورات/کارکرد مرتبط,25,kmt_sujz,[float],True,False,,[kmt_sujz] [float] NULL 
brv_importer,khmt,khmt,خدمات/کسورات/کارکرد مرتبط,26,kmt_coda,[nvarchar] (8),True,False,,[kmt_coda] [nvarchar] (8) COLLATE Arabic_CI_AS NULL 
brv_importer,khmt,khmt,خدمات/کسورات/کارکرد مرتبط,27,kmt_identity,[int],False,True,,"[kmt_identity] [int] IDENTITY (1, 1) NOT NULL "
brv_importer,khmt,khmt,خدمات/کسورات/کارکرد مرتبط,28,kmt_mora,[smallint],True,False,,[kmt_mora] [smallint] NULL 
brv_importer,khmt,khmt,خدمات/کسورات/کارکرد مرتبط,29,kmt_morj,[smallint],True,False,,[kmt_morj] [smallint] NULL
brv_importer,kmac,kmac,پایه/ماشین‌آلات?,1,kmt_cofh,[nvarchar] (8),True,False,,[kmt_cofh] [nvarchar] (8) COLLATE Arabic_CI_AS NULL 
brv_importer,kmac,kmac,پایه/ماشین‌آلات?,2,kmt_frco,[nvarchar] (8),True,False,,[kmt_frco] [nvarchar] (8) COLLATE Arabic_CI_AS NULL 
brv_importer,kmac,kmac,پایه/ماشین‌آلات?,3,kmt_dsps,[nvarchar] (40),True,False,,[kmt_dsps] [nvarchar] (40) COLLATE Arabic_CI_AS NULL 
brv_importer,kmac,kmac,پایه/ماشین‌آلات?,4,kmt_dsmo,[nvarchar] (40),True,False,,[kmt_dsmo] [nvarchar] (40) COLLATE Arabic_CI_AS NULL 
brv_importer,kmac,kmac,پایه/ماشین‌آلات?,5,kmt_nufh,[tinyint],True,False,,[kmt_nufh] [tinyint] NULL 
brv_importer,kmac,kmac,پایه/ماشین‌آلات?,6,kmt_nuse,[nvarchar] (5),True,False,,[kmt_nuse] [nvarchar] (5) COLLATE Arabic_CI_AS NULL 
brv_importer,kmac,kmac,پایه/ماشین‌آلات?,7,kmt_nmse,[nvarchar] (40),True,False,,[kmt_nmse] [nvarchar] (40) COLLATE Arabic_CI_AS NULL 
brv_importer,kmac,kmac,پایه/ماشین‌آلات?,8,kmt_astr,[nvarchar] (1),True,False,,[kmt_astr] [nvarchar] (1) COLLATE Arabic_CI_AS NULL 
brv_importer,kmac,kmac,پایه/ماشین‌آلات?,9,kmt_rad,[smallint],True,False,,[kmt_rad] [smallint] NULL 
brv_importer,kmac,kmac,پایه/ماشین‌آلات?,10,kmt_unit,[nvarchar] (20),True,False,,[kmt_unit] [nvarchar] (20) COLLATE Arabic_CI_AS NULL 
brv_importer,kmac,kmac,پایه/ماشین‌آلات?,11,kmt_dsfb,[ntext],True,False,,[kmt_dsfb] [ntext] COLLATE Arabic_CI_AS NULL 
brv_importer,kmac,kmac,پایه/ماشین‌آلات?,12,kmt_pcun,[money],True,False,,[kmt_pcun] [money] NULL 
brv_importer,kmac,kmac,پایه/ماشین‌آلات?,13,kmt_radj,[smallint],True,False,,[kmt_radj] [smallint] NULL 
brv_importer,kmac,kmac,پایه/ماشین‌آلات?,14,kmt_dsfh,[ntext],True,False,,[kmt_dsfh] [ntext] COLLATE Arabic_CI_AS NULL 
brv_importer,kmac,kmac,پایه/ماشین‌آلات?,15,kmt_valn,[real],True,False,,[kmt_valn] [real] NULL 
brv_importer,kmac,kmac,پایه/ماشین‌آلات?,16,kmt_coad,[ntext],True,False,,[kmt_coad] [ntext] COLLATE Arabic_CI_AS NULL 
brv_importer,kmac,kmac,پایه/ماشین‌آلات?,17,kmt_mbgh,[nvarchar] (1),True,False,,[kmt_mbgh] [nvarchar] (1) COLLATE Arabic_CI_AS NULL 
brv_importer,kmac,kmac,پایه/ماشین‌آلات?,18,kmt_pcup,[money],True,False,,[kmt_pcup] [money] NULL 
brv_importer,kmac,kmac,پایه/ماشین‌آلات?,19,kmt_dsad,[nvarchar] (200),True,False,,[kmt_dsad] [nvarchar] (200) COLLATE Arabic_CI_AS NULL 
brv_importer,kmac,kmac,پایه/ماشین‌آلات?,20,kmt_pyad,[ntext],True,False,,[kmt_pyad] [ntext] COLLATE Arabic_CI_AS NULL 
brv_importer,kmac,kmac,پایه/ماشین‌آلات?,21,kmt_pynm,[nvarchar] (255),True,False,,[kmt_pynm] [nvarchar] (255) COLLATE Arabic_CI_AS NULL 
brv_importer,kmac,kmac,پایه/ماشین‌آلات?,22,kmt_sumj,[float],True,False,,[kmt_sumj] [float] NULL 
brv_importer,kmac,kmac,پایه/ماشین‌آلات?,23,kmt_sumt,[float],True,False,,[kmt_sumt] [float] NULL 
brv_importer,kmac,kmac,پایه/ماشین‌آلات?,24,kmt_coac,[nvarchar] (4),True,False,,[kmt_coac] [nvarchar] (4) COLLATE Arabic_CI_AS NULL 
brv_importer,kmac,kmac,پایه/ماشین‌آلات?,25,kmt_shac,[nvarchar] (200),True,False,,[kmt_shac] [nvarchar] (200) COLLATE Arabic_CI_AS NULL 
brv_importer,kmac,kmac,پایه/ماشین‌آلات?,26,kmt_zrib,[float],True,False,,[kmt_zrib] [float] NULL 
brv_importer,kmac,kmac,پایه/ماشین‌آلات?,27,kmt_sujz,[float],True,False,,[kmt_sujz] [float] NULL 
brv_importer,kmac,kmac,پایه/ماشین‌آلات?,28,kmt_mgrp,[nvarchar] (2),True,False,,[kmt_mgrp] [nvarchar] (2) COLLATE Arabic_CI_AS NULL 
brv_importer,kmac,kmac,پایه/ماشین‌آلات?,29,kmt_sgrp,[nvarchar] (200),True,False,,[kmt_sgrp] [nvarchar] (200) COLLATE Arabic_CI_AS NULL 
brv_importer,kmac,kmac,پایه/ماشین‌آلات?,30,kmt_coda,[nvarchar] (8),True,False,,[kmt_coda] [nvarchar] (8) COLLATE Arabic_CI_AS NULL 
brv_importer,kmac,kmac,پایه/ماشین‌آلات?,31,kmt_identity,[int],False,True,,"[kmt_identity] [int] IDENTITY (1, 1) NOT NULL "
brv_importer,kmac,kmac,پایه/ماشین‌آلات?,32,kmt_mora,[smallint],True,False,,[kmt_mora] [smallint] NULL 
brv_importer,kmac,kmac,پایه/ماشین‌آلات?,33,kmt_morj,[smallint],True,False,,[kmt_morj] [smallint] NULL
brv_importer,mogs,mogs,صورتجلسه/مقادیر,1,mog_name,[nvarchar] (40),True,False,,[mog_name] [nvarchar] (40) COLLATE Arabic_CI_AS NULL 
brv_importer,mogs,mogs,صورتجلسه/مقادیر,2,mog_rad,[smallint],True,False,,[mog_rad] [smallint] NULL 
brv_importer,mogs,mogs,صورتجلسه/مقادیر,3,mog_zrib,[float],True,False,,[mog_zrib] [float] NULL 
brv_importer,mogs,mogs,صورتجلسه/مقادیر,4,mog_identity,[int],False,True,,"[mog_identity] [int] IDENTITY (1, 1) NOT NULL"
brv_importer,mult,mult,ضرایب/چندگانه,1,mlt_zrmp,[nvarchar] (4),True,False,,[mlt_zrmp] [nvarchar] (4) COLLATE Arabic_CI_AS NULL 
brv_importer,mult,mult,ضرایب/چندگانه,2,mlt_zrta,[nvarchar] (5),True,False,,[mlt_zrta] [nvarchar] (5) COLLATE Arabic_CI_AS NULL 
brv_importer,mult,mult,ضرایب/چندگانه,3,mlt_tgzr,[tinyint],True,False,,[mlt_tgzr] [tinyint] NULL 
brv_importer,mult,mult,ضرایب/چندگانه,4,mlt_mbtj,[float],True,False,,[mlt_mbtj] [float] NULL 
brv_importer,mult,mult,ضرایب/چندگانه,5,mlt_nufh,[tinyint],True,False,,[mlt_nufh] [tinyint] NULL 
brv_importer,mult,mult,ضرایب/چندگانه,6,mlt_nuse,[nvarchar] (5),True,False,,[mlt_nuse] [nvarchar] (5) COLLATE Arabic_CI_AS NULL 
brv_importer,mult,mult,ضرایب/چندگانه,7,mlt_nmse,[nvarchar] (50),True,False,,[mlt_nmse] [nvarchar] (50) COLLATE Arabic_CI_AS NULL 
brv_importer,mult,mult,ضرایب/چندگانه,8,mlt_valn,[real],True,False,,[mlt_valn] [real] NULL 
brv_importer,mult,mult,ضرایب/چندگانه,9,mlt_smoj,[money],True,False,,[mlt_smoj] [money] NULL 
brv_importer,mult,mult,ضرایب/چندگانه,10,mlt_type,[nvarchar] (1),True,False,,[mlt_type] [nvarchar] (1) COLLATE Arabic_CI_AS NULL 
brv_importer,mult,mult,ضرایب/چندگانه,11,mlt_sumz,[float],True,False,,[mlt_sumz] [float] NULL 
brv_importer,mult,mult,ضرایب/چندگانه,12,mlt_tgrb,[tinyint],True,False,,[mlt_tgrb] [tinyint] NULL 
brv_importer,mult,mult,ضرایب/چندگانه,13,mlt_prtj,[nvarchar] (5),True,False,,[mlt_prtj] [nvarchar] (5) COLLATE Arabic_CI_AS NULL 
brv_importer,mult,mult,ضرایب/چندگانه,14,mlt_auto,[tinyint],True,False,,[mlt_auto] [tinyint] NULL 
brv_importer,mult,mult,ضرایب/چندگانه,15,mlt_plmu,[float],True,False,,[mlt_plmu] [float] NULL 
brv_importer,mult,mult,ضرایب/چندگانه,16,mlt_loca,[float],True,False,,[mlt_loca] [float] NULL 
brv_importer,mult,mult,ضرایب/چندگانه,17,mlt_heit,[float],True,False,,[mlt_heit] [float] NULL 
brv_importer,mult,mult,ضرایب/چندگانه,18,mlt_hard,[float],True,False,,[mlt_hard] [float] NULL 
brv_importer,mult,mult,ضرایب/چندگانه,19,mlt_taba,[float],True,False,,[mlt_taba] [float] NULL 
brv_importer,mult,mult,ضرایب/چندگانه,20,mlt_ovhd,[float],True,False,,[mlt_ovhd] [float] NULL 
brv_importer,mult,mult,ضرایب/چندگانه,21,mlt_ztjh,[float],True,False,,[mlt_ztjh] [float] NULL 
brv_importer,mult,mult,ضرایب/چندگانه,22,mlt_semp,[float],True,False,,[mlt_semp] [float] NULL 
brv_importer,mult,mult,ضرایب/چندگانه,23,mlt_zrfk,[float],True,False,,[mlt_zrfk] [float] NULL 
brv_importer,mult,mult,ضرایب/چندگانه,24,mlt_cnvt,[float],True,False,,[mlt_cnvt] [float] NULL 
brv_importer,mult,mult,ضرایب/چندگانه,25,mlt_mbts,[money],True,False,,[mlt_mbts] [money] NULL
brv_importer,nmac,nmac,پایه/ماشین‌آلات?,1,nmh_grop,[tinyint],True,False,,[nmh_grop] [tinyint] NULL 
brv_importer,nmac,nmac,پایه/ماشین‌آلات?,2,nmh_code,[nvarchar] (8),True,False,,[nmh_code] [nvarchar] (8) COLLATE Arabic_CI_AS NULL 
brv_importer,nmac,nmac,پایه/ماشین‌آلات?,3,nmh_nufh,[tinyint],True,False,,[nmh_nufh] [tinyint] NULL 
brv_importer,nmac,nmac,پایه/ماشین‌آلات?,4,nmh_nuse,[nvarchar] (5),True,False,,[nmh_nuse] [nvarchar] (5) COLLATE Arabic_CI_AS NULL 
brv_importer,nmac,nmac,پایه/ماشین‌آلات?,5,nmh_codi,[ntext],True,False,,[nmh_codi] [ntext] COLLATE Arabic_CI_AS NULL 
brv_importer,nmac,nmac,پایه/ماشین‌آلات?,6,nmh_unit,[nvarchar] (20),True,False,,[nmh_unit] [nvarchar] (20) COLLATE Arabic_CI_AS NULL 
brv_importer,nmac,nmac,پایه/ماشین‌آلات?,7,nmh_quan,[float],True,False,,[nmh_quan] [float] NULL 
brv_importer,nmac,nmac,پایه/ماشین‌آلات?,8,nmh_pcun,[money],True,False,,[nmh_pcun] [money] NULL 
brv_importer,nmac,nmac,پایه/ماشین‌آلات?,9,nmh_pcal,[money],True,False,,[nmh_pcal] [money] NULL 
brv_importer,nmac,nmac,پایه/ماشین‌آلات?,10,nmh_rad,[smallint],True,False,,[nmh_rad] [smallint] NULL 
brv_importer,nmac,nmac,پایه/ماشین‌آلات?,11,nmh_zrib,[float],True,False,,[nmh_zrib] [float] NULL 
brv_importer,nmac,nmac,پایه/ماشین‌آلات?,12,nmh_dscr,[ntext],True,False,,[nmh_dscr] [ntext] COLLATE Arabic_CI_AS NULL 
brv_importer,nmac,nmac,پایه/ماشین‌آلات?,13,nmh_coac,[nvarchar] (4),True,False,,[nmh_coac] [nvarchar] (4) COLLATE Arabic_CI_AS NULL 
brv_importer,nmac,nmac,پایه/ماشین‌آلات?,14,nmh_shac,[nvarchar] (200),True,False,,[nmh_shac] [nvarchar] (200) COLLATE Arabic_CI_AS NULL 
brv_importer,nmac,nmac,پایه/ماشین‌آلات?,15,nmh_mola,[nvarchar] (250),True,False,,[nmh_mola] [nvarchar] (250) COLLATE Arabic_CI_AS NULL 
brv_importer,nmac,nmac,پایه/ماشین‌آلات?,16,nmh_fmul,[nvarchar] (250),True,False,,[nmh_fmul] [nvarchar] (250) COLLATE Arabic_CI_AS NULL 
brv_importer,nmac,nmac,پایه/ماشین‌آلات?,17,nmh_swf2,[bit],False,False,,[nmh_swf2] [bit] NOT NULL 
brv_importer,nmac,nmac,پایه/ماشین‌آلات?,18,nmh_dscr_quan,[ntext],True,False,,[nmh_dscr_quan] [ntext] COLLATE Arabic_CI_AS NULL 
brv_importer,nmac,nmac,پایه/ماشین‌آلات?,19,nmh_dscr_pcun,[ntext],True,False,,[nmh_dscr_pcun] [ntext] COLLATE Arabic_CI_AS NULL 
brv_importer,nmac,nmac,پایه/ماشین‌آلات?,20,nmh_dscr_zrib,[ntext],True,False,,[nmh_dscr_zrib] [ntext] COLLATE Arabic_CI_AS NULL 
brv_importer,nmac,nmac,پایه/ماشین‌آلات?,21,nmh_fmul_pcun,[nvarchar] (250),True,False,,[nmh_fmul_pcun] [nvarchar] (250) COLLATE Arabic_CI_AS NULL 
brv_importer,nmac,nmac,پایه/ماشین‌آلات?,22,nmh_fmul_zrib,[nvarchar] (250),True,False,,[nmh_fmul_zrib] [nvarchar] (250) COLLATE Arabic_CI_AS NULL 
brv_importer,nmac,nmac,پایه/ماشین‌آلات?,23,nmh_identity,[int],False,True,,"[nmh_identity] [int] IDENTITY (1, 1) NOT NULL"
brv_importer,nmmh,nmmh,منابع/مصالح/حمل,1,nmh_grop,[tinyint],True,False,,[nmh_grop] [tinyint] NULL 
brv_importer,nmmh,nmmh,منابع/مصالح/حمل,2,nmh_code,[nvarchar] (8),True,False,,[nmh_code] [nvarchar] (8) COLLATE Arabic_CI_AS NULL 
brv_importer,nmmh,nmmh,منابع/مصالح/حمل,3,nmh_nufh,[tinyint],True,False,,[nmh_nufh] [tinyint] NULL 
brv_importer,nmmh,nmmh,منابع/مصالح/حمل,4,nmh_nuse,[nvarchar] (5),True,False,,[nmh_nuse] [nvarchar] (5) COLLATE Arabic_CI_AS NULL 
brv_importer,nmmh,nmmh,منابع/مصالح/حمل,5,nmh_codi,[ntext],True,False,,[nmh_codi] [ntext] COLLATE Arabic_CI_AS NULL 
brv_importer,nmmh,nmmh,منابع/مصالح/حمل,6,nmh_unit,[nvarchar] (20),True,False,,[nmh_unit] [nvarchar] (20) COLLATE Arabic_CI_AS NULL 
brv_importer,nmmh,nmmh,منابع/مصالح/حمل,7,nmh_quan,[float],True,False,,[nmh_quan] [float] NULL 
brv_importer,nmmh,nmmh,منابع/مصالح/حمل,8,nmh_pcun,[money],True,False,,[nmh_pcun] [money] NULL 
brv_importer,nmmh,nmmh,منابع/مصالح/حمل,9,nmh_pcal,[money],True,False,,[nmh_pcal] [money] NULL 
brv_importer,nmmh,nmmh,منابع/مصالح/حمل,10,nmh_rad,[smallint],True,False,,[nmh_rad] [smallint] NULL 
brv_importer,nmmh,nmmh,منابع/مصالح/حمل,11,nmh_zrib,[float],True,False,,[nmh_zrib] [float] NULL 
brv_importer,nmmh,nmmh,منابع/مصالح/حمل,12,nmh_dscr,[ntext],True,False,,[nmh_dscr] [ntext] COLLATE Arabic_CI_AS NULL 
brv_importer,nmmh,nmmh,منابع/مصالح/حمل,13,nmh_mola,[nvarchar] (250),True,False,,[nmh_mola] [nvarchar] (250) COLLATE Arabic_CI_AS NULL 
brv_importer,nmmh,nmmh,منابع/مصالح/حمل,14,nmh_fmul,[nvarchar] (250),True,False,,[nmh_fmul] [nvarchar] (250) COLLATE Arabic_CI_AS NULL 
brv_importer,nmmh,nmmh,منابع/مصالح/حمل,15,nmh_swf2,[bit],False,False,,[nmh_swf2] [bit] NOT NULL 
brv_importer,nmmh,nmmh,منابع/مصالح/حمل,16,nmh_dscr_quan,[ntext],True,False,,[nmh_dscr_quan] [ntext] COLLATE Arabic_CI_AS NULL 
brv_importer,nmmh,nmmh,منابع/مصالح/حمل,17,nmh_dscr_pcun,[ntext],True,False,,[nmh_dscr_pcun] [ntext] COLLATE Arabic_CI_AS NULL 
brv_importer,nmmh,nmmh,منابع/مصالح/حمل,18,nmh_dscr_zrib,[ntext],True,False,,[nmh_dscr_zrib] [ntext] COLLATE Arabic_CI_AS NULL 
brv_importer,nmmh,nmmh,منابع/مصالح/حمل,19,nmh_fmul_pcun,[nvarchar] (250),True,False,,[nmh_fmul_pcun] [nvarchar] (250) COLLATE Arabic_CI_AS NULL 
brv_importer,nmmh,nmmh,منابع/مصالح/حمل,20,nmh_fmul_zrib,[nvarchar] (250),True,False,,[nmh_fmul_zrib] [nvarchar] (250) COLLATE Arabic_CI_AS NULL 
brv_importer,nmmh,nmmh,منابع/مصالح/حمل,21,nmh_identity,[int],False,True,,"[nmh_identity] [int] IDENTITY (1, 1) NOT NULL"
brv_importer,nots,nots,یادداشت‌ها,1,not_numb,[tinyint],True,False,,[not_numb] [tinyint] NULL 
brv_importer,nots,nots,یادداشت‌ها,2,not_name,[nvarchar] (25),True,False,,[not_name] [nvarchar] (25) COLLATE Arabic_CI_AS NULL 
brv_importer,nots,nots,یادداشت‌ها,3,not_mbfh,[money],True,False,,[not_mbfh] [money] NULL 
brv_importer,nots,nots,یادداشت‌ها,4,not_mbsx,[money],True,False,,[not_mbsx] [money] NULL 
brv_importer,nots,nots,یادداشت‌ها,5,not_mbtl,[money],True,False,,[not_mbtl] [money] NULL 
brv_importer,nots,nots,یادداشت‌ها,6,not_mbfz,[money],True,False,,[not_mbfz] [money] NULL 
brv_importer,nots,nots,یادداشت‌ها,7,not_mbsz,[money],True,False,,[not_mbsz] [money] NULL 
brv_importer,nots,nots,یادداشت‌ها,8,not_mbtz,[money],True,False,,[not_mbtz] [money] NULL 
brv_importer,nots,nots,یادداشت‌ها,9,not_mbwo,[money],True,False,,[not_mbwo] [money] NULL 
brv_importer,nots,nots,یادداشت‌ها,10,not_mbwz,[money],True,False,,[not_mbwz] [money] NULL 
brv_importer,nots,nots,یادداشت‌ها,11,not_bloc,[money],True,False,,[not_bloc] [money] NULL 
brv_importer,nots,nots,یادداشت‌ها,12,not_bhei,[money],True,False,,[not_bhei] [money] NULL 
brv_importer,nots,nots,یادداشت‌ها,13,not_btab,[money],True,False,,[not_btab] [money] NULL 
brv_importer,nots,nots,یادداشت‌ها,14,not_bhar,[money],True,False,,[not_bhar] [money] NULL 
brv_importer,nots,nots,یادداشت‌ها,15,not_bovh,[money],True,False,,[not_bovh] [money] NULL 
brv_importer,nots,nots,یادداشت‌ها,16,not_btjh,[money],True,False,,[not_btjh] [money] NULL 
brv_importer,nots,nots,یادداشت‌ها,17,not_pyad,[ntext],True,False,,[not_pyad] [ntext] COLLATE Arabic_CI_AS NULL 
brv_importer,nots,nots,یادداشت‌ها,18,not_pynm,[nvarchar] (255),True,False,,[not_pynm] [nvarchar] (255) COLLATE Arabic_CI_AS NULL 
brv_importer,nots,nots,یادداشت‌ها,19,not_mbfht,[money],True,False,,[not_mbfht] [money] NULL 
brv_importer,nots,nots,یادداشت‌ها,20,not_mbsxt,[real],True,False,,[not_mbsxt] [real] NULL 
brv_importer,nots,nots,یادداشت‌ها,21,not_mbtlt,[money],True,False,,[not_mbtlt] [money] NULL 
brv_importer,nots,nots,یادداشت‌ها,22,not_mbfzt,[money],True,False,,[not_mbfzt] [money] NULL 
brv_importer,nots,nots,یادداشت‌ها,23,not_mbszt,[money],True,False,,[not_mbszt] [money] NULL 
brv_importer,nots,nots,یادداشت‌ها,24,not_mbtzt,[money],True,False,,[not_mbtzt] [money] NULL 
brv_importer,nots,nots,یادداشت‌ها,25,not_mbwot,[money],True,False,,[not_mbwot] [money] NULL 
brv_importer,nots,nots,یادداشت‌ها,26,not_mbwzt,[money],True,False,,[not_mbwzt] [money] NULL 
brv_importer,nots,nots,یادداشت‌ها,27,not_przr,[nvarchar] (8),True,False,,[not_przr] [nvarchar] (8) COLLATE Arabic_CI_AS NULL 
brv_importer,nots,nots,یادداشت‌ها,28,not_prbv,[nvarchar] (8),True,False,,[not_prbv] [nvarchar] (8) COLLATE Arabic_CI_AS NULL 
brv_importer,nots,nots,یادداشت‌ها,29,not_prbvz,[nvarchar] (8),True,False,,[not_prbvz] [nvarchar] (8) COLLATE Arabic_CI_AS NULL 
brv_importer,nots,nots,یادداشت‌ها,30,not_prbvtz,[nvarchar] (8),True,False,,[not_prbvtz] [nvarchar] (8) COLLATE Arabic_CI_AS NULL 
brv_importer,nots,nots,یادداشت‌ها,31,not_prbvt,[nvarchar] (8),True,False,,[not_prbvt] [nvarchar] (8) COLLATE Arabic_CI_AS NULL 
brv_importer,nots,nots,یادداشت‌ها,32,not_pyrd,[smallint],True,False,,[not_pyrd] [smallint] NULL
brv_importer,ntac,ntac,نامشخص/نیازمند بررسی,1,ntc_numb,[tinyint],True,False,,[ntc_numb] [tinyint] NULL 
brv_importer,ntac,ntac,نامشخص/نیازمند بررسی,2,ntc_name,[nvarchar] (25),True,False,,[ntc_name] [nvarchar] (25) COLLATE Arabic_CI_AS NULL 
brv_importer,ntac,ntac,نامشخص/نیازمند بررسی,3,ntc_pyad,[ntext],True,False,,[ntc_pyad] [ntext] COLLATE Arabic_CI_AS NULL 
brv_importer,ntac,ntac,نامشخص/نیازمند بررسی,4,ntc_pynm,[nvarchar] (255),True,False,,[ntc_pynm] [nvarchar] (255) COLLATE Arabic_CI_AS NULL 
brv_importer,ntac,ntac,نامشخص/نیازمند بررسی,5,ntc_pcal,[money],True,False,,[ntc_pcal] [money] NULL 
brv_importer,ntac,ntac,نامشخص/نیازمند بررسی,6,ntc_pcak,[money],True,False,,[ntc_pcak] [money] NULL 
brv_importer,ntac,ntac,نامشخص/نیازمند بررسی,7,ntc_pcoz,[money],True,False,,[ntc_pcoz] [money] NULL 
brv_importer,ntac,ntac,نامشخص/نیازمند بررسی,8,ntc_pcap,[money],True,False,,[ntc_pcap] [money] NULL
brv_importer,onac,onac,نامشخص/نیازمند بررسی,1,ona_rad,[smallint],True,False,,[ona_rad] [smallint] NULL 
brv_importer,onac,onac,نامشخص/نیازمند بررسی,2,ona_radj,[smallint],True,False,,[ona_radj] [smallint] NULL 
brv_importer,onac,onac,نامشخص/نیازمند بررسی,3,ona_dscr,[nvarchar] (50),True,False,,[ona_dscr] [nvarchar] (50) COLLATE Arabic_CI_AS NULL
brv_importer,pjsz,pjsz,پروژه/سازمان,1,pjs_rzmt,[ntext],True,False,,[pjs_rzmt] [ntext] COLLATE Arabic_CI_AS NULL 
brv_importer,pjsz,pjsz,پروژه/سازمان,2,pjs_khmt,[ntext],True,False,,[pjs_khmt] [ntext] COLLATE Arabic_CI_AS NULL 
brv_importer,pjsz,pjsz,پروژه/سازمان,3,pjs_zrib,[ntext],True,False,,[pjs_zrib] [ntext] COLLATE Arabic_CI_AS NULL 
brv_importer,pjsz,pjsz,پروژه/سازمان,4,pjs_fosi,[ntext],True,False,,[pjs_fosi] [ntext] COLLATE Arabic_CI_AS NULL 
brv_importer,pjsz,pjsz,پروژه/سازمان,5,pjs_bgml,[ntext],True,False,,[pjs_bgml] [ntext] COLLATE Arabic_CI_AS NULL 
brv_importer,pjsz,pjsz,پروژه/سازمان,6,pjs_seas,[ntext],True,False,,[pjs_seas] [ntext] COLLATE Arabic_CI_AS NULL
brv_importer,rplc,rplc,جایگزینی/رابطه,1,rpl_rzsh,[nvarchar] (30),True,False,,[rpl_rzsh] [nvarchar] (30) COLLATE Arabic_CI_AS NULL 
brv_importer,rplc,rplc,جایگزینی/رابطه,2,rpl_rzshj,[nvarchar] (30),True,False,,[rpl_rzshj] [nvarchar] (30) COLLATE Arabic_CI_AS NULL
brv_importer,rplo,rplo,نامشخص/نیازمند بررسی,1,rpl_rzco,[nvarchar] (8),True,False,,[rpl_rzco] [nvarchar] (8) COLLATE Arabic_CI_AS NULL 
brv_importer,rplo,rplo,نامشخص/نیازمند بررسی,2,rpl_rzcoj,[nvarchar] (8),True,False,,[rpl_rzcoj] [nvarchar] (8) COLLATE Arabic_CI_AS NULL
brv_importer,rsdn,rsdn,نامشخص/نیازمند بررسی,1,rsd_nmfh,[nvarchar] (25),True,False,,[rsd_nmfh] [nvarchar] (25) COLLATE Arabic_CI_AS NULL 
brv_importer,rsdn,rsdn,نامشخص/نیازمند بررسی,2,rsd_year,[smallint],True,False,,[rsd_year] [smallint] NULL 
brv_importer,rsdn,rsdn,نامشخص/نیازمند بررسی,3,rsd_fhns,[nvarchar] (25),True,False,,[rsd_fhns] [nvarchar] (25) COLLATE Arabic_CI_AS NULL 
brv_importer,rsdn,rsdn,نامشخص/نیازمند بررسی,4,rsd_zrkh,[bit],False,False,,[rsd_zrkh] [bit] NOT NULL 
brv_importer,rsdn,rsdn,نامشخص/نیازمند بررسی,5,rsd_sng,[tinyint],True,False,,[rsd_sng] [tinyint] NULL 
brv_importer,rsdn,rsdn,نامشخص/نیازمند بررسی,6,rsd_zrns,[bit],False,False,,[rsd_zrns] [bit] NOT NULL 
brv_importer,rsdn,rsdn,نامشخص/نیازمند بررسی,7,rsd_smso,[tinyint],True,False,,[rsd_smso] [tinyint] NULL 
brv_importer,rsdn,rsdn,نامشخص/نیازمند بررسی,8,rsd_yrso,[smallint],True,False,,[rsd_yrso] [smallint] NULL 
brv_importer,rsdn,rsdn,نامشخص/نیازمند بررسی,9,rsd_smtg,[tinyint],True,False,,[rsd_smtg] [tinyint] NULL 
brv_importer,rsdn,rsdn,نامشخص/نیازمند بررسی,10,rsd_yrtg,[smallint],True,False,,[rsd_yrtg] [smallint] NULL 
brv_importer,rsdn,rsdn,نامشخص/نیازمند بررسی,11,rsd_smsk,[tinyint],True,False,,[rsd_smsk] [tinyint] NULL 
brv_importer,rsdn,rsdn,نامشخص/نیازمند بررسی,12,rsd_yrsk,[smallint],True,False,,[rsd_yrsk] [smallint] NULL 
brv_importer,rsdn,rsdn,نامشخص/نیازمند بررسی,13,rsd_smmk,[tinyint],True,False,,[rsd_smmk] [tinyint] NULL 
brv_importer,rsdn,rsdn,نامشخص/نیازمند بررسی,14,rsd_yrmk,[smallint],True,False,,[rsd_yrmk] [smallint] NULL 
brv_importer,rsdn,rsdn,نامشخص/نیازمند بررسی,15,rsd_zrsh,[nvarchar] (4),True,False,,[rsd_zrsh] [nvarchar] (4) COLLATE Arabic_CI_AS NULL 
brv_importer,rsdn,rsdn,نامشخص/نیازمند بررسی,16,rsd_rmnw,[tinyint],True,False,,[rsd_rmnw] [tinyint] NULL 
brv_importer,rsdn,rsdn,نامشخص/نیازمند بررسی,17,rsd_rzps,[nvarchar] (40),True,False,,[rsd_rzps] [nvarchar] (40) COLLATE Arabic_CI_AS NULL 
brv_importer,rsdn,rsdn,نامشخص/نیازمند بررسی,18,rsd_fbso,[tinyint],True,False,,[rsd_fbso] [tinyint] NULL 
brv_importer,rsdn,rsdn,نامشخص/نیازمند بررسی,19,rsd_scst,[nvarchar] (30),True,False,,[rsd_scst] [nvarchar] (30) COLLATE Arabic_CI_AS NULL 
brv_importer,rsdn,rsdn,نامشخص/نیازمند بررسی,20,rsd_scnu,[nvarchar] (5),True,False,,[rsd_scnu] [nvarchar] (5) COLLATE Arabic_CI_AS NULL 
brv_importer,rsdn,rsdn,نامشخص/نیازمند بررسی,21,rsd_srfbsh,[nvarchar] (30),True,False,,[rsd_srfbsh] [nvarchar] (30) COLLATE Arabic_CI_AS NULL 
brv_importer,rsdn,rsdn,نامشخص/نیازمند بررسی,22,rsd_srfbco,[nvarchar] (5),True,False,,[rsd_srfbco] [nvarchar] (5) COLLATE Arabic_CI_AS NULL 
brv_importer,rsdn,rsdn,نامشخص/نیازمند بررسی,23,rsd_srrzco,[nvarchar] (8),True,False,,[rsd_srrzco] [nvarchar] (8) COLLATE Arabic_CI_AS NULL 
brv_importer,rsdn,rsdn,نامشخص/نیازمند بررسی,24,rsd_srrzra,[nvarchar] (10),True,False,,[rsd_srrzra] [nvarchar] (10) COLLATE Arabic_CI_AS NULL 
brv_importer,rsdn,rsdn,نامشخص/نیازمند بررسی,25,rsd_srrzsh,[nvarchar] (30),True,False,,[rsd_srrzsh] [nvarchar] (30) COLLATE Arabic_CI_AS NULL 
brv_importer,rsdn,rsdn,نامشخص/نیازمند بررسی,26,rsd_sorz,[tinyint],True,False,,[rsd_sorz] [tinyint] NULL 
brv_importer,rsdn,rsdn,نامشخص/نیازمند بررسی,27,rsd_rztb,[tinyint],True,False,,[rsd_rztb] [tinyint] NULL 
brv_importer,rsdn,rsdn,نامشخص/نیازمند بررسی,28,rsd_rzjsf,[nvarchar] (30),True,False,,[rsd_rzjsf] [nvarchar] (30) COLLATE Arabic_CI_AS NULL 
brv_importer,rsdn,rsdn,نامشخص/نیازمند بررسی,29,rsd_rzjsj,[nvarchar] (30),True,False,,[rsd_rzjsj] [nvarchar] (30) COLLATE Arabic_CI_AS NULL 
brv_importer,rsdn,rsdn,نامشخص/نیازمند بررسی,30,rsd_rzjcf,[nvarchar] (8),True,False,,[rsd_rzjcf] [nvarchar] (8) COLLATE Arabic_CI_AS NULL 
brv_importer,rsdn,rsdn,نامشخص/نیازمند بررسی,31,rsd_rzjcj,[nvarchar] (8),True,False,,[rsd_rzjcj] [nvarchar] (8) COLLATE Arabic_CI_AS NULL 
brv_importer,rsdn,rsdn,نامشخص/نیازمند بررسی,32,rsd_fipg,[smallint],True,False,,[rsd_fipg] [smallint] NULL 
brv_importer,rsdn,rsdn,نامشخص/نیازمند بررسی,33,rsd_rpdt,[nvarchar] (10),True,False,,[rsd_rpdt] [nvarchar] (10) COLLATE Arabic_CI_AS NULL 
brv_importer,rsdn,rsdn,نامشخص/نیازمند بررسی,34,rsd_hmgp,[nvarchar] (20),True,False,,[rsd_hmgp] [nvarchar] (20) COLLATE Arabic_CI_AS NULL 
brv_importer,rsdn,rsdn,نامشخص/نیازمند بررسی,35,rsd_rzfu,[tinyint],True,False,,[rsd_rzfu] [tinyint] NULL 
brv_importer,rsdn,rsdn,نامشخص/نیازمند بررسی,36,rsd_rzam,[tinyint],True,False,,[rsd_rzam] [tinyint] NULL 
brv_importer,rsdn,rsdn,نامشخص/نیازمند بررسی,37,rsd_rzmo,[tinyint],True,False,,[rsd_rzmo] [tinyint] NULL 
brv_importer,rsdn,rsdn,نامشخص/نیازمند بررسی,38,rsd_hmbk,[bit],False,False,,[rsd_hmbk] [bit] NOT NULL 
brv_importer,rsdn,rsdn,نامشخص/نیازمند بررسی,39,rsd_lise,[smallint],True,False,,[rsd_lise] [smallint] NULL 
brv_importer,rsdn,rsdn,نامشخص/نیازمند بررسی,40,rsd_dfzr,[float],True,False,,[rsd_dfzr] [float] NULL 
brv_importer,rsdn,rsdn,نامشخص/نیازمند بررسی,41,rsd_tyrp,[tinyint],True,False,,[rsd_tyrp] [tinyint] NULL
brv_importer,rzmt,rzmt,ریزمتره,1,rmt_cofh,[nvarchar] (8),True,False,,[rmt_cofh] [nvarchar] (8) COLLATE Arabic_CI_AS NULL 
brv_importer,rzmt,rzmt,ریزمتره,2,rmt_dsps,[nvarchar] (40),True,False,,[rmt_dsps] [nvarchar] (40) COLLATE Arabic_CI_AS NULL 
brv_importer,rzmt,rzmt,ریزمتره,3,rmt_nufh,[tinyint],True,False,,[rmt_nufh] [tinyint] NULL 
brv_importer,rzmt,rzmt,ریزمتره,4,rmt_nuse,[nvarchar] (5),True,False,,[rmt_nuse] [nvarchar] (5) COLLATE Arabic_CI_AS NULL 
brv_importer,rzmt,rzmt,ریزمتره,5,rmt_nmse,[nvarchar] (40),True,False,,[rmt_nmse] [nvarchar] (40) COLLATE Arabic_CI_AS NULL 
brv_importer,rzmt,rzmt,ریزمتره,6,rmt_astr,[nvarchar] (1),True,False,,[rmt_astr] [nvarchar] (1) COLLATE Arabic_CI_AS NULL 
brv_importer,rzmt,rzmt,ریزمتره,7,rmt_fare,[nvarchar] (1),True,False,,[rmt_fare] [nvarchar] (1) COLLATE Arabic_CI_AS NULL 
brv_importer,rzmt,rzmt,ریزمتره,8,rmt_rad,[smallint],True,False,,[rmt_rad] [smallint] NULL 
brv_importer,rzmt,rzmt,ریزمتره,9,rmt_raj,[smallint],True,False,,[rmt_raj] [smallint] NULL 
brv_importer,rzmt,rzmt,ریزمتره,10,rmt_unit,[nvarchar] (20),True,False,,[rmt_unit] [nvarchar] (20) COLLATE Arabic_CI_AS NULL 
brv_importer,rzmt,rzmt,ریزمتره,11,rmt_dsmo,[ntext],True,False,,[rmt_dsmo] [ntext] COLLATE Arabic_CI_AS NULL 
brv_importer,rzmt,rzmt,ریزمتره,12,rmt_dsam,[ntext],True,False,,[rmt_dsam] [ntext] COLLATE Arabic_CI_AS NULL 
brv_importer,rzmt,rzmt,ریزمتره,13,rmt_radj,[smallint],True,False,,[rmt_radj] [smallint] NULL 
brv_importer,rzmt,rzmt,ریزمتره,14,rmt_rajj,[smallint],True,False,,[rmt_rajj] [smallint] NULL 
brv_importer,rzmt,rzmt,ریزمتره,15,rmt_dsfh,[ntext],True,False,,[rmt_dsfh] [ntext] COLLATE Arabic_CI_AS NULL 
brv_importer,rzmt,rzmt,ریزمتره,16,rmt_dsfb,[ntext],True,False,,[rmt_dsfb] [ntext] COLLATE Arabic_CI_AS NULL 
brv_importer,rzmt,rzmt,ریزمتره,17,rmt_pcun,[money],True,False,,[rmt_pcun] [money] NULL 
brv_importer,rzmt,rzmt,ریزمتره,18,rmt_valn,[real],True,False,,[rmt_valn] [real] NULL 
brv_importer,rzmt,rzmt,ریزمتره,19,rmt_mbgh,[nvarchar] (1),True,False,,[rmt_mbgh] [nvarchar] (1) COLLATE Arabic_CI_AS NULL 
brv_importer,rzmt,rzmt,ریزمتره,20,rmt_coad,[ntext],True,False,,[rmt_coad] [ntext] COLLATE Arabic_CI_AS NULL 
brv_importer,rzmt,rzmt,ریزمتره,21,rmt_tyun,[nvarchar] (30),True,False,,[rmt_tyun] [nvarchar] (30) COLLATE Arabic_CI_AS NULL 
brv_importer,rzmt,rzmt,ریزمتره,22,rmt_pcup,[money],True,False,,[rmt_pcup] [money] NULL 
brv_importer,rzmt,rzmt,ریزمتره,23,rmt_dsad,[nvarchar] (200),True,False,,[rmt_dsad] [nvarchar] (200) COLLATE Arabic_CI_AS NULL 
brv_importer,rzmt,rzmt,ریزمتره,24,rmt_pyad,[ntext],True,False,,[rmt_pyad] [ntext] COLLATE Arabic_CI_AS NULL 
brv_importer,rzmt,rzmt,ریزمتره,25,rmt_numz,[nvarchar] (20),True,False,,[rmt_numz] [nvarchar] (20) COLLATE Arabic_CI_AS NULL 
brv_importer,rzmt,rzmt,ریزمتره,26,rmt_pynm,[nvarchar] (255),True,False,,[rmt_pynm] [nvarchar] (255) COLLATE Arabic_CI_AS NULL 
brv_importer,rzmt,rzmt,ریزمتره,27,rmt_fmul,[nvarchar] (100),True,False,,[rmt_fmul] [nvarchar] (100) COLLATE Arabic_CI_AS NULL 
brv_importer,rzmt,rzmt,ریزمتره,28,rmt_tool,[float],True,False,,[rmt_tool] [float] NULL 
brv_importer,rzmt,rzmt,ریزمتره,29,rmt_arz,[float],True,False,,[rmt_arz] [float] NULL 
brv_importer,rzmt,rzmt,ریزمتره,30,rmt_summ,[float],True,False,,[rmt_summ] [float] NULL 
brv_importer,rzmt,rzmt,ریزمتره,31,rmt_heit,[float],True,False,,[rmt_heit] [float] NULL 
brv_importer,rzmt,rzmt,ریزمتره,32,rmt_sumj,[float],True,False,,[rmt_sumj] [float] NULL 
brv_importer,rzmt,rzmt,ریزمتره,33,rmt_sumt,[float],True,False,,[rmt_sumt] [float] NULL 
brv_importer,rzmt,rzmt,ریزمتره,34,rmt_numo,[float],True,False,,[rmt_numo] [float] NULL 
brv_importer,rzmt,rzmt,ریزمتره,35,rmt_raps,[smallint],True,False,,[rmt_raps] [smallint] NULL 
brv_importer,rzmt,rzmt,ریزمتره,36,rmt_coac,[nvarchar] (4),True,False,,[rmt_coac] [nvarchar] (4) COLLATE Arabic_CI_AS NULL 
brv_importer,rzmt,rzmt,ریزمتره,37,rmt_shac,[nvarchar] (200),True,False,,[rmt_shac] [nvarchar] (200) COLLATE Arabic_CI_AS NULL 
brv_importer,rzmt,rzmt,ریزمتره,38,rmt_tooz,[nvarchar] (20),True,False,,[rmt_tooz] [nvarchar] (20) COLLATE Arabic_CI_AS NULL 
brv_importer,rzmt,rzmt,ریزمتره,39,rmt_arzz,[nvarchar] (20),True,False,,[rmt_arzz] [nvarchar] (20) COLLATE Arabic_CI_AS NULL 
brv_importer,rzmt,rzmt,ریزمتره,40,rmt_heiz,[nvarchar] (20),True,False,,[rmt_heiz] [nvarchar] (20) COLLATE Arabic_CI_AS NULL 
brv_importer,rzmt,rzmt,ریزمتره,41,rmt_mora,[smallint],True,False,,[rmt_mora] [smallint] NULL 
brv_importer,rzmt,rzmt,ریزمتره,42,rmt_morj,[smallint],True,False,,[rmt_morj] [smallint] NULL 
brv_importer,rzmt,rzmt,ریزمتره,43,rmt_moco,[nvarchar] (8),True,False,,[rmt_moco] [nvarchar] (8) COLLATE Arabic_CI_AS NULL 
brv_importer,rzmt,rzmt,ریزمتره,44,rmt_main,[bit],False,False,,[rmt_main] [bit] NOT NULL 
brv_importer,rzmt,rzmt,ریزمتره,45,rmt_moya,[bit],False,False,,[rmt_moya] [bit] NOT NULL 
brv_importer,rzmt,rzmt,ریزمتره,46,rmt_mgrp,[nvarchar] (2),True,False,,[rmt_mgrp] [nvarchar] (2) COLLATE Arabic_CI_AS NULL 
brv_importer,rzmt,rzmt,ریزمتره,47,rmt_sgrp,[nvarchar] (200),True,False,,[rmt_sgrp] [nvarchar] (200) COLLATE Arabic_CI_AS NULL 
brv_importer,rzmt,rzmt,ریزمتره,48,rmt_picp,[nvarchar] (255),True,False,,[rmt_picp] [nvarchar] (255) COLLATE Arabic_CI_AS NULL 
brv_importer,rzmt,rzmt,ریزمتره,49,rmt_identity,[int],False,True,,"[rmt_identity] [int] IDENTITY (1, 1) NOT NULL"
brv_importer,sact,sact,نامشخص/نیازمند بررسی,1,ses_nufh,[tinyint],True,False,,[ses_nufh] [tinyint] NULL 
brv_importer,sact,sact,نامشخص/نیازمند بررسی,2,ses_numb,[nvarchar] (5),True,False,,[ses_numb] [nvarchar] (5) COLLATE Arabic_CI_AS NULL 
brv_importer,sact,sact,نامشخص/نیازمند بررسی,3,ses_name,[nvarchar] (50),True,False,,[ses_name] [nvarchar] (50) COLLATE Arabic_CI_AS NULL 
brv_importer,sact,sact,نامشخص/نیازمند بررسی,4,ses_pcfh,[money],True,False,,[ses_pcfh] [money] NULL 
brv_importer,sact,sact,نامشخص/نیازمند بررسی,5,ses_pcsx,[money],True,False,,[ses_pcsx] [money] NULL 
brv_importer,sact,sact,نامشخص/نیازمند بررسی,6,ses_pctl,[money],True,False,,[ses_pctl] [money] NULL 
brv_importer,sact,sact,نامشخص/نیازمند بررسی,7,ses_pcfz,[money],True,False,,[ses_pcfz] [money] NULL 
brv_importer,sact,sact,نامشخص/نیازمند بررسی,8,ses_pcsz,[money],True,False,,[ses_pcsz] [money] NULL 
brv_importer,sact,sact,نامشخص/نیازمند بررسی,9,ses_pctz,[money],True,False,,[ses_pctz] [money] NULL 
brv_importer,sact,sact,نامشخص/نیازمند بررسی,10,ses_valn,[real],True,False,,[ses_valn] [real] NULL 
brv_importer,sact,sact,نامشخص/نیازمند بررسی,11,ses_nuan,[smallint],True,False,,[ses_nuan] [smallint] NULL 
brv_importer,sact,sact,نامشخص/نیازمند بررسی,12,ses_nura,[smallint],True,False,,[ses_nura] [smallint] NULL 
brv_importer,sact,sact,نامشخص/نیازمند بررسی,13,ses_pcwo,[money],True,False,,[ses_pcwo] [money] NULL 
brv_importer,sact,sact,نامشخص/نیازمند بررسی,14,ses_pcwz,[money],True,False,,[ses_pcwz] [money] NULL 
brv_importer,sact,sact,نامشخص/نیازمند بررسی,15,ses_bloc,[money],True,False,,[ses_bloc] [money] NULL 
brv_importer,sact,sact,نامشخص/نیازمند بررسی,16,ses_bhei,[money],True,False,,[ses_bhei] [money] NULL 
brv_importer,sact,sact,نامشخص/نیازمند بررسی,17,ses_btab,[money],True,False,,[ses_btab] [money] NULL 
brv_importer,sact,sact,نامشخص/نیازمند بررسی,18,ses_bhar,[money],True,False,,[ses_bhar] [money] NULL 
brv_importer,sact,sact,نامشخص/نیازمند بررسی,19,ses_bovh,[money],True,False,,[ses_bovh] [money] NULL 
brv_importer,sact,sact,نامشخص/نیازمند بررسی,20,ses_btjh,[money],True,False,,[ses_btjh] [money] NULL 
brv_importer,sact,sact,نامشخص/نیازمند بررسی,21,ses_pynm,[nvarchar] (255),True,False,,[ses_pynm] [nvarchar] (255) COLLATE Arabic_CI_AS NULL 
brv_importer,sact,sact,نامشخص/نیازمند بررسی,22,ses_pyad,[ntext],True,False,,[ses_pyad] [ntext] COLLATE Arabic_CI_AS NULL 
brv_importer,sact,sact,نامشخص/نیازمند بررسی,23,ses_shnw,[float],True,False,,[ses_shnw] [float] NULL 
brv_importer,sact,sact,نامشخص/نیازمند بررسی,24,ses_shmb,[float],True,False,,[ses_shmb] [float] NULL 
brv_importer,sact,sact,نامشخص/نیازمند بررسی,25,ses_pcfht,[money],True,False,,[ses_pcfht] [money] NULL 
brv_importer,sact,sact,نامشخص/نیازمند بررسی,26,ses_pcsxt,[money],True,False,,[ses_pcsxt] [money] NULL 
brv_importer,sact,sact,نامشخص/نیازمند بررسی,27,ses_pctlt,[money],True,False,,[ses_pctlt] [money] NULL 
brv_importer,sact,sact,نامشخص/نیازمند بررسی,28,ses_pcwot,[money],True,False,,[ses_pcwot] [money] NULL 
brv_importer,sact,sact,نامشخص/نیازمند بررسی,29,ses_pcfzt,[money],True,False,,[ses_pcfzt] [money] NULL 
brv_importer,sact,sact,نامشخص/نیازمند بررسی,30,ses_pcszt,[money],True,False,,[ses_pcszt] [money] NULL 
brv_importer,sact,sact,نامشخص/نیازمند بررسی,31,ses_pctzt,[money],True,False,,[ses_pctzt] [money] NULL 
brv_importer,sact,sact,نامشخص/نیازمند بررسی,32,ses_pcwzt,[money],True,False,,[ses_pcwzt] [money] NULL 
brv_importer,sact,sact,نامشخص/نیازمند بررسی,33,ses_prbv,[nvarchar] (8),True,False,,[ses_prbv] [nvarchar] (8) COLLATE Arabic_CI_AS NULL 
brv_importer,sact,sact,نامشخص/نیازمند بررسی,34,ses_prbvz,[nvarchar] (8),True,False,,[ses_prbvz] [nvarchar] (8) COLLATE Arabic_CI_AS NULL 
brv_importer,sact,sact,نامشخص/نیازمند بررسی,35,ses_prbvtz,[nvarchar] (8),True,False,,[ses_prbvtz] [nvarchar] (8) COLLATE Arabic_CI_AS NULL 
brv_importer,sact,sact,نامشخص/نیازمند بررسی,36,ses_prbvt,[nvarchar] (8),True,False,,[ses_prbvt] [nvarchar] (8) COLLATE Arabic_CI_AS NULL 
brv_importer,sact,sact,نامشخص/نیازمند بررسی,37,ses_przr,[nvarchar] (8),True,False,,[ses_przr] [nvarchar] (8) COLLATE Arabic_CI_AS NULL 
brv_importer,sact,sact,نامشخص/نیازمند بررسی,38,ses_49fh,[money],True,False,,[ses_49fh] [money] NULL 
brv_importer,sact,sact,نامشخص/نیازمند بررسی,39,ses_49as,[money],True,False,,[ses_49as] [money] NULL 
brv_importer,sact,sact,نامشخص/نیازمند بررسی,40,ses_49tl,[money],True,False,,[ses_49tl] [money] NULL 
brv_importer,sact,sact,نامشخص/نیازمند بررسی,41,ses_pcwf,[money],True,False,,[ses_pcwf] [money] NULL 
brv_importer,sact,sact,نامشخص/نیازمند بررسی,42,ses_pcwh,[money],True,False,,[ses_pcwh] [money] NULL 
brv_importer,sact,sact,نامشخص/نیازمند بررسی,43,ses_pyrd,[smallint],True,False,,[ses_pyrd] [smallint] NULL 
brv_importer,sact,sact,نامشخص/نیازمند بررسی,44,ses_coac,[nvarchar] (4),True,False,,[ses_coac] [nvarchar] (4) COLLATE Arabic_CI_AS NULL 
brv_importer,sact,sact,نامشخص/نیازمند بررسی,45,ses_shac,[nvarchar] (200),True,False,,[ses_shac] [nvarchar] (200) COLLATE Arabic_CI_AS NULL 
brv_importer,sact,sact,نامشخص/نیازمند بررسی,46,ses_mgrp,[nvarchar] (2),True,False,,[ses_mgrp] [nvarchar] (2) COLLATE Arabic_CI_AS NULL 
brv_importer,sact,sact,نامشخص/نیازمند بررسی,47,ses_sgrp,[nvarchar] (200),True,False,,[ses_sgrp] [nvarchar] (200) COLLATE Arabic_CI_AS NULL
brv_importer,scac,scac,نامشخص/نیازمند بررسی,1,src_grop,[tinyint],True,False,,[src_grop] [tinyint] NULL 
brv_importer,scac,scac,نامشخص/نیازمند بررسی,2,src_nufh,[tinyint],True,False,,[src_nufh] [tinyint] NULL 
brv_importer,scac,scac,نامشخص/نیازمند بررسی,3,src_codi,[ntext],True,False,,[src_codi] [ntext] COLLATE Arabic_CI_AS NULL 
brv_importer,scac,scac,نامشخص/نیازمند بررسی,4,src_unit,[nvarchar] (20),True,False,,[src_unit] [nvarchar] (20) COLLATE Arabic_CI_AS NULL 
brv_importer,scac,scac,نامشخص/نیازمند بررسی,5,src_pcun,[money],True,False,,[src_pcun] [money] NULL 
brv_importer,scac,scac,نامشخص/نیازمند بررسی,6,src_date,[nvarchar] (8),True,False,,[src_date] [nvarchar] (8) COLLATE Arabic_CI_AS NULL 
brv_importer,scac,scac,نامشخص/نیازمند بررسی,7,src_proj,[ntext],True,False,,[src_proj] [ntext] COLLATE Arabic_CI_AS NULL 
brv_importer,scac,scac,نامشخص/نیازمند بررسی,8,src_pcal,[money],True,False,,[src_pcal] [money] NULL 
brv_importer,scac,scac,نامشخص/نیازمند بررسی,9,src_prcn,[nvarchar] (8),True,False,,[src_prcn] [nvarchar] (8) COLLATE Arabic_CI_AS NULL 
brv_importer,scac,scac,نامشخص/نیازمند بررسی,10,src_rad,[int],True,False,,[src_rad] [int] NULL 
brv_importer,scac,scac,نامشخص/نیازمند بررسی,11,src_dscr,[ntext],True,False,,[src_dscr] [ntext] COLLATE Arabic_CI_AS NULL 
brv_importer,scac,scac,نامشخص/نیازمند بررسی,12,src_quan,[float],True,False,,[src_quan] [float] NULL 
brv_importer,scac,scac,نامشخص/نیازمند بررسی,13,src_coac,[nvarchar] (4),True,False,,[src_coac] [nvarchar] (4) COLLATE Arabic_CI_AS NULL 
brv_importer,scac,scac,نامشخص/نیازمند بررسی,14,src_shac,[nvarchar] (200),True,False,,[src_shac] [nvarchar] (200) COLLATE Arabic_CI_AS NULL 
brv_importer,scac,scac,نامشخص/نیازمند بررسی,15,src_totl,[bit],False,False,,[src_totl] [bit] NOT NULL 
brv_importer,scac,scac,نامشخص/نیازمند بررسی,16,src_nuse,[nvarchar] (5),True,False,,[src_nuse] [nvarchar] (5) COLLATE Arabic_CI_AS NULL 
brv_importer,scac,scac,نامشخص/نیازمند بررسی,17,src_nmse,[nvarchar] (50),True,False,,[src_nmse] [nvarchar] (50) COLLATE Arabic_CI_AS NULL 
brv_importer,scac,scac,نامشخص/نیازمند بررسی,18,src_qubr,[float],True,False,,[src_qubr] [float] NULL 
brv_importer,scac,scac,نامشخص/نیازمند بررسی,19,src_quol,[float],True,False,,[src_quol] [float] NULL 
brv_importer,scac,scac,نامشخص/نیازمند بررسی,20,src_qudf,[float],True,False,,[src_qudf] [float] NULL 
brv_importer,scac,scac,نامشخص/نیازمند بررسی,21,src_identity,[int],False,True,,"[src_identity] [int] IDENTITY (1, 1) NOT NULL"
brv_importer,seas,seas,خلاصه فصل‌ها,1,ses_nufh,[tinyint],True,False,,[ses_nufh] [tinyint] NULL 
brv_importer,seas,seas,خلاصه فصل‌ها,2,ses_numb,[nvarchar] (5),True,False,,[ses_numb] [nvarchar] (5) COLLATE Arabic_CI_AS NULL 
brv_importer,seas,seas,خلاصه فصل‌ها,3,ses_name,[nvarchar] (50),True,False,,[ses_name] [nvarchar] (50) COLLATE Arabic_CI_AS NULL 
brv_importer,seas,seas,خلاصه فصل‌ها,4,ses_pcfh,[money],True,False,,[ses_pcfh] [money] NULL 
brv_importer,seas,seas,خلاصه فصل‌ها,5,ses_pcsx,[money],True,False,,[ses_pcsx] [money] NULL 
brv_importer,seas,seas,خلاصه فصل‌ها,6,ses_pctl,[money],True,False,,[ses_pctl] [money] NULL 
brv_importer,seas,seas,خلاصه فصل‌ها,7,ses_pcfz,[money],True,False,,[ses_pcfz] [money] NULL 
brv_importer,seas,seas,خلاصه فصل‌ها,8,ses_pcsz,[money],True,False,,[ses_pcsz] [money] NULL 
brv_importer,seas,seas,خلاصه فصل‌ها,9,ses_pctz,[money],True,False,,[ses_pctz] [money] NULL 
brv_importer,seas,seas,خلاصه فصل‌ها,10,ses_valn,[real],True,False,,[ses_valn] [real] NULL 
brv_importer,seas,seas,خلاصه فصل‌ها,11,ses_nuan,[smallint],True,False,,[ses_nuan] [smallint] NULL 
brv_importer,seas,seas,خلاصه فصل‌ها,12,ses_nura,[smallint],True,False,,[ses_nura] [smallint] NULL 
brv_importer,seas,seas,خلاصه فصل‌ها,13,ses_pcwo,[money],True,False,,[ses_pcwo] [money] NULL 
brv_importer,seas,seas,خلاصه فصل‌ها,14,ses_pcwz,[money],True,False,,[ses_pcwz] [money] NULL 
brv_importer,seas,seas,خلاصه فصل‌ها,15,ses_bloc,[money],True,False,,[ses_bloc] [money] NULL 
brv_importer,seas,seas,خلاصه فصل‌ها,16,ses_bhei,[money],True,False,,[ses_bhei] [money] NULL 
brv_importer,seas,seas,خلاصه فصل‌ها,17,ses_btab,[money],True,False,,[ses_btab] [money] NULL 
brv_importer,seas,seas,خلاصه فصل‌ها,18,ses_bhar,[money],True,False,,[ses_bhar] [money] NULL 
brv_importer,seas,seas,خلاصه فصل‌ها,19,ses_bovh,[money],True,False,,[ses_bovh] [money] NULL 
brv_importer,seas,seas,خلاصه فصل‌ها,20,ses_btjh,[money],True,False,,[ses_btjh] [money] NULL 
brv_importer,seas,seas,خلاصه فصل‌ها,21,ses_pynm,[nvarchar] (255),True,False,,[ses_pynm] [nvarchar] (255) COLLATE Arabic_CI_AS NULL 
brv_importer,seas,seas,خلاصه فصل‌ها,22,ses_pyad,[ntext],True,False,,[ses_pyad] [ntext] COLLATE Arabic_CI_AS NULL 
brv_importer,seas,seas,خلاصه فصل‌ها,23,ses_shnw,[float],True,False,,[ses_shnw] [float] NULL 
brv_importer,seas,seas,خلاصه فصل‌ها,24,ses_shmb,[float],True,False,,[ses_shmb] [float] NULL 
brv_importer,seas,seas,خلاصه فصل‌ها,25,ses_pcfht,[money],True,False,,[ses_pcfht] [money] NULL 
brv_importer,seas,seas,خلاصه فصل‌ها,26,ses_pcsxt,[money],True,False,,[ses_pcsxt] [money] NULL 
brv_importer,seas,seas,خلاصه فصل‌ها,27,ses_pctlt,[money],True,False,,[ses_pctlt] [money] NULL 
brv_importer,seas,seas,خلاصه فصل‌ها,28,ses_pcwot,[money],True,False,,[ses_pcwot] [money] NULL 
brv_importer,seas,seas,خلاصه فصل‌ها,29,ses_pcfzt,[money],True,False,,[ses_pcfzt] [money] NULL 
brv_importer,seas,seas,خلاصه فصل‌ها,30,ses_pcszt,[real],True,False,,[ses_pcszt] [real] NULL 
brv_importer,seas,seas,خلاصه فصل‌ها,31,ses_pctzt,[money],True,False,,[ses_pctzt] [money] NULL 
brv_importer,seas,seas,خلاصه فصل‌ها,32,ses_pcwzt,[money],True,False,,[ses_pcwzt] [money] NULL 
brv_importer,seas,seas,خلاصه فصل‌ها,33,ses_prbv,[nvarchar] (8),True,False,,[ses_prbv] [nvarchar] (8) COLLATE Arabic_CI_AS NULL 
brv_importer,seas,seas,خلاصه فصل‌ها,34,ses_prbvz,[nvarchar] (8),True,False,,[ses_prbvz] [nvarchar] (8) COLLATE Arabic_CI_AS NULL 
brv_importer,seas,seas,خلاصه فصل‌ها,35,ses_prbvtz,[nvarchar] (8),True,False,,[ses_prbvtz] [nvarchar] (8) COLLATE Arabic_CI_AS NULL 
brv_importer,seas,seas,خلاصه فصل‌ها,36,ses_prbvt,[nvarchar] (8),True,False,,[ses_prbvt] [nvarchar] (8) COLLATE Arabic_CI_AS NULL 
brv_importer,seas,seas,خلاصه فصل‌ها,37,ses_przr,[nvarchar] (8),True,False,,[ses_przr] [nvarchar] (8) COLLATE Arabic_CI_AS NULL 
brv_importer,seas,seas,خلاصه فصل‌ها,38,ses_49fh,[money],True,False,,[ses_49fh] [money] NULL 
brv_importer,seas,seas,خلاصه فصل‌ها,39,ses_49as,[money],True,False,,[ses_49as] [money] NULL 
brv_importer,seas,seas,خلاصه فصل‌ها,40,ses_49tl,[money],True,False,,[ses_49tl] [money] NULL 
brv_importer,seas,seas,خلاصه فصل‌ها,41,ses_pcwf,[money],True,False,,[ses_pcwf] [money] NULL 
brv_importer,seas,seas,خلاصه فصل‌ها,42,ses_pcwh,[money],True,False,,[ses_pcwh] [money] NULL 
brv_importer,seas,seas,خلاصه فصل‌ها,43,ses_pyrd,[smallint],True,False,,[ses_pyrd] [smallint] NULL
brv_importer,secu,secu,نامشخص/نیازمند بررسی,1,sec_nuty,[smallint],True,False,,[sec_nuty] [smallint] NULL 
brv_importer,secu,secu,نامشخص/نیازمند بررسی,2,sec_nufh,[tinyint],True,False,,[sec_nufh] [tinyint] NULL 
brv_importer,secu,secu,نامشخص/نیازمند بررسی,3,sec_nusv,[nvarchar] (20),True,False,,[sec_nusv] [nvarchar] (20) COLLATE Arabic_CI_AS NULL 
brv_importer,secu,secu,نامشخص/نیازمند بررسی,4,sec_pass,[nvarchar] (10),True,False,,[sec_pass] [nvarchar] (10) COLLATE Arabic_CI_AS NULL
brv_importer,secu_n,secu,نامشخص/نیازمند بررسی,1,sec_pass,[nvarchar] (10),True,False,,[sec_pass] [nvarchar] (10) COLLATE Arabic_CI_AS NULL
brv_importer,situ,situ,نامشخص/نیازمند بررسی,1,stu_date,[nvarchar] (10),True,False,,[stu_date] [nvarchar] (10) COLLATE Arabic_CI_AS NULL 
brv_importer,situ,situ,نامشخص/نیازمند بررسی,2,stu_wzkh,[tinyint],True,False,,[stu_wzkh] [tinyint] NULL 
brv_importer,situ,situ,نامشخص/نیازمند بررسی,3,stu_trfm,[tinyint],True,False,,[stu_trfm] [tinyint] NULL 
brv_importer,situ,situ,نامشخص/نیازمند بررسی,4,stu_type,[nvarchar] (10),True,False,,[stu_type] [nvarchar] (10) COLLATE Arabic_CI_AS NULL 
brv_importer,situ,situ,نامشخص/نیازمند بررسی,5,stu_tyol,[nvarchar] (10),True,False,,[stu_tyol] [nvarchar] (10) COLLATE Arabic_CI_AS NULL 
brv_importer,situ,situ,نامشخص/نیازمند بررسی,6,stu_daol,[nvarchar] (10),True,False,,[stu_daol] [nvarchar] (10) COLLATE Arabic_CI_AS NULL 
brv_importer,situ,situ,نامشخص/نیازمند بررسی,7,stu_avg,[bit],False,False,,[stu_avg] [bit] NOT NULL 
brv_importer,situ,situ,نامشخص/نیازمند بررسی,8,stu_numb,[nvarchar] (10),True,False,,[stu_numb] [nvarchar] (10) COLLATE Arabic_CI_AS NULL 
brv_importer,situ,situ,نامشخص/نیازمند بررسی,9,stu_nuol,[nvarchar] (10),True,False,,[stu_nuol] [nvarchar] (10) COLLATE Arabic_CI_AS NULL
brv_importer,sorc,sorc,منابع/جمع‌بندی,1,src_grop,[tinyint],True,False,,[src_grop] [tinyint] NULL 
brv_importer,sorc,sorc,منابع/جمع‌بندی,2,src_nufh,[tinyint],True,False,,[src_nufh] [tinyint] NULL 
brv_importer,sorc,sorc,منابع/جمع‌بندی,3,src_codi,[ntext],True,False,,[src_codi] [ntext] COLLATE Arabic_CI_AS NULL 
brv_importer,sorc,sorc,منابع/جمع‌بندی,4,src_unit,[nvarchar] (20),True,False,,[src_unit] [nvarchar] (20) COLLATE Arabic_CI_AS NULL 
brv_importer,sorc,sorc,منابع/جمع‌بندی,5,src_pcun,[money],True,False,,[src_pcun] [money] NULL 
brv_importer,sorc,sorc,منابع/جمع‌بندی,6,src_date,[nvarchar] (8),True,False,,[src_date] [nvarchar] (8) COLLATE Arabic_CI_AS NULL 
brv_importer,sorc,sorc,منابع/جمع‌بندی,7,src_proj,[ntext],True,False,,[src_proj] [ntext] COLLATE Arabic_CI_AS NULL 
brv_importer,sorc,sorc,منابع/جمع‌بندی,8,src_pcal,[money],True,False,,[src_pcal] [money] NULL 
brv_importer,sorc,sorc,منابع/جمع‌بندی,9,src_prcn,[nvarchar] (8),True,False,,[src_prcn] [nvarchar] (8) COLLATE Arabic_CI_AS NULL 
brv_importer,sorc,sorc,منابع/جمع‌بندی,10,src_rad,[int],True,False,,[src_rad] [int] NULL 
brv_importer,sorc,sorc,منابع/جمع‌بندی,11,src_dscr,[ntext],True,False,,[src_dscr] [ntext] COLLATE Arabic_CI_AS NULL 
brv_importer,sorc,sorc,منابع/جمع‌بندی,12,src_quan,[float],True,False,,[src_quan] [float] NULL 
brv_importer,sorc,sorc,منابع/جمع‌بندی,13,src_nuse,[nvarchar] (5),True,False,,[src_nuse] [nvarchar] (5) COLLATE Arabic_CI_AS NULL 
brv_importer,sorc,sorc,منابع/جمع‌بندی,14,src_nmse,[nvarchar] (50),True,False,,[src_nmse] [nvarchar] (50) COLLATE Arabic_CI_AS NULL 
brv_importer,sorc,sorc,منابع/جمع‌بندی,15,src_totl,[bit],False,False,,[src_totl] [bit] NOT NULL 
brv_importer,sorc,sorc,منابع/جمع‌بندی,16,src_identity,[int],False,True,,"[src_identity] [int] IDENTITY (1, 1) NOT NULL"
brv_importer,srch,srch,نامشخص/نیازمند بررسی,1,src_seas,[nvarchar] (30),True,False,,[src_seas] [nvarchar] (30) COLLATE Arabic_CI_AS NULL 
brv_importer,srch,srch,نامشخص/نیازمند بررسی,2,src_senu,[nvarchar] (5),True,False,,[src_senu] [nvarchar] (5) COLLATE Arabic_CI_AS NULL
brv_importer,srrz,srrz,نامشخص/نیازمند بررسی,1,src_rzco,[nvarchar] (8),True,False,,[src_rzco] [nvarchar] (8) COLLATE Arabic_CI_AS NULL 
brv_importer,srrz,srrz,نامشخص/نیازمند بررسی,2,src_rzra,[nvarchar] (10),True,False,,[src_rzra] [nvarchar] (10) COLLATE Arabic_CI_AS NULL 
brv_importer,srrz,srrz,نامشخص/نیازمند بررسی,3,src_rzsh,[nvarchar] (30),True,False,,[src_rzsh] [nvarchar] (30) COLLATE Arabic_CI_AS NULL
brv_importer,titz,titz,نامشخص/نیازمند بررسی,1,tit_plm,[nvarchar] (15),True,False,,[tit_plm] [nvarchar] (15) COLLATE Arabic_CI_AS NULL 
brv_importer,titz,titz,نامشخص/نیازمند بررسی,2,tit_ovh,[nvarchar] (15),True,False,,[tit_ovh] [nvarchar] (15) COLLATE Arabic_CI_AS NULL 
brv_importer,titz,titz,نامشخص/نیازمند بررسی,3,tit_loca,[nvarchar] (15),True,False,,[tit_loca] [nvarchar] (15) COLLATE Arabic_CI_AS NULL 
brv_importer,titz,titz,نامشخص/نیازمند بررسی,4,tit_hed,[nvarchar] (15),True,False,,[tit_hed] [nvarchar] (15) COLLATE Arabic_CI_AS NULL 
brv_importer,titz,titz,نامشخص/نیازمند بررسی,5,tit_tab,[nvarchar] (15),True,False,,[tit_tab] [nvarchar] (15) COLLATE Arabic_CI_AS NULL 
brv_importer,titz,titz,نامشخص/نیازمند بررسی,6,tit_har,[nvarchar] (15),True,False,,[tit_har] [nvarchar] (15) COLLATE Arabic_CI_AS NULL 
brv_importer,titz,titz,نامشخص/نیازمند بررسی,7,tit_zrt,[nvarchar] (15),True,False,,[tit_zrt] [nvarchar] (15) COLLATE Arabic_CI_AS NULL 
brv_importer,titz,titz,نامشخص/نیازمند بررسی,8,tit_cnv,[nvarchar] (15),True,False,,[tit_cnv] [nvarchar] (15) COLLATE Arabic_CI_AS NULL
brv_importer,zrhi,zrhi,نامشخص/نیازمند بررسی,1,zrh_heit,[float],True,False,,[zrh_heit] [float] NULL 
brv_importer,zrhi,zrhi,نامشخص/نیازمند بررسی,2,zrh_taba,[float],True,False,,[zrh_taba] [float] NULL 
brv_importer,zrhi,zrhi,نامشخص/نیازمند بررسی,3,zrh_heio,[float],True,False,,[zrh_heio] [float] NULL
brv_importer,zrtb,zrtb,ضرایب/تجهیز,1,ztb_dscr,[nvarchar] (200),True,False,,[ztb_dscr] [nvarchar] (200) COLLATE Arabic_CI_AS NULL 
brv_importer,zrtb,zrtb,ضرایب/تجهیز,2,ztb_area,[float],True,False,,[ztb_area] [float] NULL 
brv_importer,zrtb,zrtb,ضرایب/تجهیز,3,ztb_rad,[int],True,False,,[ztb_rad] [int] NULL 
brv_importer,zrtb,zrtb,ضرایب/تجهیز,4,ztb_numb,[nvarchar] (3),True,False,,[ztb_numb] [nvarchar] (3) COLLATE Arabic_CI_AS NULL
psn_importer,acti,acti,فعالیت/اکشن,1,act_code,[nvarchar] (4),True,False,,[act_code] [nvarchar] (4) COLLATE Arabic_CI_AS NULL 
psn_importer,acti,acti,فعالیت/اکشن,2,act_name,[nvarchar] (200),True,False,,[act_name] [nvarchar] (200) COLLATE Arabic_CI_AS NULL 
psn_importer,acti,acti,فعالیت/اکشن,3,act_nmla,[nvarchar] (200),True,False,,[act_nmla] [nvarchar] (200) COLLATE Arabic_CI_AS NULL 
psn_importer,acti,acti,فعالیت/اکشن,4,act_rad,[smallint],True,False,,[act_rad] [smallint] NULL 
psn_importer,acti,acti,فعالیت/اکشن,5,act_nufh,[tinyint],True,False,,[act_nufh] [tinyint] NULL 
psn_importer,acti,acti,فعالیت/اکشن,6,act_engl,[ntext],True,False,,[act_engl] [ntext] COLLATE Arabic_CI_AS NULL 
psn_importer,acti,acti,فعالیت/اکشن,7,act_fars,[ntext],True,False,,[act_fars] [ntext] COLLATE Arabic_CI_AS NULL 
psn_importer,acti,acti,فعالیت/اکشن,8,act_unla,[nvarchar] (50),True,False,,[act_unla] [nvarchar] (50) COLLATE Arabic_CI_AS NULL 
psn_importer,acti,acti,فعالیت/اکشن,9,act_unit,[nvarchar] (50),True,False,,[act_unit] [nvarchar] (50) COLLATE Arabic_CI_AS NULL 
psn_importer,acti,acti,فعالیت/اکشن,10,act_type,[smallint],True,False,,[act_type] [smallint] NULL 
psn_importer,acti,acti,فعالیت/اکشن,11,act_mgrp,[nvarchar] (2),True,False,,[act_mgrp] [nvarchar] (2) COLLATE Arabic_CI_AS NULL 
psn_importer,acti,acti,فعالیت/اکشن,12,act_sgrp,[nvarchar] (200),True,False,,[act_sgrp] [nvarchar] (200) COLLATE Arabic_CI_AS NULL 
psn_importer,acti,acti,فعالیت/اکشن,13,act_identity,[int],False,True,,"[act_identity] [int] IDENTITY (1, 1) NOT NULL"
psn_importer,acts,acts,فعالیت‌ها/فهرست فعالیت,1,acs_code,[nvarchar] (4),True,False,,[acs_code] [nvarchar] (4) COLLATE Arabic_CI_AS NULL 
psn_importer,acts,acts,فعالیت‌ها/فهرست فعالیت,2,acs_name,[nvarchar] (200),True,False,,[acs_name] [nvarchar] (200) COLLATE Arabic_CI_AS NULL 
psn_importer,acts,acts,فعالیت‌ها/فهرست فعالیت,3,acs_nmla,[nvarchar] (200),True,False,,[acs_nmla] [nvarchar] (200) COLLATE Arabic_CI_AS NULL 
psn_importer,acts,acts,فعالیت‌ها/فهرست فعالیت,4,acs_rad,[smallint],True,False,,[acs_rad] [smallint] NULL 
psn_importer,acts,acts,فعالیت‌ها/فهرست فعالیت,5,acs_nufh,[tinyint],True,False,,[acs_nufh] [tinyint] NULL 
psn_importer,acts,acts,فعالیت‌ها/فهرست فعالیت,6,acs_engl,[ntext],True,False,,[acs_engl] [ntext] COLLATE Arabic_CI_AS NULL 
psn_importer,acts,acts,فعالیت‌ها/فهرست فعالیت,7,acs_fars,[ntext],True,False,,[acs_fars] [ntext] COLLATE Arabic_CI_AS NULL 
psn_importer,acts,acts,فعالیت‌ها/فهرست فعالیت,8,acs_unla,[nvarchar] (50),True,False,,[acs_unla] [nvarchar] (50) COLLATE Arabic_CI_AS NULL 
psn_importer,acts,acts,فعالیت‌ها/فهرست فعالیت,9,acs_unit,[nvarchar] (50),True,False,,[acs_unit] [nvarchar] (50) COLLATE Arabic_CI_AS NULL 
psn_importer,acts,acts,فعالیت‌ها/فهرست فعالیت,10,acs_quan,[float],True,False,,[acs_quan] [float] NULL 
psn_importer,acts,acts,فعالیت‌ها/فهرست فعالیت,11,acs_qubr,[float],True,False,,[acs_qubr] [float] NULL 
psn_importer,acts,acts,فعالیت‌ها/فهرست فعالیت,12,acs_pcal,[money],True,False,,[acs_pcal] [money] NULL 
psn_importer,acts,acts,فعالیت‌ها/فهرست فعالیت,13,acs_pcab,[money],True,False,,[acs_pcab] [money] NULL 
psn_importer,acts,acts,فعالیت‌ها/فهرست فعالیت,14,acs_pcun,[money],True,False,,[acs_pcun] [money] NULL 
psn_importer,acts,acts,فعالیت‌ها/فهرست فعالیت,15,acs_pcub,[money],True,False,,[acs_pcub] [money] NULL 
psn_importer,acts,acts,فعالیت‌ها/فهرست فعالیت,16,acs_pcup,[money],True,False,,[acs_pcup] [money] NULL 
psn_importer,acts,acts,فعالیت‌ها/فهرست فعالیت,17,acs_pcap,[money],True,False,,[acs_pcap] [money] NULL 
psn_importer,acts,acts,فعالیت‌ها/فهرست فعالیت,18,acs_mgrp,[nvarchar] (2),True,False,,[acs_mgrp] [nvarchar] (2) COLLATE Arabic_CI_AS NULL 
psn_importer,acts,acts,فعالیت‌ها/فهرست فعالیت,19,acs_sgrp,[nvarchar] (200),True,False,,[acs_sgrp] [nvarchar] (200) COLLATE Arabic_CI_AS NULL 
psn_importer,acts,acts,فعالیت‌ها/فهرست فعالیت,20,acs_przc,[float],True,False,,[acs_przc] [float] NULL 
psn_importer,acts,acts,فعالیت‌ها/فهرست فعالیت,21,acs_prac,[float],True,False,,[acs_prac] [float] NULL 
psn_importer,acts,acts,فعالیت‌ها/فهرست فعالیت,22,acs_pdzc,[float],True,False,,[acs_pdzc] [float] NULL 
psn_importer,acts,acts,فعالیت‌ها/فهرست فعالیت,23,acs_pdac,[float],True,False,,[acs_pdac] [float] NULL 
psn_importer,acts,acts,فعالیت‌ها/فهرست فعالیت,24,acs_identity,[int],False,True,,"[acs_identity] [int] IDENTITY (1, 1) NOT NULL"
psn_importer,ahta,ahta,تعدیل/آحاد,1,ata_nufh,[tinyint],True,False,,[ata_nufh] [tinyint] NULL 
psn_importer,ahta,ahta,تعدیل/آحاد,2,ata_nuse,[nvarchar] (5),True,False,,[ata_nuse] [nvarchar] (5) COLLATE Arabic_CI_AS NULL 
psn_importer,ahta,ahta,تعدیل/آحاد,3,ata_name,[nvarchar] (50),True,False,,[ata_name] [nvarchar] (50) COLLATE Arabic_CI_AS NULL 
psn_importer,ahta,ahta,تعدیل/آحاد,4,ata_pcnw,[money],True,False,,[ata_pcnw] [money] NULL 
psn_importer,ahta,ahta,تعدیل/آحاد,5,ata_pcol,[money],True,False,,[ata_pcol] [money] NULL 
psn_importer,ahta,ahta,تعدیل/آحاد,6,ata_pcdf,[money],True,False,,[ata_pcdf] [money] NULL 
psn_importer,ahta,ahta,تعدیل/آحاد,7,ata_tiwk,[smallint],True,False,,[ata_tiwk] [smallint] NULL 
psn_importer,ahta,ahta,تعدیل/آحاد,8,ata_tipd,[smallint],True,False,,[ata_tipd] [smallint] NULL 
psn_importer,ahta,ahta,تعدیل/آحاد,9,ata_pcwp,[money],True,False,,[ata_pcwp] [money] NULL 
psn_importer,ahta,ahta,تعدیل/آحاد,10,ata_pcta,[money],True,False,,[ata_pcta] [money] NULL 
psn_importer,ahta,ahta,تعدیل/آحاد,11,ata_inrd,[tinyint],True,False,,[ata_inrd] [tinyint] NULL 
psn_importer,ahta,ahta,تعدیل/آحاد,12,ata_nuty,[tinyint],True,False,,[ata_nuty] [tinyint] NULL 
psn_importer,ahta,ahta,تعدیل/آحاد,13,ata_pcnz,[money],True,False,,[ata_pcnz] [money] NULL 
psn_importer,ahta,ahta,تعدیل/آحاد,14,ata_pcoz,[money],True,False,,[ata_pcoz] [money] NULL 
psn_importer,ahta,ahta,تعدیل/آحاد,15,ata_pcdz,[money],True,False,,[ata_pcdz] [money] NULL 
psn_importer,ahta,ahta,تعدیل/آحاد,16,ata_pcwz,[money],True,False,,[ata_pcwz] [money] NULL 
psn_importer,ahta,ahta,تعدیل/آحاد,17,ata_pctz,[money],True,False,,[ata_pctz] [money] NULL 
psn_importer,ahta,ahta,تعدیل/آحاد,18,ata_valn,[real],True,False,,[ata_valn] [real] NULL 
psn_importer,ahta,ahta,تعدیل/آحاد,19,ata_pctj,[money],True,False,,[ata_pctj] [money] NULL 
psn_importer,ahta,ahta,تعدیل/آحاد,20,ata_nusv,[nvarchar] (10),True,False,,[ata_nusv] [nvarchar] (10) COLLATE Arabic_CI_AS NULL 
psn_importer,ahta,ahta,تعدیل/آحاد,21,ata_pcnwj,[money],True,False,,[ata_pcnwj] [money] NULL 
psn_importer,ahta,ahta,تعدیل/آحاد,22,ata_pcolj,[money],True,False,,[ata_pcolj] [money] NULL 
psn_importer,ahta,ahta,تعدیل/آحاد,23,ata_pcdfj,[money],True,False,,[ata_pcdfj] [money] NULL 
psn_importer,ahta,ahta,تعدیل/آحاد,24,ata_pcnzj,[money],True,False,,[ata_pcnzj] [money] NULL 
psn_importer,ahta,ahta,تعدیل/آحاد,25,ata_pcozj,[money],True,False,,[ata_pcozj] [money] NULL 
psn_importer,ahta,ahta,تعدیل/آحاد,26,ata_pcdzj,[money],True,False,,[ata_pcdzj] [money] NULL 
psn_importer,ahta,ahta,تعدیل/آحاد,27,ata_prio,[nvarchar] (20),True,False,,[ata_prio] [nvarchar] (20) COLLATE Arabic_CI_AS NULL 
psn_importer,ahta,ahta,تعدیل/آحاد,28,ata_lpv,[bit],False,False,,[ata_lpv] [bit] NOT NULL 
psn_importer,ahta,ahta,تعدیل/آحاد,29,ata_nutn,[tinyint],True,False,,[ata_nutn] [tinyint] NULL 
psn_importer,ahta,ahta,تعدیل/آحاد,30,ata_new,[nvarchar] (50),True,False,,[ata_new] [nvarchar] (50) COLLATE Arabic_CI_AS NULL 
psn_importer,ahta,ahta,تعدیل/آحاد,31,ata_prka,[nvarchar] (7),True,False,,[ata_prka] [nvarchar] (7) COLLATE Arabic_CI_AS NULL 
psn_importer,ahta,ahta,تعدیل/آحاد,32,ata_shnw,[float],True,False,,[ata_shnw] [float] NULL 
psn_importer,ahta,ahta,تعدیل/آحاد,33,ata_shbs,[float],True,False,,[ata_shbs] [float] NULL 
psn_importer,ahta,ahta,تعدیل/آحاد,34,ata_zrta,[float],True,False,,[ata_zrta] [float] NULL
psn_importer,bgml,bgml,برگه مالی,1,bgm_cofh,[nvarchar] (8),True,False,,[bgm_cofh] [nvarchar] (8) COLLATE Arabic_CI_AS NULL 
psn_importer,bgml,bgml,برگه مالی,2,bgm_desc,[ntext],True,False,,[bgm_desc] [ntext] COLLATE Arabic_CI_AS NULL 
psn_importer,bgml,bgml,برگه مالی,3,bgm_pcun,[money],True,False,,[bgm_pcun] [money] NULL 
psn_importer,bgml,bgml,برگه مالی,4,bgm_pcal,[money],True,False,,[bgm_pcal] [money] NULL 
psn_importer,bgml,bgml,برگه مالی,5,bgm_pcst,[money],True,False,,[bgm_pcst] [money] NULL 
psn_importer,bgml,bgml,برگه مالی,6,bgm_rad,[smallint],True,False,,[bgm_rad] [smallint] NULL 
psn_importer,bgml,bgml,برگه مالی,7,bgm_nuse,[nvarchar] (5),True,False,,[bgm_nuse] [nvarchar] (5) COLLATE Arabic_CI_AS NULL 
psn_importer,bgml,bgml,برگه مالی,8,bgm_nmse,[nvarchar] (40),True,False,,[bgm_nmse] [nvarchar] (40) COLLATE Arabic_CI_AS NULL 
psn_importer,bgml,bgml,برگه مالی,9,bgm_nufh,[tinyint],True,False,,[bgm_nufh] [tinyint] NULL 
psn_importer,bgml,bgml,برگه مالی,10,bgm_unit,[nvarchar] (20),True,False,,[bgm_unit] [nvarchar] (20) COLLATE Arabic_CI_AS NULL 
psn_importer,bgml,bgml,برگه مالی,11,bgm_astr,[nvarchar] (1),True,False,,[bgm_astr] [nvarchar] (1) COLLATE Arabic_CI_AS NULL 
psn_importer,bgml,bgml,برگه مالی,12,bgm_prenu,[money],True,False,,[bgm_prenu] [money] NULL 
psn_importer,bgml,bgml,برگه مالی,13,bgm_prent,[money],True,False,,[bgm_prent] [money] NULL 
psn_importer,bgml,bgml,برگه مالی,14,bgm_pcup,[money],True,False,,[bgm_pcup] [money] NULL 
psn_importer,bgml,bgml,برگه مالی,15,bgm_pcap,[money],True,False,,[bgm_pcap] [money] NULL 
psn_importer,bgml,bgml,برگه مالی,16,bgm_przr,[nvarchar] (6),True,False,,[bgm_przr] [nvarchar] (6) COLLATE Arabic_CI_AS NULL 
psn_importer,bgml,bgml,برگه مالی,17,bgm_radj,[smallint],True,False,,[bgm_radj] [smallint] NULL 
psn_importer,bgml,bgml,برگه مالی,18,bgm_valn,[real],True,False,,[bgm_valn] [real] NULL 
psn_importer,bgml,bgml,برگه مالی,19,bgm_quzr,[nvarchar] (20),True,False,,[bgm_quzr] [nvarchar] (20) COLLATE Arabic_CI_AS NULL 
psn_importer,bgml,bgml,برگه مالی,20,bgm_pczr,[nvarchar] (20),True,False,,[bgm_pczr] [nvarchar] (20) COLLATE Arabic_CI_AS NULL 
psn_importer,bgml,bgml,برگه مالی,21,bgm_mbgh,[nvarchar] (1),True,False,,[bgm_mbgh] [nvarchar] (1) COLLATE Arabic_CI_AS NULL 
psn_importer,bgml,bgml,برگه مالی,22,bgm_coad,[ntext],True,False,,[bgm_coad] [ntext] COLLATE Arabic_CI_AS NULL 
psn_importer,bgml,bgml,برگه مالی,23,bgm_dsad,[nvarchar] (200),True,False,,[bgm_dsad] [nvarchar] (200) COLLATE Arabic_CI_AS NULL 
psn_importer,bgml,bgml,برگه مالی,24,bgm_pyad,[ntext],True,False,,[bgm_pyad] [ntext] COLLATE Arabic_CI_AS NULL 
psn_importer,bgml,bgml,برگه مالی,25,bgm_pynm,[nvarchar] (255),True,False,,[bgm_pynm] [nvarchar] (255) COLLATE Arabic_CI_AS NULL 
psn_importer,bgml,bgml,برگه مالی,26,bgm_edi,[bit],False,False,,[bgm_edi] [bit] NOT NULL 
psn_importer,bgml,bgml,برگه مالی,27,bgm_abst,[ntext],True,False,,[bgm_abst] [ntext] COLLATE Arabic_CI_AS NULL 
psn_importer,bgml,bgml,برگه مالی,28,bgm_fmul,[nvarchar] (100),True,False,,[bgm_fmul] [nvarchar] (100) COLLATE Arabic_CI_AS NULL 
psn_importer,bgml,bgml,برگه مالی,29,bgm_pcuf,[money],True,False,,[bgm_pcuf] [money] NULL 
psn_importer,bgml,bgml,برگه مالی,30,bgm_pcaf,[money],True,False,,[bgm_pcaf] [money] NULL 
psn_importer,bgml,bgml,برگه مالی,31,bgm_przf,[nvarchar] (8),True,False,,[bgm_przf] [nvarchar] (8) COLLATE Arabic_CI_AS NULL 
psn_importer,bgml,bgml,برگه مالی,32,bgm_swf2,[bit],False,False,,[bgm_swf2] [bit] NOT NULL 
psn_importer,bgml,bgml,برگه مالی,33,bgm_dscf,[ntext],True,False,,[bgm_dscf] [ntext] COLLATE Arabic_CI_AS NULL 
psn_importer,bgml,bgml,برگه مالی,34,bgm_coda,[nvarchar] (8),True,False,,[bgm_coda] [nvarchar] (8) COLLATE Arabic_CI_AS NULL 
psn_importer,bgml,bgml,برگه مالی,35,bgm_quan,[float],True,False,,[bgm_quan] [float] NULL 
psn_importer,bgml,bgml,برگه مالی,36,bgm_qust,[float],True,False,,[bgm_qust] [float] NULL 
psn_importer,bgml,bgml,برگه مالی,37,bgm_prcn,[float],True,False,,[bgm_prcn] [float] NULL 
psn_importer,bgml,bgml,برگه مالی,38,bgm_prce,[float],True,False,,[bgm_prce] [float] NULL 
psn_importer,bgml,bgml,برگه مالی,39,bgm_shnw,[float],True,False,,[bgm_shnw] [float] NULL 
psn_importer,bgml,bgml,برگه مالی,40,bgm_shmb,[float],True,False,,[bgm_shmb] [float] NULL 
psn_importer,bgml,bgml,برگه مالی,41,bgm_tdil,[float],True,False,,[bgm_tdil] [float] NULL 
psn_importer,bgml,bgml,برگه مالی,42,bgm_notd,[bit],False,False,,[bgm_notd] [bit] NOT NULL 
psn_importer,bgml,bgml,برگه مالی,43,bgm_pszr,[nvarchar] (20),True,False,,[bgm_pszr] [nvarchar] (20) COLLATE Arabic_CI_AS NULL 
psn_importer,bgml,bgml,برگه مالی,44,bgm_pcafp,[money],True,False,,[bgm_pcafp] [money] NULL 
psn_importer,bgml,bgml,برگه مالی,45,bgm_anaz,[bit],False,False,,[bgm_anaz] [bit] NOT NULL 
psn_importer,bgml,bgml,برگه مالی,46,bgm_identity,[int],False,True,,"[bgm_identity] [int] IDENTITY (1, 1) NOT NULL "
psn_importer,bgml,bgml,برگه مالی,47,bgm_mora,[smallint],True,False,,[bgm_mora] [smallint] NULL
psn_importer,bmac,bmac,پایه/ماشین‌آلات?,1,bgm_cofh,[nvarchar] (8),True,False,,[bgm_cofh] [nvarchar] (8) COLLATE Arabic_CI_AS NULL 
psn_importer,bmac,bmac,پایه/ماشین‌آلات?,2,bgm_desc,[ntext],True,False,,[bgm_desc] [ntext] COLLATE Arabic_CI_AS NULL 
psn_importer,bmac,bmac,پایه/ماشین‌آلات?,3,bgm_pcun,[money],True,False,,[bgm_pcun] [money] NULL 
psn_importer,bmac,bmac,پایه/ماشین‌آلات?,4,bgm_pcal,[money],True,False,,[bgm_pcal] [money] NULL 
psn_importer,bmac,bmac,پایه/ماشین‌آلات?,5,bgm_pcst,[money],True,False,,[bgm_pcst] [money] NULL 
psn_importer,bmac,bmac,پایه/ماشین‌آلات?,6,bgm_rad,[smallint],True,False,,[bgm_rad] [smallint] NULL 
psn_importer,bmac,bmac,پایه/ماشین‌آلات?,7,bgm_nuse,[nvarchar] (5),True,False,,[bgm_nuse] [nvarchar] (5) COLLATE Arabic_CI_AS NULL 
psn_importer,bmac,bmac,پایه/ماشین‌آلات?,8,bgm_nmse,[nvarchar] (40),True,False,,[bgm_nmse] [nvarchar] (40) COLLATE Arabic_CI_AS NULL 
psn_importer,bmac,bmac,پایه/ماشین‌آلات?,9,bgm_nufh,[tinyint],True,False,,[bgm_nufh] [tinyint] NULL 
psn_importer,bmac,bmac,پایه/ماشین‌آلات?,10,bgm_unit,[nvarchar] (20),True,False,,[bgm_unit] [nvarchar] (20) COLLATE Arabic_CI_AS NULL 
psn_importer,bmac,bmac,پایه/ماشین‌آلات?,11,bgm_astr,[nvarchar] (1),True,False,,[bgm_astr] [nvarchar] (1) COLLATE Arabic_CI_AS NULL 
psn_importer,bmac,bmac,پایه/ماشین‌آلات?,12,bgm_prenu,[money],True,False,,[bgm_prenu] [money] NULL 
psn_importer,bmac,bmac,پایه/ماشین‌آلات?,13,bgm_prent,[money],True,False,,[bgm_prent] [money] NULL 
psn_importer,bmac,bmac,پایه/ماشین‌آلات?,14,bgm_pcup,[money],True,False,,[bgm_pcup] [money] NULL 
psn_importer,bmac,bmac,پایه/ماشین‌آلات?,15,bgm_pcap,[money],True,False,,[bgm_pcap] [money] NULL 
psn_importer,bmac,bmac,پایه/ماشین‌آلات?,16,bgm_przr,[nvarchar] (6),True,False,,[bgm_przr] [nvarchar] (6) COLLATE Arabic_CI_AS NULL 
psn_importer,bmac,bmac,پایه/ماشین‌آلات?,17,bgm_radj,[smallint],True,False,,[bgm_radj] [smallint] NULL 
psn_importer,bmac,bmac,پایه/ماشین‌آلات?,18,bgm_valn,[real],True,False,,[bgm_valn] [real] NULL 
psn_importer,bmac,bmac,پایه/ماشین‌آلات?,19,bgm_quzr,[nvarchar] (20),True,False,,[bgm_quzr] [nvarchar] (20) COLLATE Arabic_CI_AS NULL 
psn_importer,bmac,bmac,پایه/ماشین‌آلات?,20,bgm_pczr,[nvarchar] (20),True,False,,[bgm_pczr] [nvarchar] (20) COLLATE Arabic_CI_AS NULL 
psn_importer,bmac,bmac,پایه/ماشین‌آلات?,21,bgm_mbgh,[nvarchar] (1),True,False,,[bgm_mbgh] [nvarchar] (1) COLLATE Arabic_CI_AS NULL 
psn_importer,bmac,bmac,پایه/ماشین‌آلات?,22,bgm_coad,[ntext],True,False,,[bgm_coad] [ntext] COLLATE Arabic_CI_AS NULL 
psn_importer,bmac,bmac,پایه/ماشین‌آلات?,23,bgm_dsad,[nvarchar] (200),True,False,,[bgm_dsad] [nvarchar] (200) COLLATE Arabic_CI_AS NULL 
psn_importer,bmac,bmac,پایه/ماشین‌آلات?,24,bgm_pyad,[ntext],True,False,,[bgm_pyad] [ntext] COLLATE Arabic_CI_AS NULL 
psn_importer,bmac,bmac,پایه/ماشین‌آلات?,25,bgm_pynm,[nvarchar] (255),True,False,,[bgm_pynm] [nvarchar] (255) COLLATE Arabic_CI_AS NULL 
psn_importer,bmac,bmac,پایه/ماشین‌آلات?,26,bgm_edi,[bit],False,False,,[bgm_edi] [bit] NOT NULL 
psn_importer,bmac,bmac,پایه/ماشین‌آلات?,27,bgm_abst,[ntext],True,False,,[bgm_abst] [ntext] COLLATE Arabic_CI_AS NULL 
psn_importer,bmac,bmac,پایه/ماشین‌آلات?,28,bgm_fmul,[nvarchar] (100),True,False,,[bgm_fmul] [nvarchar] (100) COLLATE Arabic_CI_AS NULL 
psn_importer,bmac,bmac,پایه/ماشین‌آلات?,29,bgm_pcuf,[money],True,False,,[bgm_pcuf] [money] NULL 
psn_importer,bmac,bmac,پایه/ماشین‌آلات?,30,bgm_pcaf,[money],True,False,,[bgm_pcaf] [money] NULL 
psn_importer,bmac,bmac,پایه/ماشین‌آلات?,31,bgm_przf,[nvarchar] (8),True,False,,[bgm_przf] [nvarchar] (8) COLLATE Arabic_CI_AS NULL 
psn_importer,bmac,bmac,پایه/ماشین‌آلات?,32,bgm_swf2,[bit],False,False,,[bgm_swf2] [bit] NOT NULL 
psn_importer,bmac,bmac,پایه/ماشین‌آلات?,33,bgm_dscf,[ntext],True,False,,[bgm_dscf] [ntext] COLLATE Arabic_CI_AS NULL 
psn_importer,bmac,bmac,پایه/ماشین‌آلات?,34,bgm_coda,[nvarchar] (8),True,False,,[bgm_coda] [nvarchar] (8) COLLATE Arabic_CI_AS NULL 
psn_importer,bmac,bmac,پایه/ماشین‌آلات?,35,bgm_quan,[float],True,False,,[bgm_quan] [float] NULL 
psn_importer,bmac,bmac,پایه/ماشین‌آلات?,36,bgm_qust,[float],True,False,,[bgm_qust] [float] NULL 
psn_importer,bmac,bmac,پایه/ماشین‌آلات?,37,bgm_prcn,[float],True,False,,[bgm_prcn] [float] NULL 
psn_importer,bmac,bmac,پایه/ماشین‌آلات?,38,bgm_prce,[float],True,False,,[bgm_prce] [float] NULL 
psn_importer,bmac,bmac,پایه/ماشین‌آلات?,39,bgm_shnw,[float],True,False,,[bgm_shnw] [float] NULL 
psn_importer,bmac,bmac,پایه/ماشین‌آلات?,40,bgm_shmb,[float],True,False,,[bgm_shmb] [float] NULL 
psn_importer,bmac,bmac,پایه/ماشین‌آلات?,41,bgm_tdil,[float],True,False,,[bgm_tdil] [float] NULL 
psn_importer,bmac,bmac,پایه/ماشین‌آلات?,42,bgm_notd,[bit],False,False,,[bgm_notd] [bit] NOT NULL 
psn_importer,bmac,bmac,پایه/ماشین‌آلات?,43,bgm_pszr,[nvarchar] (20),True,False,,[bgm_pszr] [nvarchar] (20) COLLATE Arabic_CI_AS NULL 
psn_importer,bmac,bmac,پایه/ماشین‌آلات?,44,bgm_pcafp,[money],True,False,,[bgm_pcafp] [money] NULL 
psn_importer,bmac,bmac,پایه/ماشین‌آلات?,45,bgm_coac,[nvarchar] (4),True,False,,[bgm_coac] [nvarchar] (4) COLLATE Arabic_CI_AS NULL 
psn_importer,bmac,bmac,پایه/ماشین‌آلات?,46,bgm_shac,[nvarchar] (200),True,False,,[bgm_shac] [nvarchar] (200) COLLATE Arabic_CI_AS NULL 
psn_importer,bmac,bmac,پایه/ماشین‌آلات?,47,bgm_anaz,[bit],False,False,,[bgm_anaz] [bit] NOT NULL 
psn_importer,bmac,bmac,پایه/ماشین‌آلات?,48,bgm_mgrp,[nvarchar] (2),True,False,,[bgm_mgrp] [nvarchar] (2) COLLATE Arabic_CI_AS NULL 
psn_importer,bmac,bmac,پایه/ماشین‌آلات?,49,bgm_sgrp,[nvarchar] (200),True,False,,[bgm_sgrp] [nvarchar] (200) COLLATE Arabic_CI_AS NULL 
psn_importer,bmac,bmac,پایه/ماشین‌آلات?,50,bgm_prcb,[float],True,False,,[bgm_prcb] [float] NULL 
psn_importer,bmac,bmac,پایه/ماشین‌آلات?,51,bgm_prcf,[float],True,False,,[bgm_prcf] [float] NULL 
psn_importer,bmac,bmac,پایه/ماشین‌آلات?,52,bgm_spzf,[float],True,False,,[bgm_spzf] [float] NULL 
psn_importer,bmac,bmac,پایه/ماشین‌آلات?,53,bgm_spff,[float],True,False,,[bgm_spff] [float] NULL 
psn_importer,bmac,bmac,پایه/ماشین‌آلات?,54,bgm_identity,[int],False,True,,"[bgm_identity] [int] IDENTITY (1, 1) NOT NULL "
psn_importer,bmac,bmac,پایه/ماشین‌آلات?,55,bgm_mora,[smallint],True,False,,[bgm_mora] [smallint] NULL
psn_importer,contract,contract,قرارداد/پروژه,1,ctc_nmpj,[nvarchar] (50),True,False,,[ctc_nmpj] [nvarchar] (50) COLLATE Arabic_CI_AS NULL 
psn_importer,contract,contract,قرارداد/پروژه,2,ctc_nmcs,[nvarchar] (50),True,False,,[ctc_nmcs] [nvarchar] (50) COLLATE Arabic_CI_AS NULL 
psn_importer,contract,contract,قرارداد/پروژه,3,ctc_nmct,[nvarchar] (50),True,False,,[ctc_nmct] [nvarchar] (50) COLLATE Arabic_CI_AS NULL 
psn_importer,contract,contract,قرارداد/پروژه,4,ctc_nmci,[nvarchar] (50),True,False,,[ctc_nmci] [nvarchar] (50) COLLATE Arabic_CI_AS NULL 
psn_importer,contract,contract,قرارداد/پروژه,5,ctc_yrfh,[smallint],True,False,,[ctc_yrfh] [smallint] NULL 
psn_importer,contract,contract,قرارداد/پروژه,6,ctc_tdil,[bit],False,False,,[ctc_tdil] [bit] NOT NULL 
psn_importer,contract,contract,قرارداد/پروژه,7,ctc_prbs,[nvarchar] (5),True,False,,[ctc_prbs] [nvarchar] (5) COLLATE Arabic_CI_AS NULL 
psn_importer,contract,contract,قرارداد/پروژه,8,ctc_prja,[nvarchar] (5),True,False,,[ctc_prja] [nvarchar] (5) COLLATE Arabic_CI_AS NULL 
psn_importer,contract,contract,قرارداد/پروژه,9,ctc_yrbd,[smallint],True,False,,[ctc_yrbd] [smallint] NULL 
psn_importer,contract,contract,قرارداد/پروژه,10,ctc_yrja,[smallint],True,False,,[ctc_yrja] [smallint] NULL 
psn_importer,contract,contract,قرارداد/پروژه,11,ctc_onta,[nvarchar] (50),True,False,,[ctc_onta] [nvarchar] (50) COLLATE Arabic_CI_AS NULL 
psn_importer,contract,contract,قرارداد/پروژه,12,ctc_onpj,[nvarchar] (50),True,False,,[ctc_onpj] [nvarchar] (50) COLLATE Arabic_CI_AS NULL 
psn_importer,contract,contract,قرارداد/پروژه,13,ctc_tdnr,[bit],False,False,,[ctc_tdnr] [bit] NOT NULL 
psn_importer,contract,contract,قرارداد/پروژه,14,ctc_sand,[nvarchar] (50),True,False,,[ctc_sand] [nvarchar] (50) COLLATE Arabic_CI_AS NULL 
psn_importer,contract,contract,قرارداد/پروژه,15,ctc_madk,[nvarchar] (50),True,False,,[ctc_madk] [nvarchar] (50) COLLATE Arabic_CI_AS NULL
psn_importer,dstn,dstn,فاصله/حمل,1,dsn_sumj,[money],True,False,,[dsn_sumj] [money] NULL 
psn_importer,dstn,dstn,فاصله/حمل,2,dsn_nufh,[tinyint],True,False,,[dsn_nufh] [tinyint] NULL 
psn_importer,dstn,dstn,فاصله/حمل,3,dsn_grop,[nvarchar] (20),True,False,,[dsn_grop] [nvarchar] (20) COLLATE Arabic_CI_AS NULL 
psn_importer,dstn,dstn,فاصله/حمل,4,dsn_dstn,[float],True,False,,[dsn_dstn] [float] NULL 
psn_importer,dstn,dstn,فاصله/حمل,5,dsn_suds,[float],True,False,,[dsn_suds] [float] NULL
psn_importer,dstn2,dstn2,نامشخص/نیازمند بررسی,1,ds2_curr,[tinyint],True,False,,[ds2_curr] [tinyint] NULL 
psn_importer,dstn2,dstn2,نامشخص/نیازمند بررسی,2,ds2_nufh,[tinyint],True,False,,[ds2_nufh] [tinyint] NULL 
psn_importer,dstn2,dstn2,نامشخص/نیازمند بررسی,3,ds2_grop,[nvarchar] (20),True,False,,[ds2_grop] [nvarchar] (20) COLLATE Arabic_CI_AS NULL 
psn_importer,dstn2,dstn2,نامشخص/نیازمند بررسی,4,ds2_cofh,[nvarchar] (8),True,False,,[ds2_cofh] [nvarchar] (8) COLLATE Arabic_CI_AS NULL 
psn_importer,dstn2,dstn2,نامشخص/نیازمند بررسی,5,ds2_frkm,[float],True,False,,[ds2_frkm] [float] NULL 
psn_importer,dstn2,dstn2,نامشخص/نیازمند بررسی,6,ds2_tokm,[float],True,False,,[ds2_tokm] [float] NULL 
psn_importer,dstn2,dstn2,نامشخص/نیازمند بررسی,7,ds2_zrib,[float],True,False,,[ds2_zrib] [float] NULL 
psn_importer,dstn2,dstn2,نامشخص/نیازمند بررسی,8,ds2_sumi,[float],True,False,,[ds2_sumi] [float] NULL 
psn_importer,dstn2,dstn2,نامشخص/نیازمند بررسی,9,ds2_sumt,[float],True,False,,[ds2_sumt] [float] NULL 
psn_importer,dstn2,dstn2,نامشخص/نیازمند بررسی,10,ds2_suti,[float],True,False,,[ds2_suti] [float] NULL
psn_importer,dstn2c,dstn2c,نامشخص/نیازمند بررسی,1,ds2_curr,[tinyint],True,False,,[ds2_curr] [tinyint] NULL 
psn_importer,dstn2c,dstn2c,نامشخص/نیازمند بررسی,2,ds2_nufh,[tinyint],True,False,,[ds2_nufh] [tinyint] NULL 
psn_importer,dstn2c,dstn2c,نامشخص/نیازمند بررسی,3,ds2_grop,[nvarchar] (20),True,False,,[ds2_grop] [nvarchar] (20) COLLATE Arabic_CI_AS NULL 
psn_importer,dstn2c,dstn2c,نامشخص/نیازمند بررسی,4,ds2_cofh,[nvarchar] (8),True,False,,[ds2_cofh] [nvarchar] (8) COLLATE Arabic_CI_AS NULL 
psn_importer,dstn2c,dstn2c,نامشخص/نیازمند بررسی,5,ds2_frkm,[float],True,False,,[ds2_frkm] [float] NULL 
psn_importer,dstn2c,dstn2c,نامشخص/نیازمند بررسی,6,ds2_tokm,[float],True,False,,[ds2_tokm] [float] NULL 
psn_importer,dstn2c,dstn2c,نامشخص/نیازمند بررسی,7,ds2_zrib,[float],True,False,,[ds2_zrib] [float] NULL 
psn_importer,dstn2c,dstn2c,نامشخص/نیازمند بررسی,8,ds2_sumi,[float],True,False,,[ds2_sumi] [float] NULL 
psn_importer,dstn2c,dstn2c,نامشخص/نیازمند بررسی,9,ds2_suti,[float],True,False,,[ds2_suti] [float] NULL 
psn_importer,dstn2c,dstn2c,نامشخص/نیازمند بررسی,10,ds2_sumt,[float],True,False,,[ds2_sumt] [float] NULL 
psn_importer,dstn2c,dstn2c,نامشخص/نیازمند بررسی,11,ds2_sumj,[float],True,False,,[ds2_sumj] [float] NULL
psn_importer,fhbh,fhbh,فهرست‌بها/ردیف,1,fbh_code,[nvarchar] (8),True,False,,[fbh_code] [nvarchar] (8) COLLATE Arabic_CI_AS NULL 
psn_importer,fhbh,fhbh,فهرست‌بها/ردیف,2,fbh_desc,[ntext],True,False,,[fbh_desc] [ntext] COLLATE Arabic_CI_AS NULL 
psn_importer,fhbh,fhbh,فهرست‌بها/ردیف,3,fbh_unit,[nvarchar] (20),True,False,,[fbh_unit] [nvarchar] (20) COLLATE Arabic_CI_AS NULL 
psn_importer,fhbh,fhbh,فهرست‌بها/ردیف,4,fbh_pcun,[money],True,False,,[fbh_pcun] [money] NULL 
psn_importer,fhbh,fhbh,فهرست‌بها/ردیف,5,fbh_nuse,[nvarchar] (5),True,False,,[fbh_nuse] [nvarchar] (5) COLLATE Arabic_CI_AS NULL 
psn_importer,fhbh,fhbh,فهرست‌بها/ردیف,6,fbh_nufh,[tinyint],True,False,,[fbh_nufh] [tinyint] NULL 
psn_importer,fhbh,fhbh,فهرست‌بها/ردیف,7,fbh_astr,[nvarchar] (1),True,False,,[fbh_astr] [nvarchar] (1) COLLATE Arabic_CI_AS NULL 
psn_importer,fhbh,fhbh,فهرست‌بها/ردیف,8,fbh_nmse,[nvarchar] (50),True,False,,[fbh_nmse] [nvarchar] (50) COLLATE Arabic_CI_AS NULL 
psn_importer,fhbh,fhbh,فهرست‌بها/ردیف,9,fbh_rad,[smallint],True,False,,[fbh_rad] [smallint] NULL 
psn_importer,fhbh,fhbh,فهرست‌بها/ردیف,10,fbh_abst,[ntext],True,False,,[fbh_abst] [ntext] COLLATE Arabic_CI_AS NULL 
psn_importer,fhbh,fhbh,فهرست‌بها/ردیف,11,fbh_pcup,[money],True,False,,[fbh_pcup] [money] NULL 
psn_importer,fhbh,fhbh,فهرست‌بها/ردیف,12,fbh_coad,[ntext],True,False,,[fbh_coad] [ntext] COLLATE Arabic_CI_AS NULL 
psn_importer,fhbh,fhbh,فهرست‌بها/ردیف,13,fbh_tyun,[nvarchar] (30),True,False,,[fbh_tyun] [nvarchar] (30) COLLATE Arabic_CI_AS NULL 
psn_importer,fhbh,fhbh,فهرست‌بها/ردیف,14,fbh_mbgh,[nvarchar] (1),True,False,,[fbh_mbgh] [nvarchar] (1) COLLATE Arabic_CI_AS NULL 
psn_importer,fhbh,fhbh,فهرست‌بها/ردیف,15,fbh_dsad,[nvarchar] (200),True,False,,[fbh_dsad] [nvarchar] (200) COLLATE Arabic_CI_AS NULL 
psn_importer,fhbh,fhbh,فهرست‌بها/ردیف,16,fbh_identity,[int],False,True,,"[fbh_identity] [int] IDENTITY (1, 1) NOT NULL"
psn_importer,fhpy,fhpy,فهرست پیمان/فصل‌بندی,1,fhy_name,[nvarchar] (25),True,False,,[fhy_name] [nvarchar] (25) COLLATE Arabic_CI_AS NULL 
psn_importer,fhpy,fhpy,فهرست پیمان/فصل‌بندی,2,fhy_code,[tinyint],True,False,,[fhy_code] [tinyint] NULL 
psn_importer,fhpy,fhpy,فهرست پیمان/فصل‌بندی,3,fhy_swpy,[bit],False,False,,[fhy_swpy] [bit] NOT NULL 
psn_importer,fhpy,fhpy,فهرست پیمان/فصل‌بندی,4,fhp_identity,[int],False,True,,"[fhp_identity] [int] IDENTITY (1, 1) NOT NULL"
psn_importer,fspy,fspy,فصل/صورتجلسه/پیشنهاد,1,fsp_numb,[nvarchar] (20),True,False,,[fsp_numb] [nvarchar] (20) COLLATE Arabic_CI_AS NULL 
psn_importer,fspy,fspy,فصل/صورتجلسه/پیشنهاد,2,fsp_date,[nvarchar] (10),True,False,,[fsp_date] [nvarchar] (10) COLLATE Arabic_CI_AS NULL 
psn_importer,fspy,fspy,فصل/صورتجلسه/پیشنهاد,3,fsp_prmb,[money],True,False,,[fsp_prmb] [money] NULL 
psn_importer,fspy,fspy,فصل/صورتجلسه/پیشنهاد,4,fsp_prfc,[money],True,False,,[fsp_prfc] [money] NULL 
psn_importer,fspy,fspy,فصل/صورتجلسه/پیشنهاد,5,fsp_prmf,[money],True,False,,[fsp_prmf] [money] NULL 
psn_importer,fspy,fspy,فصل/صورتجلسه/پیشنهاد,6,fsp_totl,[money],True,False,,[fsp_totl] [money] NULL 
psn_importer,fspy,fspy,فصل/صورتجلسه/پیشنهاد,7,fsp_dscr,[nvarchar] (40),True,False,,[fsp_dscr] [nvarchar] (40) COLLATE Arabic_CI_AS NULL 
psn_importer,fspy,fspy,فصل/صورتجلسه/پیشنهاد,8,fsp_rad,[smallint],True,False,,[fsp_rad] [smallint] NULL 
psn_importer,fspy,fspy,فصل/صورتجلسه/پیشنهاد,9,fsp_atsj,[nvarchar] (10),True,False,,[fsp_atsj] [nvarchar] (10) COLLATE Arabic_CI_AS NULL 
psn_importer,fspy,fspy,فصل/صورتجلسه/پیشنهاد,10,fsp_prja,[money],True,False,,[fsp_prja] [money] NULL 
psn_importer,fspy,fspy,فصل/صورتجلسه/پیشنهاد,11,fsp_zrpt,[nvarchar] (5),True,False,,[fsp_zrpt] [nvarchar] (5) COLLATE Arabic_CI_AS NULL 
psn_importer,fspy,fspy,فصل/صورتجلسه/پیشنهاد,12,fsp_quan,[float],True,False,,[fsp_quan] [float] NULL 
psn_importer,fspy,fspy,فصل/صورتجلسه/پیشنهاد,13,fsp_radj,[smallint],True,False,,[fsp_radj] [smallint] NULL 
psn_importer,fspy,fspy,فصل/صورتجلسه/پیشنهاد,14,fsp_identity,[int],False,True,,"[fsp_identity] [int] IDENTITY (1, 1) NOT NULL"
psn_importer,hmpy,hmpy,حمل/فاصله,1,hmp_cofh,[nvarchar] (8),True,False,,[hmp_cofh] [nvarchar] (8) COLLATE Arabic_CI_AS NULL 
psn_importer,hmpy,hmpy,حمل/فاصله,2,hmp_nufh,[tinyint],True,False,,[hmp_nufh] [tinyint] NULL 
psn_importer,hmpy,hmpy,حمل/فاصله,3,hmp_nuse,[nvarchar] (5),True,False,,[hmp_nuse] [nvarchar] (5) COLLATE Arabic_CI_AS NULL 
psn_importer,hmpy,hmpy,حمل/فاصله,4,hmp_nmse,[nvarchar] (40),True,False,,[hmp_nmse] [nvarchar] (40) COLLATE Arabic_CI_AS NULL 
psn_importer,hmpy,hmpy,حمل/فاصله,5,hmp_astr,[nvarchar] (1),True,False,,[hmp_astr] [nvarchar] (1) COLLATE Arabic_CI_AS NULL 
psn_importer,hmpy,hmpy,حمل/فاصله,6,hmp_rad,[smallint],True,False,,[hmp_rad] [smallint] NULL 
psn_importer,hmpy,hmpy,حمل/فاصله,7,hmp_unit,[nvarchar] (20),True,False,,[hmp_unit] [nvarchar] (20) COLLATE Arabic_CI_AS NULL 
psn_importer,hmpy,hmpy,حمل/فاصله,8,hmp_grop,[nvarchar] (20),True,False,,[hmp_grop] [nvarchar] (20) COLLATE Arabic_CI_AS NULL 
psn_importer,hmpy,hmpy,حمل/فاصله,9,hmp_radj,[smallint],True,False,,[hmp_radj] [smallint] NULL 
psn_importer,hmpy,hmpy,حمل/فاصله,10,hmp_dsfh,[ntext],True,False,,[hmp_dsfh] [ntext] COLLATE Arabic_CI_AS NULL 
psn_importer,hmpy,hmpy,حمل/فاصله,11,hmp_pcun,[money],True,False,,[hmp_pcun] [money] NULL 
psn_importer,hmpy,hmpy,حمل/فاصله,12,hmp_dsfb,[ntext],True,False,,[hmp_dsfb] [ntext] COLLATE Arabic_CI_AS NULL 
psn_importer,hmpy,hmpy,حمل/فاصله,13,hmp_valn,[real],True,False,,[hmp_valn] [real] NULL 
psn_importer,hmpy,hmpy,حمل/فاصله,14,hmp_totl,[float],True,False,,[hmp_totl] [float] NULL 
psn_importer,hmpy,hmpy,حمل/فاصله,15,hmp_zar1,[float],True,False,,[hmp_zar1] [float] NULL 
psn_importer,hmpy,hmpy,حمل/فاصله,16,hmp_zar2,[float],True,False,,[hmp_zar2] [float] NULL 
psn_importer,hmpy,hmpy,حمل/فاصله,17,hmp_zar3,[float],True,False,,[hmp_zar3] [float] NULL 
psn_importer,hmpy,hmpy,حمل/فاصله,18,hmp_zar4,[float],True,False,,[hmp_zar4] [float] NULL 
psn_importer,hmpy,hmpy,حمل/فاصله,19,hmp_quan,[float],True,False,,[hmp_quan] [float] NULL 
psn_importer,hmpy,hmpy,حمل/فاصله,20,hmp_sumz,[float],True,False,,[hmp_sumz] [float] NULL 
psn_importer,hmpy,hmpy,حمل/فاصله,21,hmp_dsz1,[nvarchar] (200),True,False,,[hmp_dsz1] [nvarchar] (200) COLLATE Arabic_CI_AS NULL 
psn_importer,hmpy,hmpy,حمل/فاصله,22,hmp_dsz2,[nvarchar] (200),True,False,,[hmp_dsz2] [nvarchar] (200) COLLATE Arabic_CI_AS NULL 
psn_importer,hmpy,hmpy,حمل/فاصله,23,hmp_dsz3,[nvarchar] (200),True,False,,[hmp_dsz3] [nvarchar] (200) COLLATE Arabic_CI_AS NULL 
psn_importer,hmpy,hmpy,حمل/فاصله,24,hmp_dsz4,[nvarchar] (200),True,False,,[hmp_dsz4] [nvarchar] (200) COLLATE Arabic_CI_AS NULL 
psn_importer,hmpy,hmpy,حمل/فاصله,25,hmp_identity,[int],False,True,,"[hmp_identity] [int] IDENTITY (1, 1) NOT NULL"
psn_importer,hsha,hsha,شاخص/حساب?,1,hps_sham,[nvarchar] (75),True,False,,[hps_sham] [nvarchar] (75) COLLATE Arabic_CI_AS NULL
psn_importer,hshm,hshm,شاخص/حساب?,1,hps_shmo,[nvarchar] (75),True,False,,[hps_shmo] [nvarchar] (75) COLLATE Arabic_CI_AS NULL
psn_importer,itac,itac,آیتم/فعالیت,1,itm_cofh,[nvarchar] (10),True,False,,[itm_cofh] [nvarchar] (10) COLLATE Arabic_CI_AS NULL 
psn_importer,itac,itac,آیتم/فعالیت,2,itm_coan,[nvarchar] (10),True,False,,[itm_coan] [nvarchar] (10) COLLATE Arabic_CI_AS NULL 
psn_importer,itac,itac,آیتم/فعالیت,3,itm_unit,[nvarchar] (20),True,False,,[itm_unit] [nvarchar] (20) COLLATE Arabic_CI_AS NULL 
psn_importer,itac,itac,آیتم/فعالیت,4,itm_dscr,[ntext],True,False,,[itm_dscr] [ntext] COLLATE Arabic_CI_AS NULL 
psn_importer,itac,itac,آیتم/فعالیت,5,itm_pcum,[money],True,False,,[itm_pcum] [money] NULL 
psn_importer,itac,itac,آیتم/فعالیت,6,itm_pcam,[money],True,False,,[itm_pcam] [money] NULL 
psn_importer,itac,itac,آیتم/فعالیت,7,itm_prpn,[nvarchar] (10),True,False,,[itm_prpn] [nvarchar] (10) COLLATE Arabic_CI_AS NULL 
psn_importer,itac,itac,آیتم/فعالیت,8,itm_pcun,[money],True,False,,[itm_pcun] [money] NULL 
psn_importer,itac,itac,آیتم/فعالیت,9,itm_pcal,[money],True,False,,[itm_pcal] [money] NULL 
psn_importer,itac,itac,آیتم/فعالیت,10,itm_nufh,[tinyint],True,False,,[itm_nufh] [tinyint] NULL 
psn_importer,itac,itac,آیتم/فعالیت,11,itm_nuse,[nvarchar] (5),True,False,,[itm_nuse] [nvarchar] (5) COLLATE Arabic_CI_AS NULL 
psn_importer,itac,itac,آیتم/فعالیت,12,itm_quan,[float],True,False,,[itm_quan] [float] NULL 
psn_importer,itac,itac,آیتم/فعالیت,13,itm_nmse,[nvarchar] (50),True,False,,[itm_nmse] [nvarchar] (50) COLLATE Arabic_CI_AS NULL 
psn_importer,itac,itac,آیتم/فعالیت,14,itm_coac,[nvarchar] (4),True,False,,[itm_coac] [nvarchar] (4) COLLATE Arabic_CI_AS NULL 
psn_importer,itac,itac,آیتم/فعالیت,15,itm_shac,[nvarchar] (200),True,False,,[itm_shac] [nvarchar] (200) COLLATE Arabic_CI_AS NULL 
psn_importer,itac,itac,آیتم/فعالیت,16,itm_astr,[nvarchar] (1),True,False,,[itm_astr] [nvarchar] (1) COLLATE Arabic_CI_AS NULL 
psn_importer,itac,itac,آیتم/فعالیت,17,itm_swf2,[bit],False,False,,[itm_swf2] [bit] NOT NULL
psn_importer,item,item,آیتم‌ها,1,itm_cofh,[nvarchar] (10),True,False,,[itm_cofh] [nvarchar] (10) COLLATE Arabic_CI_AS NULL 
psn_importer,item,item,آیتم‌ها,2,itm_coan,[nvarchar] (10),True,False,,[itm_coan] [nvarchar] (10) COLLATE Arabic_CI_AS NULL 
psn_importer,item,item,آیتم‌ها,3,itm_unit,[nvarchar] (20),True,False,,[itm_unit] [nvarchar] (20) COLLATE Arabic_CI_AS NULL 
psn_importer,item,item,آیتم‌ها,4,itm_dscr,[ntext],True,False,,[itm_dscr] [ntext] COLLATE Arabic_CI_AS NULL 
psn_importer,item,item,آیتم‌ها,5,itm_pcum,[money],True,False,,[itm_pcum] [money] NULL 
psn_importer,item,item,آیتم‌ها,6,itm_pcam,[money],True,False,,[itm_pcam] [money] NULL 
psn_importer,item,item,آیتم‌ها,7,itm_prpn,[nvarchar] (10),True,False,,[itm_prpn] [nvarchar] (10) COLLATE Arabic_CI_AS NULL 
psn_importer,item,item,آیتم‌ها,8,itm_pcun,[money],True,False,,[itm_pcun] [money] NULL 
psn_importer,item,item,آیتم‌ها,9,itm_pcal,[money],True,False,,[itm_pcal] [money] NULL 
psn_importer,item,item,آیتم‌ها,10,itm_nufh,[tinyint],True,False,,[itm_nufh] [tinyint] NULL 
psn_importer,item,item,آیتم‌ها,11,itm_nuse,[nvarchar] (5),True,False,,[itm_nuse] [nvarchar] (5) COLLATE Arabic_CI_AS NULL 
psn_importer,item,item,آیتم‌ها,12,itm_quan,[float],True,False,,[itm_quan] [float] NULL 
psn_importer,item,item,آیتم‌ها,13,itm_nmse,[nvarchar] (50),True,False,,[itm_nmse] [nvarchar] (50) COLLATE Arabic_CI_AS NULL 
psn_importer,item,item,آیتم‌ها,14,itm_astr,[nvarchar] (1),True,False,,[itm_astr] [nvarchar] (1) COLLATE Arabic_CI_AS NULL 
psn_importer,item,item,آیتم‌ها,15,itm_swf2,[bit],False,False,,[itm_swf2] [bit] NOT NULL
psn_importer,khmt,khmt,خدمات/کسورات/کارکرد مرتبط,1,kmt_cofh,[nvarchar] (8),True,False,,[kmt_cofh] [nvarchar] (8) COLLATE Arabic_CI_AS NULL 
psn_importer,khmt,khmt,خدمات/کسورات/کارکرد مرتبط,2,kmt_frco,[nvarchar] (8),True,False,,[kmt_frco] [nvarchar] (8) COLLATE Arabic_CI_AS NULL 
psn_importer,khmt,khmt,خدمات/کسورات/کارکرد مرتبط,3,kmt_dsps,[nvarchar] (40),True,False,,[kmt_dsps] [nvarchar] (40) COLLATE Arabic_CI_AS NULL 
psn_importer,khmt,khmt,خدمات/کسورات/کارکرد مرتبط,4,kmt_dsmo,[nvarchar] (40),True,False,,[kmt_dsmo] [nvarchar] (40) COLLATE Arabic_CI_AS NULL 
psn_importer,khmt,khmt,خدمات/کسورات/کارکرد مرتبط,5,kmt_nufh,[tinyint],True,False,,[kmt_nufh] [tinyint] NULL 
psn_importer,khmt,khmt,خدمات/کسورات/کارکرد مرتبط,6,kmt_nuse,[nvarchar] (5),True,False,,[kmt_nuse] [nvarchar] (5) COLLATE Arabic_CI_AS NULL 
psn_importer,khmt,khmt,خدمات/کسورات/کارکرد مرتبط,7,kmt_nmse,[nvarchar] (40),True,False,,[kmt_nmse] [nvarchar] (40) COLLATE Arabic_CI_AS NULL 
psn_importer,khmt,khmt,خدمات/کسورات/کارکرد مرتبط,8,kmt_astr,[nvarchar] (1),True,False,,[kmt_astr] [nvarchar] (1) COLLATE Arabic_CI_AS NULL 
psn_importer,khmt,khmt,خدمات/کسورات/کارکرد مرتبط,9,kmt_rad,[smallint],True,False,,[kmt_rad] [smallint] NULL 
psn_importer,khmt,khmt,خدمات/کسورات/کارکرد مرتبط,10,kmt_unit,[nvarchar] (20),True,False,,[kmt_unit] [nvarchar] (20) COLLATE Arabic_CI_AS NULL 
psn_importer,khmt,khmt,خدمات/کسورات/کارکرد مرتبط,11,kmt_dsfb,[ntext],True,False,,[kmt_dsfb] [ntext] COLLATE Arabic_CI_AS NULL 
psn_importer,khmt,khmt,خدمات/کسورات/کارکرد مرتبط,12,kmt_pcun,[money],True,False,,[kmt_pcun] [money] NULL 
psn_importer,khmt,khmt,خدمات/کسورات/کارکرد مرتبط,13,kmt_radj,[smallint],True,False,,[kmt_radj] [smallint] NULL 
psn_importer,khmt,khmt,خدمات/کسورات/کارکرد مرتبط,14,kmt_dsfh,[ntext],True,False,,[kmt_dsfh] [ntext] COLLATE Arabic_CI_AS NULL 
psn_importer,khmt,khmt,خدمات/کسورات/کارکرد مرتبط,15,kmt_valn,[real],True,False,,[kmt_valn] [real] NULL 
psn_importer,khmt,khmt,خدمات/کسورات/کارکرد مرتبط,16,kmt_coad,[ntext],True,False,,[kmt_coad] [ntext] COLLATE Arabic_CI_AS NULL 
psn_importer,khmt,khmt,خدمات/کسورات/کارکرد مرتبط,17,kmt_mbgh,[nvarchar] (1),True,False,,[kmt_mbgh] [nvarchar] (1) COLLATE Arabic_CI_AS NULL 
psn_importer,khmt,khmt,خدمات/کسورات/کارکرد مرتبط,18,kmt_pcup,[money],True,False,,[kmt_pcup] [money] NULL 
psn_importer,khmt,khmt,خدمات/کسورات/کارکرد مرتبط,19,kmt_dsad,[nvarchar] (200),True,False,,[kmt_dsad] [nvarchar] (200) COLLATE Arabic_CI_AS NULL 
psn_importer,khmt,khmt,خدمات/کسورات/کارکرد مرتبط,20,kmt_pyad,[ntext],True,False,,[kmt_pyad] [ntext] COLLATE Arabic_CI_AS NULL 
psn_importer,khmt,khmt,خدمات/کسورات/کارکرد مرتبط,21,kmt_pynm,[nvarchar] (255),True,False,,[kmt_pynm] [nvarchar] (255) COLLATE Arabic_CI_AS NULL 
psn_importer,khmt,khmt,خدمات/کسورات/کارکرد مرتبط,22,kmt_sumj,[float],True,False,,[kmt_sumj] [float] NULL 
psn_importer,khmt,khmt,خدمات/کسورات/کارکرد مرتبط,23,kmt_sumt,[float],True,False,,[kmt_sumt] [float] NULL 
psn_importer,khmt,khmt,خدمات/کسورات/کارکرد مرتبط,24,kmt_zrib,[float],True,False,,[kmt_zrib] [float] NULL 
psn_importer,khmt,khmt,خدمات/کسورات/کارکرد مرتبط,25,kmt_sujz,[float],True,False,,[kmt_sujz] [float] NULL 
psn_importer,khmt,khmt,خدمات/کسورات/کارکرد مرتبط,26,kmt_coda,[nvarchar] (8),True,False,,[kmt_coda] [nvarchar] (8) COLLATE Arabic_CI_AS NULL 
psn_importer,khmt,khmt,خدمات/کسورات/کارکرد مرتبط,27,kmt_identity,[int],False,True,,"[kmt_identity] [int] IDENTITY (1, 1) NOT NULL "
psn_importer,khmt,khmt,خدمات/کسورات/کارکرد مرتبط,28,kmt_mora,[smallint],True,False,,[kmt_mora] [smallint] NULL 
psn_importer,khmt,khmt,خدمات/کسورات/کارکرد مرتبط,29,kmt_morj,[smallint],True,False,,[kmt_morj] [smallint] NULL
psn_importer,kmac,kmac,پایه/ماشین‌آلات?,1,kmt_cofh,[nvarchar] (8),True,False,,[kmt_cofh] [nvarchar] (8) COLLATE Arabic_CI_AS NULL 
psn_importer,kmac,kmac,پایه/ماشین‌آلات?,2,kmt_frco,[nvarchar] (8),True,False,,[kmt_frco] [nvarchar] (8) COLLATE Arabic_CI_AS NULL 
psn_importer,kmac,kmac,پایه/ماشین‌آلات?,3,kmt_dsps,[nvarchar] (40),True,False,,[kmt_dsps] [nvarchar] (40) COLLATE Arabic_CI_AS NULL 
psn_importer,kmac,kmac,پایه/ماشین‌آلات?,4,kmt_dsmo,[nvarchar] (40),True,False,,[kmt_dsmo] [nvarchar] (40) COLLATE Arabic_CI_AS NULL 
psn_importer,kmac,kmac,پایه/ماشین‌آلات?,5,kmt_nufh,[tinyint],True,False,,[kmt_nufh] [tinyint] NULL 
psn_importer,kmac,kmac,پایه/ماشین‌آلات?,6,kmt_nuse,[nvarchar] (5),True,False,,[kmt_nuse] [nvarchar] (5) COLLATE Arabic_CI_AS NULL 
psn_importer,kmac,kmac,پایه/ماشین‌آلات?,7,kmt_nmse,[nvarchar] (40),True,False,,[kmt_nmse] [nvarchar] (40) COLLATE Arabic_CI_AS NULL 
psn_importer,kmac,kmac,پایه/ماشین‌آلات?,8,kmt_astr,[nvarchar] (1),True,False,,[kmt_astr] [nvarchar] (1) COLLATE Arabic_CI_AS NULL 
psn_importer,kmac,kmac,پایه/ماشین‌آلات?,9,kmt_rad,[smallint],True,False,,[kmt_rad] [smallint] NULL 
psn_importer,kmac,kmac,پایه/ماشین‌آلات?,10,kmt_unit,[nvarchar] (20),True,False,,[kmt_unit] [nvarchar] (20) COLLATE Arabic_CI_AS NULL 
psn_importer,kmac,kmac,پایه/ماشین‌آلات?,11,kmt_dsfb,[ntext],True,False,,[kmt_dsfb] [ntext] COLLATE Arabic_CI_AS NULL 
psn_importer,kmac,kmac,پایه/ماشین‌آلات?,12,kmt_pcun,[money],True,False,,[kmt_pcun] [money] NULL 
psn_importer,kmac,kmac,پایه/ماشین‌آلات?,13,kmt_radj,[smallint],True,False,,[kmt_radj] [smallint] NULL 
psn_importer,kmac,kmac,پایه/ماشین‌آلات?,14,kmt_dsfh,[ntext],True,False,,[kmt_dsfh] [ntext] COLLATE Arabic_CI_AS NULL 
psn_importer,kmac,kmac,پایه/ماشین‌آلات?,15,kmt_valn,[real],True,False,,[kmt_valn] [real] NULL 
psn_importer,kmac,kmac,پایه/ماشین‌آلات?,16,kmt_coad,[ntext],True,False,,[kmt_coad] [ntext] COLLATE Arabic_CI_AS NULL 
psn_importer,kmac,kmac,پایه/ماشین‌آلات?,17,kmt_mbgh,[nvarchar] (1),True,False,,[kmt_mbgh] [nvarchar] (1) COLLATE Arabic_CI_AS NULL 
psn_importer,kmac,kmac,پایه/ماشین‌آلات?,18,kmt_pcup,[money],True,False,,[kmt_pcup] [money] NULL 
psn_importer,kmac,kmac,پایه/ماشین‌آلات?,19,kmt_dsad,[nvarchar] (200),True,False,,[kmt_dsad] [nvarchar] (200) COLLATE Arabic_CI_AS NULL 
psn_importer,kmac,kmac,پایه/ماشین‌آلات?,20,kmt_pyad,[ntext],True,False,,[kmt_pyad] [ntext] COLLATE Arabic_CI_AS NULL 
psn_importer,kmac,kmac,پایه/ماشین‌آلات?,21,kmt_pynm,[nvarchar] (255),True,False,,[kmt_pynm] [nvarchar] (255) COLLATE Arabic_CI_AS NULL 
psn_importer,kmac,kmac,پایه/ماشین‌آلات?,22,kmt_sumj,[float],True,False,,[kmt_sumj] [float] NULL 
psn_importer,kmac,kmac,پایه/ماشین‌آلات?,23,kmt_sumt,[float],True,False,,[kmt_sumt] [float] NULL 
psn_importer,kmac,kmac,پایه/ماشین‌آلات?,24,kmt_coac,[nvarchar] (4),True,False,,[kmt_coac] [nvarchar] (4) COLLATE Arabic_CI_AS NULL 
psn_importer,kmac,kmac,پایه/ماشین‌آلات?,25,kmt_shac,[nvarchar] (200),True,False,,[kmt_shac] [nvarchar] (200) COLLATE Arabic_CI_AS NULL 
psn_importer,kmac,kmac,پایه/ماشین‌آلات?,26,kmt_zrib,[float],True,False,,[kmt_zrib] [float] NULL 
psn_importer,kmac,kmac,پایه/ماشین‌آلات?,27,kmt_sujz,[float],True,False,,[kmt_sujz] [float] NULL 
psn_importer,kmac,kmac,پایه/ماشین‌آلات?,28,kmt_mgrp,[nvarchar] (2),True,False,,[kmt_mgrp] [nvarchar] (2) COLLATE Arabic_CI_AS NULL 
psn_importer,kmac,kmac,پایه/ماشین‌آلات?,29,kmt_sgrp,[nvarchar] (200),True,False,,[kmt_sgrp] [nvarchar] (200) COLLATE Arabic_CI_AS NULL 
psn_importer,kmac,kmac,پایه/ماشین‌آلات?,30,kmt_coda,[nvarchar] (8),True,False,,[kmt_coda] [nvarchar] (8) COLLATE Arabic_CI_AS NULL 
psn_importer,kmac,kmac,پایه/ماشین‌آلات?,31,kmt_identity,[int],False,True,,"[kmt_identity] [int] IDENTITY (1, 1) NOT NULL "
psn_importer,kmac,kmac,پایه/ماشین‌آلات?,32,kmt_mora,[smallint],True,False,,[kmt_mora] [smallint] NULL 
psn_importer,kmac,kmac,پایه/ماشین‌آلات?,33,kmt_morj,[smallint],True,False,,[kmt_morj] [smallint] NULL
psn_importer,mogs,mogs,صورتجلسه/مقادیر,1,mog_name,[nvarchar] (40),True,False,,[mog_name] [nvarchar] (40) COLLATE Arabic_CI_AS NULL 
psn_importer,mogs,mogs,صورتجلسه/مقادیر,2,mog_rad,[smallint],True,False,,[mog_rad] [smallint] NULL 
psn_importer,mogs,mogs,صورتجلسه/مقادیر,3,mog_zrib,[float],True,False,,[mog_zrib] [float] NULL 
psn_importer,mogs,mogs,صورتجلسه/مقادیر,4,mog_identity,[int],False,True,,"[mog_identity] [int] IDENTITY (1, 1) NOT NULL"
psn_importer,mult,mult,ضرایب/چندگانه,1,mlt_zrta,[nvarchar] (5),True,False,,[mlt_zrta] [nvarchar] (5) COLLATE Arabic_CI_AS NULL 
psn_importer,mult,mult,ضرایب/چندگانه,2,mlt_tgzr,[tinyint],True,False,,[mlt_tgzr] [tinyint] NULL 
psn_importer,mult,mult,ضرایب/چندگانه,3,mlt_mbtj,[float],True,False,,[mlt_mbtj] [float] NULL 
psn_importer,mult,mult,ضرایب/چندگانه,4,mlt_nufh,[tinyint],True,False,,[mlt_nufh] [tinyint] NULL 
psn_importer,mult,mult,ضرایب/چندگانه,5,mlt_nuse,[nvarchar] (5),True,False,,[mlt_nuse] [nvarchar] (5) COLLATE Arabic_CI_AS NULL 
psn_importer,mult,mult,ضرایب/چندگانه,6,mlt_nmse,[nvarchar] (50),True,False,,[mlt_nmse] [nvarchar] (50) COLLATE Arabic_CI_AS NULL 
psn_importer,mult,mult,ضرایب/چندگانه,7,mlt_valn,[real],True,False,,[mlt_valn] [real] NULL 
psn_importer,mult,mult,ضرایب/چندگانه,8,mlt_smoj,[money],True,False,,[mlt_smoj] [money] NULL 
psn_importer,mult,mult,ضرایب/چندگانه,9,mlt_type,[nvarchar] (1),True,False,,[mlt_type] [nvarchar] (1) COLLATE Arabic_CI_AS NULL 
psn_importer,mult,mult,ضرایب/چندگانه,10,mlt_sumz,[float],True,False,,[mlt_sumz] [float] NULL 
psn_importer,mult,mult,ضرایب/چندگانه,11,mlt_tgrb,[tinyint],True,False,,[mlt_tgrb] [tinyint] NULL 
psn_importer,mult,mult,ضرایب/چندگانه,12,mlt_prtj,[nvarchar] (5),True,False,,[mlt_prtj] [nvarchar] (5) COLLATE Arabic_CI_AS NULL 
psn_importer,mult,mult,ضرایب/چندگانه,13,mlt_auto,[tinyint],True,False,,[mlt_auto] [tinyint] NULL 
psn_importer,mult,mult,ضرایب/چندگانه,14,mlt_zrtab,[nvarchar] (5),True,False,,[mlt_zrtab] [nvarchar] (5) COLLATE Arabic_CI_AS NULL 
psn_importer,mult,mult,ضرایب/چندگانه,15,mlt_tgzrb,[tinyint],True,False,,[mlt_tgzrb] [tinyint] NULL 
psn_importer,mult,mult,ضرایب/چندگانه,16,mlt_mbtjb,[float],True,False,,[mlt_mbtjb] [float] NULL 
psn_importer,mult,mult,ضرایب/چندگانه,17,mlt_smojb,[money],True,False,,[mlt_smojb] [money] NULL 
psn_importer,mult,mult,ضرایب/چندگانه,18,mlt_sumzb,[float],True,False,,[mlt_sumzb] [float] NULL 
psn_importer,mult,mult,ضرایب/چندگانه,19,mlt_tgrbb,[tinyint],True,False,,[mlt_tgrbb] [tinyint] NULL 
psn_importer,mult,mult,ضرایب/چندگانه,20,mlt_prtjb,[nvarchar] (5),True,False,,[mlt_prtjb] [nvarchar] (5) COLLATE Arabic_CI_AS NULL 
psn_importer,mult,mult,ضرایب/چندگانه,21,mlt_autob,[tinyint],True,False,,[mlt_autob] [tinyint] NULL 
psn_importer,mult,mult,ضرایب/چندگانه,22,mlt_loca,[float],True,False,,[mlt_loca] [float] NULL 
psn_importer,mult,mult,ضرایب/چندگانه,23,mlt_heit,[float],True,False,,[mlt_heit] [float] NULL 
psn_importer,mult,mult,ضرایب/چندگانه,24,mlt_hard,[float],True,False,,[mlt_hard] [float] NULL 
psn_importer,mult,mult,ضرایب/چندگانه,25,mlt_taba,[float],True,False,,[mlt_taba] [float] NULL 
psn_importer,mult,mult,ضرایب/چندگانه,26,mlt_ovhd,[float],True,False,,[mlt_ovhd] [float] NULL 
psn_importer,mult,mult,ضرایب/چندگانه,27,mlt_ztjh,[float],True,False,,[mlt_ztjh] [float] NULL 
psn_importer,mult,mult,ضرایب/چندگانه,28,mlt_zrfk,[float],True,False,,[mlt_zrfk] [float] NULL 
psn_importer,mult,mult,ضرایب/چندگانه,29,mlt_cnvt,[float],True,False,,[mlt_cnvt] [float] NULL 
psn_importer,mult,mult,ضرایب/چندگانه,30,mlt_locab,[float],True,False,,[mlt_locab] [float] NULL 
psn_importer,mult,mult,ضرایب/چندگانه,31,mlt_heitb,[float],True,False,,[mlt_heitb] [float] NULL 
psn_importer,mult,mult,ضرایب/چندگانه,32,mlt_hardb,[float],True,False,,[mlt_hardb] [float] NULL 
psn_importer,mult,mult,ضرایب/چندگانه,33,mlt_tabab,[float],True,False,,[mlt_tabab] [float] NULL 
psn_importer,mult,mult,ضرایب/چندگانه,34,mlt_ovhdb,[float],True,False,,[mlt_ovhdb] [float] NULL 
psn_importer,mult,mult,ضرایب/چندگانه,35,mlt_ztjhb,[float],True,False,,[mlt_ztjhb] [float] NULL 
psn_importer,mult,mult,ضرایب/چندگانه,36,mlt_zrfkb,[float],True,False,,[mlt_zrfkb] [float] NULL
psn_importer,nmac,nmac,پایه/ماشین‌آلات?,1,nmh_grop,[tinyint],True,False,,[nmh_grop] [tinyint] NULL 
psn_importer,nmac,nmac,پایه/ماشین‌آلات?,2,nmh_code,[nvarchar] (8),True,False,,[nmh_code] [nvarchar] (8) COLLATE Arabic_CI_AS NULL 
psn_importer,nmac,nmac,پایه/ماشین‌آلات?,3,nmh_nufh,[tinyint],True,False,,[nmh_nufh] [tinyint] NULL 
psn_importer,nmac,nmac,پایه/ماشین‌آلات?,4,nmh_nuse,[nvarchar] (5),True,False,,[nmh_nuse] [nvarchar] (5) COLLATE Arabic_CI_AS NULL 
psn_importer,nmac,nmac,پایه/ماشین‌آلات?,5,nmh_codi,[ntext],True,False,,[nmh_codi] [ntext] COLLATE Arabic_CI_AS NULL 
psn_importer,nmac,nmac,پایه/ماشین‌آلات?,6,nmh_unit,[nvarchar] (20),True,False,,[nmh_unit] [nvarchar] (20) COLLATE Arabic_CI_AS NULL 
psn_importer,nmac,nmac,پایه/ماشین‌آلات?,7,nmh_quan,[float],True,False,,[nmh_quan] [float] NULL 
psn_importer,nmac,nmac,پایه/ماشین‌آلات?,8,nmh_pcun,[money],True,False,,[nmh_pcun] [money] NULL 
psn_importer,nmac,nmac,پایه/ماشین‌آلات?,9,nmh_pcal,[money],True,False,,[nmh_pcal] [money] NULL 
psn_importer,nmac,nmac,پایه/ماشین‌آلات?,10,nmh_rad,[smallint],True,False,,[nmh_rad] [smallint] NULL 
psn_importer,nmac,nmac,پایه/ماشین‌آلات?,11,nmh_zrib,[float],True,False,,[nmh_zrib] [float] NULL 
psn_importer,nmac,nmac,پایه/ماشین‌آلات?,12,nmh_dscr,[ntext],True,False,,[nmh_dscr] [ntext] COLLATE Arabic_CI_AS NULL 
psn_importer,nmac,nmac,پایه/ماشین‌آلات?,13,nmh_coac,[nvarchar] (4),True,False,,[nmh_coac] [nvarchar] (4) COLLATE Arabic_CI_AS NULL 
psn_importer,nmac,nmac,پایه/ماشین‌آلات?,14,nmh_shac,[nvarchar] (200),True,False,,[nmh_shac] [nvarchar] (200) COLLATE Arabic_CI_AS NULL 
psn_importer,nmac,nmac,پایه/ماشین‌آلات?,15,nmh_mola,[nvarchar] (250),True,False,,[nmh_mola] [nvarchar] (250) COLLATE Arabic_CI_AS NULL 
psn_importer,nmac,nmac,پایه/ماشین‌آلات?,16,nmh_fmul,[nvarchar] (250),True,False,,[nmh_fmul] [nvarchar] (250) COLLATE Arabic_CI_AS NULL 
psn_importer,nmac,nmac,پایه/ماشین‌آلات?,17,nmh_swf2,[bit],False,False,,[nmh_swf2] [bit] NOT NULL 
psn_importer,nmac,nmac,پایه/ماشین‌آلات?,18,nmh_pcnz,[bit],False,False,,[nmh_pcnz] [bit] NOT NULL 
psn_importer,nmac,nmac,پایه/ماشین‌آلات?,19,nmh_identity,[int],False,True,,"[nmh_identity] [int] IDENTITY (1, 1) NOT NULL"
psn_importer,nmmh,nmmh,منابع/مصالح/حمل,1,nmh_grop,[tinyint],True,False,,[nmh_grop] [tinyint] NULL 
psn_importer,nmmh,nmmh,منابع/مصالح/حمل,2,nmh_code,[nvarchar] (8),True,False,,[nmh_code] [nvarchar] (8) COLLATE Arabic_CI_AS NULL 
psn_importer,nmmh,nmmh,منابع/مصالح/حمل,3,nmh_nufh,[tinyint],True,False,,[nmh_nufh] [tinyint] NULL 
psn_importer,nmmh,nmmh,منابع/مصالح/حمل,4,nmh_nuse,[nvarchar] (5),True,False,,[nmh_nuse] [nvarchar] (5) COLLATE Arabic_CI_AS NULL 
psn_importer,nmmh,nmmh,منابع/مصالح/حمل,5,nmh_codi,[ntext],True,False,,[nmh_codi] [ntext] COLLATE Arabic_CI_AS NULL 
psn_importer,nmmh,nmmh,منابع/مصالح/حمل,6,nmh_unit,[nvarchar] (20),True,False,,[nmh_unit] [nvarchar] (20) COLLATE Arabic_CI_AS NULL 
psn_importer,nmmh,nmmh,منابع/مصالح/حمل,7,nmh_quan,[float],True,False,,[nmh_quan] [float] NULL 
psn_importer,nmmh,nmmh,منابع/مصالح/حمل,8,nmh_pcun,[money],True,False,,[nmh_pcun] [money] NULL 
psn_importer,nmmh,nmmh,منابع/مصالح/حمل,9,nmh_pcal,[money],True,False,,[nmh_pcal] [money] NULL 
psn_importer,nmmh,nmmh,منابع/مصالح/حمل,10,nmh_rad,[smallint],True,False,,[nmh_rad] [smallint] NULL 
psn_importer,nmmh,nmmh,منابع/مصالح/حمل,11,nmh_zrib,[float],True,False,,[nmh_zrib] [float] NULL 
psn_importer,nmmh,nmmh,منابع/مصالح/حمل,12,nmh_dscr,[ntext],True,False,,[nmh_dscr] [ntext] COLLATE Arabic_CI_AS NULL 
psn_importer,nmmh,nmmh,منابع/مصالح/حمل,13,nmh_mola,[nvarchar] (250),True,False,,[nmh_mola] [nvarchar] (250) COLLATE Arabic_CI_AS NULL 
psn_importer,nmmh,nmmh,منابع/مصالح/حمل,14,nmh_fmul,[nvarchar] (250),True,False,,[nmh_fmul] [nvarchar] (250) COLLATE Arabic_CI_AS NULL 
psn_importer,nmmh,nmmh,منابع/مصالح/حمل,15,nmh_swf2,[bit],False,False,,[nmh_swf2] [bit] NOT NULL 
psn_importer,nmmh,nmmh,منابع/مصالح/حمل,16,nmh_pcnz,[bit],False,False,,[nmh_pcnz] [bit] NOT NULL 
psn_importer,nmmh,nmmh,منابع/مصالح/حمل,17,nmh_identity,[int],False,True,,"[nmh_identity] [int] IDENTITY (1, 1) NOT NULL"
psn_importer,nots,nots,یادداشت‌ها,1,not_numb,[tinyint],True,False,,[not_numb] [tinyint] NULL 
psn_importer,nots,nots,یادداشت‌ها,2,not_name,[nvarchar] (25),True,False,,[not_name] [nvarchar] (25) COLLATE Arabic_CI_AS NULL 
psn_importer,nots,nots,یادداشت‌ها,3,not_mbfh,[money],True,False,,[not_mbfh] [money] NULL 
psn_importer,nots,nots,یادداشت‌ها,4,not_mbsx,[money],True,False,,[not_mbsx] [money] NULL 
psn_importer,nots,nots,یادداشت‌ها,5,not_mbtl,[money],True,False,,[not_mbtl] [money] NULL 
psn_importer,nots,nots,یادداشت‌ها,6,not_mbfz,[money],True,False,,[not_mbfz] [money] NULL 
psn_importer,nots,nots,یادداشت‌ها,7,not_mbsz,[money],True,False,,[not_mbsz] [money] NULL 
psn_importer,nots,nots,یادداشت‌ها,8,not_mbtz,[money],True,False,,[not_mbtz] [money] NULL 
psn_importer,nots,nots,یادداشت‌ها,9,not_mbtlp,[money],True,False,,[not_mbtlp] [money] NULL 
psn_importer,nots,nots,یادداشت‌ها,10,not_mbtzp,[money],True,False,,[not_mbtzp] [money] NULL 
psn_importer,nots,nots,یادداشت‌ها,11,not_bloc,[money],True,False,,[not_bloc] [money] NULL 
psn_importer,nots,nots,یادداشت‌ها,12,not_bhei,[money],True,False,,[not_bhei] [money] NULL 
psn_importer,nots,nots,یادداشت‌ها,13,not_btab,[money],True,False,,[not_btab] [money] NULL 
psn_importer,nots,nots,یادداشت‌ها,14,not_bhar,[money],True,False,,[not_bhar] [money] NULL 
psn_importer,nots,nots,یادداشت‌ها,15,not_btjh,[money],True,False,,[not_btjh] [money] NULL 
psn_importer,nots,nots,یادداشت‌ها,16,not_bovh,[money],True,False,,[not_bovh] [money] NULL 
psn_importer,nots,nots,یادداشت‌ها,17,not_ploc,[money],True,False,,[not_ploc] [money] NULL 
psn_importer,nots,nots,یادداشت‌ها,18,not_phei,[money],True,False,,[not_phei] [money] NULL 
psn_importer,nots,nots,یادداشت‌ها,19,not_ptab,[money],True,False,,[not_ptab] [money] NULL 
psn_importer,nots,nots,یادداشت‌ها,20,not_phar,[money],True,False,,[not_phar] [money] NULL 
psn_importer,nots,nots,یادداشت‌ها,21,not_povh,[money],True,False,,[not_povh] [money] NULL 
psn_importer,nots,nots,یادداشت‌ها,22,not_ptjh,[money],True,False,,[not_ptjh] [money] NULL 
psn_importer,nots,nots,یادداشت‌ها,23,not_pyad,[ntext],True,False,,[not_pyad] [ntext] COLLATE Arabic_CI_AS NULL 
psn_importer,nots,nots,یادداشت‌ها,24,not_pynm,[nvarchar] (255),True,False,,[not_pynm] [nvarchar] (255) COLLATE Arabic_CI_AS NULL 
psn_importer,nots,nots,یادداشت‌ها,25,not_mbtlpt,[money],True,False,,[not_mbtlpt] [money] NULL 
psn_importer,nots,nots,یادداشت‌ها,26,not_mbtzpt,[money],True,False,,[not_mbtzpt] [money] NULL 
psn_importer,nots,nots,یادداشت‌ها,27,not_mbtlt,[money],True,False,,[not_mbtlt] [money] NULL 
psn_importer,nots,nots,یادداشت‌ها,28,not_mbsxt,[money],True,False,,[not_mbsxt] [money] NULL 
psn_importer,nots,nots,یادداشت‌ها,29,not_mbfht,[money],True,False,,[not_mbfht] [money] NULL 
psn_importer,nots,nots,یادداشت‌ها,30,not_mbtzt,[money],True,False,,[not_mbtzt] [money] NULL 
psn_importer,nots,nots,یادداشت‌ها,31,not_mbfzt,[money],True,False,,[not_mbfzt] [money] NULL 
psn_importer,nots,nots,یادداشت‌ها,32,not_mbszt,[money],True,False,,[not_mbszt] [money] NULL 
psn_importer,nots,nots,یادداشت‌ها,33,not_prbv,[nvarchar] (8),True,False,,[not_prbv] [nvarchar] (8) COLLATE Arabic_CI_AS NULL 
psn_importer,nots,nots,یادداشت‌ها,34,not_prps,[nvarchar] (8),True,False,,[not_prps] [nvarchar] (8) COLLATE Arabic_CI_AS NULL 
psn_importer,nots,nots,یادداشت‌ها,35,not_przr,[nvarchar] (8),True,False,,[not_przr] [nvarchar] (8) COLLATE Arabic_CI_AS NULL 
psn_importer,nots,nots,یادداشت‌ها,36,not_przrt,[nvarchar] (8),True,False,,[not_przrt] [nvarchar] (8) COLLATE Arabic_CI_AS NULL 
psn_importer,nots,nots,یادداشت‌ها,37,not_prpst,[nvarchar] (8),True,False,,[not_prpst] [nvarchar] (8) COLLATE Arabic_CI_AS NULL 
psn_importer,nots,nots,یادداشت‌ها,38,not_prbvt,[nvarchar] (8),True,False,,[not_prbvt] [nvarchar] (8) COLLATE Arabic_CI_AS NULL 
psn_importer,nots,nots,یادداشت‌ها,39,not_przrtz,[nvarchar] (8),True,False,,[not_przrtz] [nvarchar] (8) COLLATE Arabic_CI_AS NULL 
psn_importer,nots,nots,یادداشت‌ها,40,not_prpsz,[nvarchar] (8),True,False,,[not_prpsz] [nvarchar] (8) COLLATE Arabic_CI_AS NULL 
psn_importer,nots,nots,یادداشت‌ها,41,not_prbvz,[nvarchar] (8),True,False,,[not_prbvz] [nvarchar] (8) COLLATE Arabic_CI_AS NULL 
psn_importer,nots,nots,یادداشت‌ها,42,not_prpstz,[nvarchar] (8),True,False,,[not_prpstz] [nvarchar] (8) COLLATE Arabic_CI_AS NULL 
psn_importer,nots,nots,یادداشت‌ها,43,not_prbvtz,[nvarchar] (8),True,False,,[not_prbvtz] [nvarchar] (8) COLLATE Arabic_CI_AS NULL 
psn_importer,nots,nots,یادداشت‌ها,44,not_przrz,[nvarchar] (8),True,False,,[not_przrz] [nvarchar] (8) COLLATE Arabic_CI_AS NULL 
psn_importer,nots,nots,یادداشت‌ها,45,not_pyrd,[smallint],True,False,,[not_pyrd] [smallint] NULL
psn_importer,ntac,ntac,نامشخص/نیازمند بررسی,1,ntc_numb,[tinyint],True,False,,[ntc_numb] [tinyint] NULL 
psn_importer,ntac,ntac,نامشخص/نیازمند بررسی,2,ntc_name,[nvarchar] (25),True,False,,[ntc_name] [nvarchar] (25) COLLATE Arabic_CI_AS NULL 
psn_importer,ntac,ntac,نامشخص/نیازمند بررسی,3,ntc_pyad,[ntext],True,False,,[ntc_pyad] [ntext] COLLATE Arabic_CI_AS NULL 
psn_importer,ntac,ntac,نامشخص/نیازمند بررسی,4,ntc_pynm,[nvarchar] (255),True,False,,[ntc_pynm] [nvarchar] (255) COLLATE Arabic_CI_AS NULL 
psn_importer,ntac,ntac,نامشخص/نیازمند بررسی,5,ntc_pcal,[money],True,False,,[ntc_pcal] [money] NULL 
psn_importer,ntac,ntac,نامشخص/نیازمند بررسی,6,ntc_pcak,[money],True,False,,[ntc_pcak] [money] NULL 
psn_importer,ntac,ntac,نامشخص/نیازمند بررسی,7,ntc_pcoz,[money],True,False,,[ntc_pcoz] [money] NULL 
psn_importer,ntac,ntac,نامشخص/نیازمند بررسی,8,ntc_pcap,[money],True,False,,[ntc_pcap] [money] NULL
psn_importer,ovhd,ovhd,بالاسری/هزینه‌های اضافه,1,ovh_rad,[tinyint],True,False,,[ovh_rad] [tinyint] NULL 
psn_importer,ovhd,ovhd,بالاسری/هزینه‌های اضافه,2,ovh_dscr,[nvarchar] (50),True,False,,[ovh_dscr] [nvarchar] (50) COLLATE Arabic_CI_AS NULL 
psn_importer,ovhd,ovhd,بالاسری/هزینه‌های اضافه,3,ovh_mola,[nvarchar] (50),True,False,,[ovh_mola] [nvarchar] (50) COLLATE Arabic_CI_AS NULL 
psn_importer,ovhd,ovhd,بالاسری/هزینه‌های اضافه,4,ovh_prcn,[float],True,False,,[ovh_prcn] [float] NULL 
psn_importer,ovhd,ovhd,بالاسری/هزینه‌های اضافه,5,ovh_identity,[int],False,True,,"[ovh_identity] [int] IDENTITY (1, 1) NOT NULL"
psn_importer,ovma,ovma,ماشین‌آلات/هزینه اضافه,1,ovm_pcal,[money],True,False,,[ovm_pcal] [money] NULL 
psn_importer,ovma,ovma,ماشین‌آلات/هزینه اضافه,2,ovm_pchr,[money],True,False,,[ovm_pchr] [money] NULL 
psn_importer,ovma,ovma,ماشین‌آلات/هزینه اضافه,3,ovm_numb,[smallint],True,False,,[ovm_numb] [smallint] NULL 
psn_importer,ovma,ovma,ماشین‌آلات/هزینه اضافه,4,ovm_name,[nvarchar] (50),True,False,,[ovm_name] [nvarchar] (50) COLLATE Arabic_CI_AS NULL 
psn_importer,ovma,ovma,ماشین‌آلات/هزینه اضافه,5,ovm_rad,[smallint],True,False,,[ovm_rad] [smallint] NULL 
psn_importer,ovma,ovma,ماشین‌آلات/هزینه اضافه,6,ovm_mola,[ntext],True,False,,[ovm_mola] [ntext] COLLATE Arabic_CI_AS NULL 
psn_importer,ovma,ovma,ماشین‌آلات/هزینه اضافه,7,ovm_pert,[nvarchar] (10),True,False,,[ovm_pert] [nvarchar] (10) COLLATE Arabic_CI_AS NULL 
psn_importer,ovma,ovma,ماشین‌آلات/هزینه اضافه,8,ovm_kapc,[money],True,False,,[ovm_kapc] [money] NULL 
psn_importer,ovma,ovma,ماشین‌آلات/هزینه اضافه,9,ovm_mont,[float],True,False,,[ovm_mont] [float] NULL 
psn_importer,ovma,ovma,ماشین‌آلات/هزینه اضافه,10,ovm_identity,[int],False,True,,"[ovm_identity] [int] IDENTITY (1, 1) NOT NULL"
psn_importer,ovpr,ovpr,پرسنل/هزینه اضافه,1,ovp_pcal,[money],True,False,,[ovp_pcal] [money] NULL 
psn_importer,ovpr,ovpr,پرسنل/هزینه اضافه,2,ovp_pcmo,[money],True,False,,[ovp_pcmo] [money] NULL 
psn_importer,ovpr,ovpr,پرسنل/هزینه اضافه,3,ovp_numb,[smallint],True,False,,[ovp_numb] [smallint] NULL 
psn_importer,ovpr,ovpr,پرسنل/هزینه اضافه,4,ovp_name,[nvarchar] (50),True,False,,[ovp_name] [nvarchar] (50) COLLATE Arabic_CI_AS NULL 
psn_importer,ovpr,ovpr,پرسنل/هزینه اضافه,5,ovp_rad,[smallint],True,False,,[ovp_rad] [smallint] NULL 
psn_importer,ovpr,ovpr,پرسنل/هزینه اضافه,6,ovp_mola,[ntext],True,False,,[ovp_mola] [ntext] COLLATE Arabic_CI_AS NULL 
psn_importer,ovpr,ovpr,پرسنل/هزینه اضافه,7,ovp_mont,[float],True,False,,[ovp_mont] [float] NULL 
psn_importer,ovpr,ovpr,پرسنل/هزینه اضافه,8,ovp_identity,[int],False,True,,"[ovp_identity] [int] IDENTITY (1, 1) NOT NULL"
psn_importer,pjsz,pjsz,پروژه/سازمان,1,pjs_rzmt,[ntext],True,False,,[pjs_rzmt] [ntext] COLLATE Arabic_CI_AS NULL 
psn_importer,pjsz,pjsz,پروژه/سازمان,2,pjs_khmt,[ntext],True,False,,[pjs_khmt] [ntext] COLLATE Arabic_CI_AS NULL 
psn_importer,pjsz,pjsz,پروژه/سازمان,3,pjs_zrib,[ntext],True,False,,[pjs_zrib] [ntext] COLLATE Arabic_CI_AS NULL 
psn_importer,pjsz,pjsz,پروژه/سازمان,4,pjs_fosi,[ntext],True,False,,[pjs_fosi] [ntext] COLLATE Arabic_CI_AS NULL 
psn_importer,pjsz,pjsz,پروژه/سازمان,5,pjs_bgml,[ntext],True,False,,[pjs_bgml] [ntext] COLLATE Arabic_CI_AS NULL 
psn_importer,pjsz,pjsz,پروژه/سازمان,6,pjs_seas,[ntext],True,False,,[pjs_seas] [ntext] COLLATE Arabic_CI_AS NULL
psn_importer,rplc,rplc,جایگزینی/رابطه,1,rpl_rzsh,[nvarchar] (30),True,False,,[rpl_rzsh] [nvarchar] (30) COLLATE Arabic_CI_AS NULL 
psn_importer,rplc,rplc,جایگزینی/رابطه,2,rpl_rzshj,[nvarchar] (30),True,False,,[rpl_rzshj] [nvarchar] (30) COLLATE Arabic_CI_AS NULL
psn_importer,rplo,rplo,نامشخص/نیازمند بررسی,1,rpl_rzco,[nvarchar] (8),True,False,,[rpl_rzco] [nvarchar] (8) COLLATE Arabic_CI_AS NULL 
psn_importer,rplo,rplo,نامشخص/نیازمند بررسی,2,rpl_rzcoj,[nvarchar] (8),True,False,,[rpl_rzcoj] [nvarchar] (8) COLLATE Arabic_CI_AS NULL
psn_importer,rsdn,rsdn,نامشخص/نیازمند بررسی,1,rsd_nmfh,[nvarchar] (25),True,False,,[rsd_nmfh] [nvarchar] (25) COLLATE Arabic_CI_AS NULL 
psn_importer,rsdn,rsdn,نامشخص/نیازمند بررسی,2,rsd_year,[smallint],True,False,,[rsd_year] [smallint] NULL 
psn_importer,rsdn,rsdn,نامشخص/نیازمند بررسی,3,rsd_fhns,[nvarchar] (25),True,False,,[rsd_fhns] [nvarchar] (25) COLLATE Arabic_CI_AS NULL 
psn_importer,rsdn,rsdn,نامشخص/نیازمند بررسی,4,rsd_zrkh,[bit],False,False,,[rsd_zrkh] [bit] NOT NULL 
psn_importer,rsdn,rsdn,نامشخص/نیازمند بررسی,5,rsd_sng,[tinyint],True,False,,[rsd_sng] [tinyint] NULL 
psn_importer,rsdn,rsdn,نامشخص/نیازمند بررسی,6,rsd_zrns,[bit],False,False,,[rsd_zrns] [bit] NOT NULL 
psn_importer,rsdn,rsdn,نامشخص/نیازمند بررسی,7,rsd_smso,[tinyint],True,False,,[rsd_smso] [tinyint] NULL 
psn_importer,rsdn,rsdn,نامشخص/نیازمند بررسی,8,rsd_yrso,[smallint],True,False,,[rsd_yrso] [smallint] NULL 
psn_importer,rsdn,rsdn,نامشخص/نیازمند بررسی,9,rsd_smtg,[tinyint],True,False,,[rsd_smtg] [tinyint] NULL 
psn_importer,rsdn,rsdn,نامشخص/نیازمند بررسی,10,rsd_yrtg,[smallint],True,False,,[rsd_yrtg] [smallint] NULL 
psn_importer,rsdn,rsdn,نامشخص/نیازمند بررسی,11,rsd_smsk,[tinyint],True,False,,[rsd_smsk] [tinyint] NULL 
psn_importer,rsdn,rsdn,نامشخص/نیازمند بررسی,12,rsd_yrsk,[smallint],True,False,,[rsd_yrsk] [smallint] NULL 
psn_importer,rsdn,rsdn,نامشخص/نیازمند بررسی,13,rsd_smmk,[tinyint],True,False,,[rsd_smmk] [tinyint] NULL 
psn_importer,rsdn,rsdn,نامشخص/نیازمند بررسی,14,rsd_yrmk,[smallint],True,False,,[rsd_yrmk] [smallint] NULL 
psn_importer,rsdn,rsdn,نامشخص/نیازمند بررسی,15,rsd_zrsh,[nvarchar] (4),True,False,,[rsd_zrsh] [nvarchar] (4) COLLATE Arabic_CI_AS NULL 
psn_importer,rsdn,rsdn,نامشخص/نیازمند بررسی,16,rsd_rmnw,[tinyint],True,False,,[rsd_rmnw] [tinyint] NULL 
psn_importer,rsdn,rsdn,نامشخص/نیازمند بررسی,17,rsd_rzps,[nvarchar] (40),True,False,,[rsd_rzps] [nvarchar] (40) COLLATE Arabic_CI_AS NULL 
psn_importer,rsdn,rsdn,نامشخص/نیازمند بررسی,18,rsd_fbso,[tinyint],True,False,,[rsd_fbso] [tinyint] NULL 
psn_importer,rsdn,rsdn,نامشخص/نیازمند بررسی,19,rsd_scst,[nvarchar] (30),True,False,,[rsd_scst] [nvarchar] (30) COLLATE Arabic_CI_AS NULL 
psn_importer,rsdn,rsdn,نامشخص/نیازمند بررسی,20,rsd_scnu,[nvarchar] (5),True,False,,[rsd_scnu] [nvarchar] (5) COLLATE Arabic_CI_AS NULL 
psn_importer,rsdn,rsdn,نامشخص/نیازمند بررسی,21,rsd_srfbsh,[nvarchar] (30),True,False,,[rsd_srfbsh] [nvarchar] (30) COLLATE Arabic_CI_AS NULL 
psn_importer,rsdn,rsdn,نامشخص/نیازمند بررسی,22,rsd_srfbco,[nvarchar] (5),True,False,,[rsd_srfbco] [nvarchar] (5) COLLATE Arabic_CI_AS NULL 
psn_importer,rsdn,rsdn,نامشخص/نیازمند بررسی,23,rsd_srrzco,[nvarchar] (8),True,False,,[rsd_srrzco] [nvarchar] (8) COLLATE Arabic_CI_AS NULL 
psn_importer,rsdn,rsdn,نامشخص/نیازمند بررسی,24,rsd_srrzra,[nvarchar] (10),True,False,,[rsd_srrzra] [nvarchar] (10) COLLATE Arabic_CI_AS NULL 
psn_importer,rsdn,rsdn,نامشخص/نیازمند بررسی,25,rsd_srrzsh,[nvarchar] (30),True,False,,[rsd_srrzsh] [nvarchar] (30) COLLATE Arabic_CI_AS NULL 
psn_importer,rsdn,rsdn,نامشخص/نیازمند بررسی,26,rsd_sorz,[tinyint],True,False,,[rsd_sorz] [tinyint] NULL 
psn_importer,rsdn,rsdn,نامشخص/نیازمند بررسی,27,rsd_rztb,[tinyint],True,False,,[rsd_rztb] [tinyint] NULL 
psn_importer,rsdn,rsdn,نامشخص/نیازمند بررسی,28,rsd_rzjsf,[nvarchar] (30),True,False,,[rsd_rzjsf] [nvarchar] (30) COLLATE Arabic_CI_AS NULL 
psn_importer,rsdn,rsdn,نامشخص/نیازمند بررسی,29,rsd_rzjsj,[nvarchar] (30),True,False,,[rsd_rzjsj] [nvarchar] (30) COLLATE Arabic_CI_AS NULL 
psn_importer,rsdn,rsdn,نامشخص/نیازمند بررسی,30,rsd_rzjcf,[nvarchar] (8),True,False,,[rsd_rzjcf] [nvarchar] (8) COLLATE Arabic_CI_AS NULL 
psn_importer,rsdn,rsdn,نامشخص/نیازمند بررسی,31,rsd_rzjcj,[nvarchar] (8),True,False,,[rsd_rzjcj] [nvarchar] (8) COLLATE Arabic_CI_AS NULL 
psn_importer,rsdn,rsdn,نامشخص/نیازمند بررسی,32,rsd_fipg,[smallint],True,False,,[rsd_fipg] [smallint] NULL 
psn_importer,rsdn,rsdn,نامشخص/نیازمند بررسی,33,rsd_rpdt,[nvarchar] (10),True,False,,[rsd_rpdt] [nvarchar] (10) COLLATE Arabic_CI_AS NULL 
psn_importer,rsdn,rsdn,نامشخص/نیازمند بررسی,34,rsd_hmgp,[nvarchar] (20),True,False,,[rsd_hmgp] [nvarchar] (20) COLLATE Arabic_CI_AS NULL 
psn_importer,rsdn,rsdn,نامشخص/نیازمند بررسی,35,rsd_rzam,[tinyint],True,False,,[rsd_rzam] [tinyint] NULL 
psn_importer,rsdn,rsdn,نامشخص/نیازمند بررسی,36,rsd_rzmo,[tinyint],True,False,,[rsd_rzmo] [tinyint] NULL 
psn_importer,rsdn,rsdn,نامشخص/نیازمند بررسی,37,rsd_rzfu,[tinyint],True,False,,[rsd_rzfu] [tinyint] NULL 
psn_importer,rsdn,rsdn,نامشخص/نیازمند بررسی,38,rsd_hmbk,[bit],False,False,,[rsd_hmbk] [bit] NOT NULL 
psn_importer,rsdn,rsdn,نامشخص/نیازمند بررسی,39,rsd_lise,[smallint],True,False,,[rsd_lise] [smallint] NULL 
psn_importer,rsdn,rsdn,نامشخص/نیازمند بررسی,40,rsd_dfzr,[float],True,False,,[rsd_dfzr] [float] NULL 
psn_importer,rsdn,rsdn,نامشخص/نیازمند بررسی,41,rsd_tyrp,[tinyint],True,False,,[rsd_tyrp] [tinyint] NULL
psn_importer,rzmt,rzmt,ریزمتره,1,rmt_cofh,[nvarchar] (8),True,False,,[rmt_cofh] [nvarchar] (8) COLLATE Arabic_CI_AS NULL 
psn_importer,rzmt,rzmt,ریزمتره,2,rmt_dsps,[nvarchar] (40),True,False,,[rmt_dsps] [nvarchar] (40) COLLATE Arabic_CI_AS NULL 
psn_importer,rzmt,rzmt,ریزمتره,3,rmt_nufh,[tinyint],True,False,,[rmt_nufh] [tinyint] NULL 
psn_importer,rzmt,rzmt,ریزمتره,4,rmt_nuse,[nvarchar] (5),True,False,,[rmt_nuse] [nvarchar] (5) COLLATE Arabic_CI_AS NULL 
psn_importer,rzmt,rzmt,ریزمتره,5,rmt_nmse,[nvarchar] (40),True,False,,[rmt_nmse] [nvarchar] (40) COLLATE Arabic_CI_AS NULL 
psn_importer,rzmt,rzmt,ریزمتره,6,rmt_astr,[nvarchar] (1),True,False,,[rmt_astr] [nvarchar] (1) COLLATE Arabic_CI_AS NULL 
psn_importer,rzmt,rzmt,ریزمتره,7,rmt_fare,[nvarchar] (1),True,False,,[rmt_fare] [nvarchar] (1) COLLATE Arabic_CI_AS NULL 
psn_importer,rzmt,rzmt,ریزمتره,8,rmt_rad,[smallint],True,False,,[rmt_rad] [smallint] NULL 
psn_importer,rzmt,rzmt,ریزمتره,9,rmt_raj,[smallint],True,False,,[rmt_raj] [smallint] NULL 
psn_importer,rzmt,rzmt,ریزمتره,10,rmt_unit,[nvarchar] (20),True,False,,[rmt_unit] [nvarchar] (20) COLLATE Arabic_CI_AS NULL 
psn_importer,rzmt,rzmt,ریزمتره,11,rmt_dsmo,[ntext],True,False,,[rmt_dsmo] [ntext] COLLATE Arabic_CI_AS NULL 
psn_importer,rzmt,rzmt,ریزمتره,12,rmt_dsam,[ntext],True,False,,[rmt_dsam] [ntext] COLLATE Arabic_CI_AS NULL 
psn_importer,rzmt,rzmt,ریزمتره,13,rmt_radj,[smallint],True,False,,[rmt_radj] [smallint] NULL 
psn_importer,rzmt,rzmt,ریزمتره,14,rmt_rajj,[smallint],True,False,,[rmt_rajj] [smallint] NULL 
psn_importer,rzmt,rzmt,ریزمتره,15,rmt_dsfh,[ntext],True,False,,[rmt_dsfh] [ntext] COLLATE Arabic_CI_AS NULL 
psn_importer,rzmt,rzmt,ریزمتره,16,rmt_dsfb,[ntext],True,False,,[rmt_dsfb] [ntext] COLLATE Arabic_CI_AS NULL 
psn_importer,rzmt,rzmt,ریزمتره,17,rmt_pcun,[money],True,False,,[rmt_pcun] [money] NULL 
psn_importer,rzmt,rzmt,ریزمتره,18,rmt_valn,[real],True,False,,[rmt_valn] [real] NULL 
psn_importer,rzmt,rzmt,ریزمتره,19,rmt_mbgh,[nvarchar] (1),True,False,,[rmt_mbgh] [nvarchar] (1) COLLATE Arabic_CI_AS NULL 
psn_importer,rzmt,rzmt,ریزمتره,20,rmt_coad,[ntext],True,False,,[rmt_coad] [ntext] COLLATE Arabic_CI_AS NULL 
psn_importer,rzmt,rzmt,ریزمتره,21,rmt_tyun,[nvarchar] (30),True,False,,[rmt_tyun] [nvarchar] (30) COLLATE Arabic_CI_AS NULL 
psn_importer,rzmt,rzmt,ریزمتره,22,rmt_pcup,[money],True,False,,[rmt_pcup] [money] NULL 
psn_importer,rzmt,rzmt,ریزمتره,23,rmt_dsad,[nvarchar] (200),True,False,,[rmt_dsad] [nvarchar] (200) COLLATE Arabic_CI_AS NULL 
psn_importer,rzmt,rzmt,ریزمتره,24,rmt_numz,[nvarchar] (20),True,False,,[rmt_numz] [nvarchar] (20) COLLATE Arabic_CI_AS NULL 
psn_importer,rzmt,rzmt,ریزمتره,25,rmt_pynm,[nvarchar] (255),True,False,,[rmt_pynm] [nvarchar] (255) COLLATE Arabic_CI_AS NULL 
psn_importer,rzmt,rzmt,ریزمتره,26,rmt_pyad,[ntext],True,False,,[rmt_pyad] [ntext] COLLATE Arabic_CI_AS NULL 
psn_importer,rzmt,rzmt,ریزمتره,27,rmt_fmul,[nvarchar] (100),True,False,,[rmt_fmul] [nvarchar] (100) COLLATE Arabic_CI_AS NULL 
psn_importer,rzmt,rzmt,ریزمتره,28,rmt_summ,[float],True,False,,[rmt_summ] [float] NULL 
psn_importer,rzmt,rzmt,ریزمتره,29,rmt_tool,[float],True,False,,[rmt_tool] [float] NULL 
psn_importer,rzmt,rzmt,ریزمتره,30,rmt_arz,[float],True,False,,[rmt_arz] [float] NULL 
psn_importer,rzmt,rzmt,ریزمتره,31,rmt_heit,[float],True,False,,[rmt_heit] [float] NULL 
psn_importer,rzmt,rzmt,ریزمتره,32,rmt_sumj,[float],True,False,,[rmt_sumj] [float] NULL 
psn_importer,rzmt,rzmt,ریزمتره,33,rmt_sumt,[float],True,False,,[rmt_sumt] [float] NULL 
psn_importer,rzmt,rzmt,ریزمتره,34,rmt_numo,[float],True,False,,[rmt_numo] [float] NULL 
psn_importer,rzmt,rzmt,ریزمتره,35,rmt_raps,[smallint],True,False,,[rmt_raps] [smallint] NULL 
psn_importer,rzmt,rzmt,ریزمتره,36,rmt_coac,[nvarchar] (4),True,False,,[rmt_coac] [nvarchar] (4) COLLATE Arabic_CI_AS NULL 
psn_importer,rzmt,rzmt,ریزمتره,37,rmt_shac,[nvarchar] (200),True,False,,[rmt_shac] [nvarchar] (200) COLLATE Arabic_CI_AS NULL 
psn_importer,rzmt,rzmt,ریزمتره,38,rmt_tooz,[nvarchar] (20),True,False,,[rmt_tooz] [nvarchar] (20) COLLATE Arabic_CI_AS NULL 
psn_importer,rzmt,rzmt,ریزمتره,39,rmt_arzz,[nvarchar] (20),True,False,,[rmt_arzz] [nvarchar] (20) COLLATE Arabic_CI_AS NULL 
psn_importer,rzmt,rzmt,ریزمتره,40,rmt_heiz,[nvarchar] (20),True,False,,[rmt_heiz] [nvarchar] (20) COLLATE Arabic_CI_AS NULL 
psn_importer,rzmt,rzmt,ریزمتره,41,rmt_mora,[smallint],True,False,,[rmt_mora] [smallint] NULL 
psn_importer,rzmt,rzmt,ریزمتره,42,rmt_morj,[smallint],True,False,,[rmt_morj] [smallint] NULL 
psn_importer,rzmt,rzmt,ریزمتره,43,rmt_moco,[nvarchar] (8),True,False,,[rmt_moco] [nvarchar] (8) COLLATE Arabic_CI_AS NULL 
psn_importer,rzmt,rzmt,ریزمتره,44,rmt_main,[bit],False,False,,[rmt_main] [bit] NOT NULL 
psn_importer,rzmt,rzmt,ریزمتره,45,rmt_moya,[bit],False,False,,[rmt_moya] [bit] NOT NULL 
psn_importer,rzmt,rzmt,ریزمتره,46,rmt_mgrp,[nvarchar] (2),True,False,,[rmt_mgrp] [nvarchar] (2) COLLATE Arabic_CI_AS NULL 
psn_importer,rzmt,rzmt,ریزمتره,47,rmt_sgrp,[nvarchar] (200),True,False,,[rmt_sgrp] [nvarchar] (200) COLLATE Arabic_CI_AS NULL 
psn_importer,rzmt,rzmt,ریزمتره,48,rmt_picp,[nvarchar] (255),True,False,,[rmt_picp] [nvarchar] (255) COLLATE Arabic_CI_AS NULL 
psn_importer,rzmt,rzmt,ریزمتره,49,rmt_identity,[int],False,True,,"[rmt_identity] [int] IDENTITY (1, 1) NOT NULL"
psn_importer,sact,sact,نامشخص/نیازمند بررسی,1,ses_nufh,[tinyint],True,False,,[ses_nufh] [tinyint] NULL 
psn_importer,sact,sact,نامشخص/نیازمند بررسی,2,ses_numb,[nvarchar] (5),True,False,,[ses_numb] [nvarchar] (5) COLLATE Arabic_CI_AS NULL 
psn_importer,sact,sact,نامشخص/نیازمند بررسی,3,ses_name,[nvarchar] (50),True,False,,[ses_name] [nvarchar] (50) COLLATE Arabic_CI_AS NULL 
psn_importer,sact,sact,نامشخص/نیازمند بررسی,4,ses_pcfh,[money],True,False,,[ses_pcfh] [money] NULL 
psn_importer,sact,sact,نامشخص/نیازمند بررسی,5,ses_pcsx,[money],True,False,,[ses_pcsx] [money] NULL 
psn_importer,sact,sact,نامشخص/نیازمند بررسی,6,ses_pctlp,[money],True,False,,[ses_pctlp] [money] NULL 
psn_importer,sact,sact,نامشخص/نیازمند بررسی,7,ses_pctl,[money],True,False,,[ses_pctl] [money] NULL 
psn_importer,sact,sact,نامشخص/نیازمند بررسی,8,ses_pcfz,[money],True,False,,[ses_pcfz] [money] NULL 
psn_importer,sact,sact,نامشخص/نیازمند بررسی,9,ses_pcsz,[money],True,False,,[ses_pcsz] [money] NULL 
psn_importer,sact,sact,نامشخص/نیازمند بررسی,10,ses_pctzp,[money],True,False,,[ses_pctzp] [money] NULL 
psn_importer,sact,sact,نامشخص/نیازمند بررسی,11,ses_pctz,[money],True,False,,[ses_pctz] [money] NULL 
psn_importer,sact,sact,نامشخص/نیازمند بررسی,12,ses_valn,[real],True,False,,[ses_valn] [real] NULL 
psn_importer,sact,sact,نامشخص/نیازمند بررسی,13,ses_nuan,[smallint],True,False,,[ses_nuan] [smallint] NULL 
psn_importer,sact,sact,نامشخص/نیازمند بررسی,14,ses_nura,[smallint],True,False,,[ses_nura] [smallint] NULL 
psn_importer,sact,sact,نامشخص/نیازمند بررسی,15,ses_bloc,[money],True,False,,[ses_bloc] [money] NULL 
psn_importer,sact,sact,نامشخص/نیازمند بررسی,16,ses_bhei,[money],True,False,,[ses_bhei] [money] NULL 
psn_importer,sact,sact,نامشخص/نیازمند بررسی,17,ses_btab,[money],True,False,,[ses_btab] [money] NULL 
psn_importer,sact,sact,نامشخص/نیازمند بررسی,18,ses_bhar,[money],True,False,,[ses_bhar] [money] NULL 
psn_importer,sact,sact,نامشخص/نیازمند بررسی,19,ses_btjh,[money],True,False,,[ses_btjh] [money] NULL 
psn_importer,sact,sact,نامشخص/نیازمند بررسی,20,ses_bovh,[money],True,False,,[ses_bovh] [money] NULL 
psn_importer,sact,sact,نامشخص/نیازمند بررسی,21,ses_ploc,[money],True,False,,[ses_ploc] [money] NULL 
psn_importer,sact,sact,نامشخص/نیازمند بررسی,22,ses_phei,[money],True,False,,[ses_phei] [money] NULL 
psn_importer,sact,sact,نامشخص/نیازمند بررسی,23,ses_ptab,[money],True,False,,[ses_ptab] [money] NULL 
psn_importer,sact,sact,نامشخص/نیازمند بررسی,24,ses_phar,[money],True,False,,[ses_phar] [money] NULL 
psn_importer,sact,sact,نامشخص/نیازمند بررسی,25,ses_povh,[money],True,False,,[ses_povh] [money] NULL 
psn_importer,sact,sact,نامشخص/نیازمند بررسی,26,ses_ptjh,[money],True,False,,[ses_ptjh] [money] NULL 
psn_importer,sact,sact,نامشخص/نیازمند بررسی,27,ses_pyad,[ntext],True,False,,[ses_pyad] [ntext] COLLATE Arabic_CI_AS NULL 
psn_importer,sact,sact,نامشخص/نیازمند بررسی,28,ses_pynm,[nvarchar] (255),True,False,,[ses_pynm] [nvarchar] (255) COLLATE Arabic_CI_AS NULL 
psn_importer,sact,sact,نامشخص/نیازمند بررسی,29,ses_pctlpt,[money],True,False,,[ses_pctlpt] [money] NULL 
psn_importer,sact,sact,نامشخص/نیازمند بررسی,30,ses_pctlt,[money],True,False,,[ses_pctlt] [money] NULL 
psn_importer,sact,sact,نامشخص/نیازمند بررسی,31,ses_pcfht,[money],True,False,,[ses_pcfht] [money] NULL 
psn_importer,sact,sact,نامشخص/نیازمند بررسی,32,ses_pcsxt,[money],True,False,,[ses_pcsxt] [money] NULL 
psn_importer,sact,sact,نامشخص/نیازمند بررسی,33,ses_pctzpt,[money],True,False,,[ses_pctzpt] [money] NULL 
psn_importer,sact,sact,نامشخص/نیازمند بررسی,34,ses_pctzt,[money],True,False,,[ses_pctzt] [money] NULL 
psn_importer,sact,sact,نامشخص/نیازمند بررسی,35,ses_pcszt,[money],True,False,,[ses_pcszt] [money] NULL 
psn_importer,sact,sact,نامشخص/نیازمند بررسی,36,ses_pcfzt,[money],True,False,,[ses_pcfzt] [money] NULL 
psn_importer,sact,sact,نامشخص/نیازمند بررسی,37,ses_shnw,[money],True,False,,[ses_shnw] [money] NULL 
psn_importer,sact,sact,نامشخص/نیازمند بررسی,38,ses_shmb,[money],True,False,,[ses_shmb] [money] NULL 
psn_importer,sact,sact,نامشخص/نیازمند بررسی,39,ses_prbv,[money],True,False,,[ses_prbv] [money] NULL 
psn_importer,sact,sact,نامشخص/نیازمند بررسی,40,ses_prps,[money],True,False,,[ses_prps] [money] NULL 
psn_importer,sact,sact,نامشخص/نیازمند بررسی,41,ses_przr,[money],True,False,,[ses_przr] [money] NULL 
psn_importer,sact,sact,نامشخص/نیازمند بررسی,42,ses_przrt,[money],True,False,,[ses_przrt] [money] NULL 
psn_importer,sact,sact,نامشخص/نیازمند بررسی,43,ses_prpst,[money],True,False,,[ses_prpst] [money] NULL 
psn_importer,sact,sact,نامشخص/نیازمند بررسی,44,ses_prbvt,[money],True,False,,[ses_prbvt] [money] NULL 
psn_importer,sact,sact,نامشخص/نیازمند بررسی,45,ses_przrtz,[money],True,False,,[ses_przrtz] [money] NULL 
psn_importer,sact,sact,نامشخص/نیازمند بررسی,46,ses_prpsz,[money],True,False,,[ses_prpsz] [money] NULL 
psn_importer,sact,sact,نامشخص/نیازمند بررسی,47,ses_prbvz,[money],True,False,,[ses_prbvz] [money] NULL 
psn_importer,sact,sact,نامشخص/نیازمند بررسی,48,ses_prpstz,[money],True,False,,[ses_prpstz] [money] NULL 
psn_importer,sact,sact,نامشخص/نیازمند بررسی,49,ses_prbvtz,[money],True,False,,[ses_prbvtz] [money] NULL 
psn_importer,sact,sact,نامشخص/نیازمند بررسی,50,ses_przrz,[money],True,False,,[ses_przrz] [money] NULL 
psn_importer,sact,sact,نامشخص/نیازمند بررسی,51,ses_pyrd,[int],True,False,,[ses_pyrd] [int] NULL 
psn_importer,sact,sact,نامشخص/نیازمند بررسی,52,ses_49fh,[money],True,False,,[ses_49fh] [money] NULL 
psn_importer,sact,sact,نامشخص/نیازمند بررسی,53,ses_49as,[money],True,False,,[ses_49as] [money] NULL 
psn_importer,sact,sact,نامشخص/نیازمند بررسی,54,ses_49tl,[money],True,False,,[ses_49tl] [money] NULL 
psn_importer,sact,sact,نامشخص/نیازمند بررسی,55,ses_49fp,[money],True,False,,[ses_49fp] [money] NULL 
psn_importer,sact,sact,نامشخص/نیازمند بررسی,56,ses_49sp,[money],True,False,,[ses_49sp] [money] NULL 
psn_importer,sact,sact,نامشخص/نیازمند بررسی,57,ses_49tp,[money],True,False,,[ses_49tp] [money] NULL 
psn_importer,sact,sact,نامشخص/نیازمند بررسی,58,ses_coac,[nvarchar] (4),True,False,,[ses_coac] [nvarchar] (4) COLLATE Arabic_CI_AS NULL 
psn_importer,sact,sact,نامشخص/نیازمند بررسی,59,ses_shac,[nvarchar] (200),True,False,,[ses_shac] [nvarchar] (200) COLLATE Arabic_CI_AS NULL 
psn_importer,sact,sact,نامشخص/نیازمند بررسی,60,ses_mgrp,[nvarchar] (2),True,False,,[ses_mgrp] [nvarchar] (2) COLLATE Arabic_CI_AS NULL 
psn_importer,sact,sact,نامشخص/نیازمند بررسی,61,ses_sgrp,[nvarchar] (200),True,False,,[ses_sgrp] [nvarchar] (200) COLLATE Arabic_CI_AS NULL
psn_importer,scac,scac,نامشخص/نیازمند بررسی,1,src_grop,[tinyint],True,False,,[src_grop] [tinyint] NULL 
psn_importer,scac,scac,نامشخص/نیازمند بررسی,2,src_nufh,[tinyint],True,False,,[src_nufh] [tinyint] NULL 
psn_importer,scac,scac,نامشخص/نیازمند بررسی,3,src_codi,[ntext],True,False,,[src_codi] [ntext] COLLATE Arabic_CI_AS NULL 
psn_importer,scac,scac,نامشخص/نیازمند بررسی,4,src_unit,[nvarchar] (20),True,False,,[src_unit] [nvarchar] (20) COLLATE Arabic_CI_AS NULL 
psn_importer,scac,scac,نامشخص/نیازمند بررسی,5,src_pcun,[money],True,False,,[src_pcun] [money] NULL 
psn_importer,scac,scac,نامشخص/نیازمند بررسی,6,src_date,[nvarchar] (8),True,False,,[src_date] [nvarchar] (8) COLLATE Arabic_CI_AS NULL 
psn_importer,scac,scac,نامشخص/نیازمند بررسی,7,src_proj,[ntext],True,False,,[src_proj] [ntext] COLLATE Arabic_CI_AS NULL 
psn_importer,scac,scac,نامشخص/نیازمند بررسی,8,src_pcal,[money],True,False,,[src_pcal] [money] NULL 
psn_importer,scac,scac,نامشخص/نیازمند بررسی,9,src_prcn,[nvarchar] (8),True,False,,[src_prcn] [nvarchar] (8) COLLATE Arabic_CI_AS NULL 
psn_importer,scac,scac,نامشخص/نیازمند بررسی,10,src_rad,[int],True,False,,[src_rad] [int] NULL 
psn_importer,scac,scac,نامشخص/نیازمند بررسی,11,src_dscr,[ntext],True,False,,[src_dscr] [ntext] COLLATE Arabic_CI_AS NULL 
psn_importer,scac,scac,نامشخص/نیازمند بررسی,12,src_quan,[float],True,False,,[src_quan] [float] NULL 
psn_importer,scac,scac,نامشخص/نیازمند بررسی,13,src_coac,[nvarchar] (4),True,False,,[src_coac] [nvarchar] (4) COLLATE Arabic_CI_AS NULL 
psn_importer,scac,scac,نامشخص/نیازمند بررسی,14,src_shac,[nvarchar] (200),True,False,,[src_shac] [nvarchar] (200) COLLATE Arabic_CI_AS NULL 
psn_importer,scac,scac,نامشخص/نیازمند بررسی,15,src_totl,[bit],False,False,,[src_totl] [bit] NOT NULL 
psn_importer,scac,scac,نامشخص/نیازمند بررسی,16,src_nuse,[nvarchar] (5),True,False,,[src_nuse] [nvarchar] (5) COLLATE Arabic_CI_AS NULL 
psn_importer,scac,scac,نامشخص/نیازمند بررسی,17,src_nmse,[nvarchar] (50),True,False,,[src_nmse] [nvarchar] (50) COLLATE Arabic_CI_AS NULL 
psn_importer,scac,scac,نامشخص/نیازمند بررسی,18,src_identity,[int],False,True,,"[src_identity] [int] IDENTITY (1, 1) NOT NULL"
psn_importer,seas,seas,خلاصه فصل‌ها,1,ses_nufh,[tinyint],True,False,,[ses_nufh] [tinyint] NULL 
psn_importer,seas,seas,خلاصه فصل‌ها,2,ses_numb,[nvarchar] (5),True,False,,[ses_numb] [nvarchar] (5) COLLATE Arabic_CI_AS NULL 
psn_importer,seas,seas,خلاصه فصل‌ها,3,ses_name,[nvarchar] (50),True,False,,[ses_name] [nvarchar] (50) COLLATE Arabic_CI_AS NULL 
psn_importer,seas,seas,خلاصه فصل‌ها,4,ses_pcfh,[money],True,False,,[ses_pcfh] [money] NULL 
psn_importer,seas,seas,خلاصه فصل‌ها,5,ses_pcsx,[money],True,False,,[ses_pcsx] [money] NULL 
psn_importer,seas,seas,خلاصه فصل‌ها,6,ses_pctlp,[money],True,False,,[ses_pctlp] [money] NULL 
psn_importer,seas,seas,خلاصه فصل‌ها,7,ses_pctl,[money],True,False,,[ses_pctl] [money] NULL 
psn_importer,seas,seas,خلاصه فصل‌ها,8,ses_pcfz,[money],True,False,,[ses_pcfz] [money] NULL 
psn_importer,seas,seas,خلاصه فصل‌ها,9,ses_pcsz,[money],True,False,,[ses_pcsz] [money] NULL 
psn_importer,seas,seas,خلاصه فصل‌ها,10,ses_pctzp,[money],True,False,,[ses_pctzp] [money] NULL 
psn_importer,seas,seas,خلاصه فصل‌ها,11,ses_pctz,[money],True,False,,[ses_pctz] [money] NULL 
psn_importer,seas,seas,خلاصه فصل‌ها,12,ses_valn,[real],True,False,,[ses_valn] [real] NULL 
psn_importer,seas,seas,خلاصه فصل‌ها,13,ses_nuan,[smallint],True,False,,[ses_nuan] [smallint] NULL 
psn_importer,seas,seas,خلاصه فصل‌ها,14,ses_nura,[smallint],True,False,,[ses_nura] [smallint] NULL 
psn_importer,seas,seas,خلاصه فصل‌ها,15,ses_bloc,[money],True,False,,[ses_bloc] [money] NULL 
psn_importer,seas,seas,خلاصه فصل‌ها,16,ses_bhei,[money],True,False,,[ses_bhei] [money] NULL 
psn_importer,seas,seas,خلاصه فصل‌ها,17,ses_btab,[money],True,False,,[ses_btab] [money] NULL 
psn_importer,seas,seas,خلاصه فصل‌ها,18,ses_bhar,[money],True,False,,[ses_bhar] [money] NULL 
psn_importer,seas,seas,خلاصه فصل‌ها,19,ses_btjh,[money],True,False,,[ses_btjh] [money] NULL 
psn_importer,seas,seas,خلاصه فصل‌ها,20,ses_bovh,[money],True,False,,[ses_bovh] [money] NULL 
psn_importer,seas,seas,خلاصه فصل‌ها,21,ses_ploc,[money],True,False,,[ses_ploc] [money] NULL 
psn_importer,seas,seas,خلاصه فصل‌ها,22,ses_phei,[money],True,False,,[ses_phei] [money] NULL 
psn_importer,seas,seas,خلاصه فصل‌ها,23,ses_ptab,[money],True,False,,[ses_ptab] [money] NULL 
psn_importer,seas,seas,خلاصه فصل‌ها,24,ses_phar,[money],True,False,,[ses_phar] [money] NULL 
psn_importer,seas,seas,خلاصه فصل‌ها,25,ses_povh,[money],True,False,,[ses_povh] [money] NULL 
psn_importer,seas,seas,خلاصه فصل‌ها,26,ses_ptjh,[money],True,False,,[ses_ptjh] [money] NULL 
psn_importer,seas,seas,خلاصه فصل‌ها,27,ses_pyad,[ntext],True,False,,[ses_pyad] [ntext] COLLATE Arabic_CI_AS NULL 
psn_importer,seas,seas,خلاصه فصل‌ها,28,ses_pynm,[nvarchar] (255),True,False,,[ses_pynm] [nvarchar] (255) COLLATE Arabic_CI_AS NULL 
psn_importer,seas,seas,خلاصه فصل‌ها,29,ses_pctlpt,[money],True,False,,[ses_pctlpt] [money] NULL 
psn_importer,seas,seas,خلاصه فصل‌ها,30,ses_pctlt,[money],True,False,,[ses_pctlt] [money] NULL 
psn_importer,seas,seas,خلاصه فصل‌ها,31,ses_pcfht,[money],True,False,,[ses_pcfht] [money] NULL 
psn_importer,seas,seas,خلاصه فصل‌ها,32,ses_pcsxt,[money],True,False,,[ses_pcsxt] [money] NULL 
psn_importer,seas,seas,خلاصه فصل‌ها,33,ses_pctzpt,[money],True,False,,[ses_pctzpt] [money] NULL 
psn_importer,seas,seas,خلاصه فصل‌ها,34,ses_pctzt,[money],True,False,,[ses_pctzt] [money] NULL 
psn_importer,seas,seas,خلاصه فصل‌ها,35,ses_pcszt,[money],True,False,,[ses_pcszt] [money] NULL 
psn_importer,seas,seas,خلاصه فصل‌ها,36,ses_pcfzt,[money],True,False,,[ses_pcfzt] [money] NULL 
psn_importer,seas,seas,خلاصه فصل‌ها,37,ses_shnw,[float],True,False,,[ses_shnw] [float] NULL 
psn_importer,seas,seas,خلاصه فصل‌ها,38,ses_shmb,[float],True,False,,[ses_shmb] [float] NULL 
psn_importer,seas,seas,خلاصه فصل‌ها,39,ses_prbv,[nvarchar] (8),True,False,,[ses_prbv] [nvarchar] (8) COLLATE Arabic_CI_AS NULL 
psn_importer,seas,seas,خلاصه فصل‌ها,40,ses_prps,[nvarchar] (8),True,False,,[ses_prps] [nvarchar] (8) COLLATE Arabic_CI_AS NULL 
psn_importer,seas,seas,خلاصه فصل‌ها,41,ses_przr,[nvarchar] (8),True,False,,[ses_przr] [nvarchar] (8) COLLATE Arabic_CI_AS NULL 
psn_importer,seas,seas,خلاصه فصل‌ها,42,ses_przrt,[nvarchar] (8),True,False,,[ses_przrt] [nvarchar] (8) COLLATE Arabic_CI_AS NULL 
psn_importer,seas,seas,خلاصه فصل‌ها,43,ses_prpst,[nvarchar] (8),True,False,,[ses_prpst] [nvarchar] (8) COLLATE Arabic_CI_AS NULL 
psn_importer,seas,seas,خلاصه فصل‌ها,44,ses_prbvt,[nvarchar] (8),True,False,,[ses_prbvt] [nvarchar] (8) COLLATE Arabic_CI_AS NULL 
psn_importer,seas,seas,خلاصه فصل‌ها,45,ses_przrtz,[nvarchar] (8),True,False,,[ses_przrtz] [nvarchar] (8) COLLATE Arabic_CI_AS NULL 
psn_importer,seas,seas,خلاصه فصل‌ها,46,ses_prpsz,[nvarchar] (8),True,False,,[ses_prpsz] [nvarchar] (8) COLLATE Arabic_CI_AS NULL 
psn_importer,seas,seas,خلاصه فصل‌ها,47,ses_prbvz,[nvarchar] (8),True,False,,[ses_prbvz] [nvarchar] (8) COLLATE Arabic_CI_AS NULL 
psn_importer,seas,seas,خلاصه فصل‌ها,48,ses_prpstz,[nvarchar] (8),True,False,,[ses_prpstz] [nvarchar] (8) COLLATE Arabic_CI_AS NULL 
psn_importer,seas,seas,خلاصه فصل‌ها,49,ses_prbvtz,[nvarchar] (8),True,False,,[ses_prbvtz] [nvarchar] (8) COLLATE Arabic_CI_AS NULL 
psn_importer,seas,seas,خلاصه فصل‌ها,50,ses_przrz,[nvarchar] (8),True,False,,[ses_przrz] [nvarchar] (8) COLLATE Arabic_CI_AS NULL 
psn_importer,seas,seas,خلاصه فصل‌ها,51,ses_49fh,[money],True,False,,[ses_49fh] [money] NULL 
psn_importer,seas,seas,خلاصه فصل‌ها,52,ses_49as,[money],True,False,,[ses_49as] [money] NULL 
psn_importer,seas,seas,خلاصه فصل‌ها,53,ses_49tl,[money],True,False,,[ses_49tl] [money] NULL 
psn_importer,seas,seas,خلاصه فصل‌ها,54,ses_49fp,[money],True,False,,[ses_49fp] [money] NULL 
psn_importer,seas,seas,خلاصه فصل‌ها,55,ses_49sp,[money],True,False,,[ses_49sp] [money] NULL 
psn_importer,seas,seas,خلاصه فصل‌ها,56,ses_49tp,[money],True,False,,[ses_49tp] [money] NULL 
psn_importer,seas,seas,خلاصه فصل‌ها,57,ses_pyrd,[smallint],True,False,,[ses_pyrd] [smallint] NULL
psn_importer,secu,secu,نامشخص/نیازمند بررسی,1,sec_nuty,[smallint],True,False,,[sec_nuty] [smallint] NULL 
psn_importer,secu,secu,نامشخص/نیازمند بررسی,2,sec_nufh,[tinyint],True,False,,[sec_nufh] [tinyint] NULL 
psn_importer,secu,secu,نامشخص/نیازمند بررسی,3,sec_nusv,[nvarchar] (20),True,False,,[sec_nusv] [nvarchar] (20) COLLATE Arabic_CI_AS NULL 
psn_importer,secu,secu,نامشخص/نیازمند بررسی,4,sec_pass,[nvarchar] (10),True,False,,[sec_pass] [nvarchar] (10) COLLATE Arabic_CI_AS NULL
psn_importer,situ,situ,نامشخص/نیازمند بررسی,1,stu_date,[nvarchar] (10),True,False,,[stu_date] [nvarchar] (10) COLLATE Arabic_CI_AS NULL 
psn_importer,situ,situ,نامشخص/نیازمند بررسی,2,stu_wzkh,[tinyint],True,False,,[stu_wzkh] [tinyint] NULL 
psn_importer,situ,situ,نامشخص/نیازمند بررسی,3,stu_trfm,[tinyint],True,False,,[stu_trfm] [tinyint] NULL 
psn_importer,situ,situ,نامشخص/نیازمند بررسی,4,stu_type,[nvarchar] (10),True,False,,[stu_type] [nvarchar] (10) COLLATE Arabic_CI_AS NULL 
psn_importer,situ,situ,نامشخص/نیازمند بررسی,5,stu_tyol,[nvarchar] (10),True,False,,[stu_tyol] [nvarchar] (10) COLLATE Arabic_CI_AS NULL 
psn_importer,situ,situ,نامشخص/نیازمند بررسی,6,stu_daol,[nvarchar] (10),True,False,,[stu_daol] [nvarchar] (10) COLLATE Arabic_CI_AS NULL 
psn_importer,situ,situ,نامشخص/نیازمند بررسی,7,stu_avg,[bit],False,False,,[stu_avg] [bit] NOT NULL 
psn_importer,situ,situ,نامشخص/نیازمند بررسی,8,stu_numb,[nvarchar] (10),True,False,,[stu_numb] [nvarchar] (10) COLLATE Arabic_CI_AS NULL 
psn_importer,situ,situ,نامشخص/نیازمند بررسی,9,stu_nuol,[nvarchar] (10),True,False,,[stu_nuol] [nvarchar] (10) COLLATE Arabic_CI_AS NULL
psn_importer,sorc,sorc,منابع/جمع‌بندی,1,src_grop,[tinyint],True,False,,[src_grop] [tinyint] NULL 
psn_importer,sorc,sorc,منابع/جمع‌بندی,2,src_nufh,[tinyint],True,False,,[src_nufh] [tinyint] NULL 
psn_importer,sorc,sorc,منابع/جمع‌بندی,3,src_codi,[ntext],True,False,,[src_codi] [ntext] COLLATE Arabic_CI_AS NULL 
psn_importer,sorc,sorc,منابع/جمع‌بندی,4,src_unit,[nvarchar] (20),True,False,,[src_unit] [nvarchar] (20) COLLATE Arabic_CI_AS NULL 
psn_importer,sorc,sorc,منابع/جمع‌بندی,5,src_pcun,[money],True,False,,[src_pcun] [money] NULL 
psn_importer,sorc,sorc,منابع/جمع‌بندی,6,src_date,[nvarchar] (8),True,False,,[src_date] [nvarchar] (8) COLLATE Arabic_CI_AS NULL 
psn_importer,sorc,sorc,منابع/جمع‌بندی,7,src_proj,[ntext],True,False,,[src_proj] [ntext] COLLATE Arabic_CI_AS NULL 
psn_importer,sorc,sorc,منابع/جمع‌بندی,8,src_pcal,[money],True,False,,[src_pcal] [money] NULL 
psn_importer,sorc,sorc,منابع/جمع‌بندی,9,src_prcn,[nvarchar] (8),True,False,,[src_prcn] [nvarchar] (8) COLLATE Arabic_CI_AS NULL 
psn_importer,sorc,sorc,منابع/جمع‌بندی,10,src_rad,[int],True,False,,[src_rad] [int] NULL 
psn_importer,sorc,sorc,منابع/جمع‌بندی,11,src_dscr,[ntext],True,False,,[src_dscr] [ntext] COLLATE Arabic_CI_AS NULL 
psn_importer,sorc,sorc,منابع/جمع‌بندی,12,src_quan,[float],True,False,,[src_quan] [float] NULL 
psn_importer,sorc,sorc,منابع/جمع‌بندی,13,src_nuse,[nvarchar] (5),True,False,,[src_nuse] [nvarchar] (5) COLLATE Arabic_CI_AS NULL 
psn_importer,sorc,sorc,منابع/جمع‌بندی,14,src_nmse,[nvarchar] (50),True,False,,[src_nmse] [nvarchar] (50) COLLATE Arabic_CI_AS NULL 
psn_importer,sorc,sorc,منابع/جمع‌بندی,15,src_totl,[bit],False,False,,[src_totl] [bit] NOT NULL 
psn_importer,sorc,sorc,منابع/جمع‌بندی,16,src_identity,[int],False,True,,"[src_identity] [int] IDENTITY (1, 1) NOT NULL"
psn_importer,srch,srch,نامشخص/نیازمند بررسی,1,src_seas,[nvarchar] (30),True,False,,[src_seas] [nvarchar] (30) COLLATE Arabic_CI_AS NULL 
psn_importer,srch,srch,نامشخص/نیازمند بررسی,2,src_senu,[nvarchar] (5),True,False,,[src_senu] [nvarchar] (5) COLLATE Arabic_CI_AS NULL
psn_importer,srrz,srrz,نامشخص/نیازمند بررسی,1,src_rzco,[nvarchar] (8),True,False,,[src_rzco] [nvarchar] (8) COLLATE Arabic_CI_AS NULL 
psn_importer,srrz,srrz,نامشخص/نیازمند بررسی,2,src_rzra,[nvarchar] (10),True,False,,[src_rzra] [nvarchar] (10) COLLATE Arabic_CI_AS NULL 
psn_importer,srrz,srrz,نامشخص/نیازمند بررسی,3,src_rzsh,[nvarchar] (30),True,False,,[src_rzsh] [nvarchar] (30) COLLATE Arabic_CI_AS NULL
psn_importer,titz,titz,نامشخص/نیازمند بررسی,1,tit_plm,[nvarchar] (15),True,False,,[tit_plm] [nvarchar] (15) COLLATE Arabic_CI_AS NULL 
psn_importer,titz,titz,نامشخص/نیازمند بررسی,2,tit_ovh,[nvarchar] (15),True,False,,[tit_ovh] [nvarchar] (15) COLLATE Arabic_CI_AS NULL 
psn_importer,titz,titz,نامشخص/نیازمند بررسی,3,tit_loca,[nvarchar] (15),True,False,,[tit_loca] [nvarchar] (15) COLLATE Arabic_CI_AS NULL 
psn_importer,titz,titz,نامشخص/نیازمند بررسی,4,tit_hed,[nvarchar] (15),True,False,,[tit_hed] [nvarchar] (15) COLLATE Arabic_CI_AS NULL 
psn_importer,titz,titz,نامشخص/نیازمند بررسی,5,tit_tab,[nvarchar] (15),True,False,,[tit_tab] [nvarchar] (15) COLLATE Arabic_CI_AS NULL 
psn_importer,titz,titz,نامشخص/نیازمند بررسی,6,tit_har,[nvarchar] (15),True,False,,[tit_har] [nvarchar] (15) COLLATE Arabic_CI_AS NULL 
psn_importer,titz,titz,نامشخص/نیازمند بررسی,7,tit_zrt,[nvarchar] (15),True,False,,[tit_zrt] [nvarchar] (15) COLLATE Arabic_CI_AS NULL 
psn_importer,titz,titz,نامشخص/نیازمند بررسی,8,tit_cnv,[nvarchar] (15),True,False,,[tit_cnv] [nvarchar] (15) COLLATE Arabic_CI_AS NULL 
psn_importer,titz,titz,نامشخص/نیازمند بررسی,9,tit_plmb,[nvarchar] (15),True,False,,[tit_plmb] [nvarchar] (15) COLLATE Arabic_CI_AS NULL 
psn_importer,titz,titz,نامشخص/نیازمند بررسی,10,tit_ovhb,[nvarchar] (15),True,False,,[tit_ovhb] [nvarchar] (15) COLLATE Arabic_CI_AS NULL 
psn_importer,titz,titz,نامشخص/نیازمند بررسی,11,tit_locab,[nvarchar] (15),True,False,,[tit_locab] [nvarchar] (15) COLLATE Arabic_CI_AS NULL 
psn_importer,titz,titz,نامشخص/نیازمند بررسی,12,tit_hedb,[nvarchar] (15),True,False,,[tit_hedb] [nvarchar] (15) COLLATE Arabic_CI_AS NULL 
psn_importer,titz,titz,نامشخص/نیازمند بررسی,13,tit_tabb,[nvarchar] (15),True,False,,[tit_tabb] [nvarchar] (15) COLLATE Arabic_CI_AS NULL 
psn_importer,titz,titz,نامشخص/نیازمند بررسی,14,tit_harb,[nvarchar] (15),True,False,,[tit_harb] [nvarchar] (15) COLLATE Arabic_CI_AS NULL 
psn_importer,titz,titz,نامشخص/نیازمند بررسی,15,tit_zrtb,[nvarchar] (15),True,False,,[tit_zrtb] [nvarchar] (15) COLLATE Arabic_CI_AS NULL 
psn_importer,titz,titz,نامشخص/نیازمند بررسی,16,tit_cnvb,[nvarchar] (15),True,False,,[tit_cnvb] [nvarchar] (15) COLLATE Arabic_CI_AS NULL
psn_importer,tjhz,tjhz,نامشخص/نیازمند بررسی,1,tjz_rad,[smallint],True,False,,[tjz_rad] [smallint] NULL 
psn_importer,tjhz,tjhz,نامشخص/نیازمند بررسی,2,tjz_dscr,[nvarchar] (250),True,False,,[tjz_dscr] [nvarchar] (250) COLLATE Arabic_CI_AS NULL 
psn_importer,tjhz,tjhz,نامشخص/نیازمند بررسی,3,tjz_unit,[nvarchar] (30),True,False,,[tjz_unit] [nvarchar] (30) COLLATE Arabic_CI_AS NULL 
psn_importer,tjhz,tjhz,نامشخص/نیازمند بررسی,4,tjz_pcun,[money],True,False,,[tjz_pcun] [money] NULL 
psn_importer,tjhz,tjhz,نامشخص/نیازمند بررسی,5,tjz_quan,[float],True,False,,[tjz_quan] [float] NULL 
psn_importer,tjhz,tjhz,نامشخص/نیازمند بررسی,6,tjz_quzr,[nvarchar] (50),True,False,,[tjz_quzr] [nvarchar] (50) COLLATE Arabic_CI_AS NULL 
psn_importer,tjhz,tjhz,نامشخص/نیازمند بررسی,7,tjz_pcal,[money],True,False,,[tjz_pcal] [money] NULL 
psn_importer,tjhz,tjhz,نامشخص/نیازمند بررسی,8,tjz_mola,[nvarchar] (250),True,False,,[tjz_mola] [nvarchar] (250) COLLATE Arabic_CI_AS NULL 
psn_importer,tjhz,tjhz,نامشخص/نیازمند بررسی,9,tjz_identity,[int],False,True,,"[tjz_identity] [int] IDENTITY (1, 1) NOT NULL"
psn_importer,zrhi,zrhi,نامشخص/نیازمند بررسی,1,zrh_heit,[float],True,False,,[zrh_heit] [float] NULL 
psn_importer,zrhi,zrhi,نامشخص/نیازمند بررسی,2,zrh_taba,[float],True,False,,[zrh_taba] [float] NULL 
psn_importer,zrhi,zrhi,نامشخص/نیازمند بررسی,3,zrh_heio,[float],True,False,,[zrh_heio] [float] NULL
psn_importer,zrtb,zrtb,ضرایب/تجهیز,1,ztb_dscr,[nvarchar] (200),True,False,,[ztb_dscr] [nvarchar] (200) COLLATE Arabic_CI_AS NULL 
psn_importer,zrtb,zrtb,ضرایب/تجهیز,2,ztb_area,[float],True,False,,[ztb_area] [float] NULL 
psn_importer,zrtb,zrtb,ضرایب/تجهیز,3,ztb_rad,[int],True,False,,[ztb_rad] [int] NULL 
psn_importer,zrtb,zrtb,ضرایب/تجهیز,4,ztb_numb,[nvarchar] (3),True,False,,[ztb_numb] [nvarchar] (3) COLLATE Arabic_CI_AS NULL
svz_importer,acti,acti,فعالیت/اکشن,1,act_code,[nvarchar] (4),True,False,,[act_code] [nvarchar] (4) COLLATE Arabic_CI_AS NULL 
svz_importer,acti,acti,فعالیت/اکشن,2,act_name,[nvarchar] (200),True,False,,[act_name] [nvarchar] (200) COLLATE Arabic_CI_AS NULL 
svz_importer,acti,acti,فعالیت/اکشن,3,act_nmla,[nvarchar] (200),True,False,,[act_nmla] [nvarchar] (200) COLLATE Arabic_CI_AS NULL 
svz_importer,acti,acti,فعالیت/اکشن,4,act_rad,[smallint],True,False,,[act_rad] [smallint] NULL 
svz_importer,acti,acti,فعالیت/اکشن,5,act_nufh,[tinyint],True,False,,[act_nufh] [tinyint] NULL 
svz_importer,acti,acti,فعالیت/اکشن,6,act_engl,[ntext],True,False,,[act_engl] [ntext] COLLATE Arabic_CI_AS NULL 
svz_importer,acti,acti,فعالیت/اکشن,7,act_fars,[ntext],True,False,,[act_fars] [ntext] COLLATE Arabic_CI_AS NULL 
svz_importer,acti,acti,فعالیت/اکشن,8,act_unla,[nvarchar] (50),True,False,,[act_unla] [nvarchar] (50) COLLATE Arabic_CI_AS NULL 
svz_importer,acti,acti,فعالیت/اکشن,9,act_unit,[nvarchar] (50),True,False,,[act_unit] [nvarchar] (50) COLLATE Arabic_CI_AS NULL 
svz_importer,acti,acti,فعالیت/اکشن,10,act_type,[smallint],True,False,,[act_type] [smallint] NULL 
svz_importer,acti,acti,فعالیت/اکشن,11,act_mgrp,[nvarchar] (2),True,False,,[act_mgrp] [nvarchar] (2) COLLATE Arabic_CI_AS NULL 
svz_importer,acti,acti,فعالیت/اکشن,12,act_sgrp,[nvarchar] (200),True,False,,[act_sgrp] [nvarchar] (200) COLLATE Arabic_CI_AS NULL 
svz_importer,acti,acti,فعالیت/اکشن,13,act_identity,[int],False,True,,"[act_identity] [int] IDENTITY (1, 1) NOT NULL"
svz_importer,acts,acts,فعالیت‌ها/فهرست فعالیت,1,acs_code,[nvarchar] (4),True,False,,[acs_code] [nvarchar] (4) COLLATE Arabic_CI_AS NULL 
svz_importer,acts,acts,فعالیت‌ها/فهرست فعالیت,2,acs_name,[nvarchar] (200),True,False,,[acs_name] [nvarchar] (200) COLLATE Arabic_CI_AS NULL 
svz_importer,acts,acts,فعالیت‌ها/فهرست فعالیت,3,acs_nmla,[nvarchar] (200),True,False,,[acs_nmla] [nvarchar] (200) COLLATE Arabic_CI_AS NULL 
svz_importer,acts,acts,فعالیت‌ها/فهرست فعالیت,4,acs_rad,[smallint],True,False,,[acs_rad] [smallint] NULL 
svz_importer,acts,acts,فعالیت‌ها/فهرست فعالیت,5,acs_nufh,[tinyint],True,False,,[acs_nufh] [tinyint] NULL 
svz_importer,acts,acts,فعالیت‌ها/فهرست فعالیت,6,acs_engl,[ntext],True,False,,[acs_engl] [ntext] COLLATE Arabic_CI_AS NULL 
svz_importer,acts,acts,فعالیت‌ها/فهرست فعالیت,7,acs_fars,[ntext],True,False,,[acs_fars] [ntext] COLLATE Arabic_CI_AS NULL 
svz_importer,acts,acts,فعالیت‌ها/فهرست فعالیت,8,acs_unla,[nvarchar] (50),True,False,,[acs_unla] [nvarchar] (50) COLLATE Arabic_CI_AS NULL 
svz_importer,acts,acts,فعالیت‌ها/فهرست فعالیت,9,acs_unit,[nvarchar] (50),True,False,,[acs_unit] [nvarchar] (50) COLLATE Arabic_CI_AS NULL 
svz_importer,acts,acts,فعالیت‌ها/فهرست فعالیت,10,acs_quan,[float],True,False,,[acs_quan] [float] NULL 
svz_importer,acts,acts,فعالیت‌ها/فهرست فعالیت,11,acs_qubr,[float],True,False,,[acs_qubr] [float] NULL 
svz_importer,acts,acts,فعالیت‌ها/فهرست فعالیت,12,acs_pcal,[money],True,False,,[acs_pcal] [money] NULL 
svz_importer,acts,acts,فعالیت‌ها/فهرست فعالیت,13,acs_pcab,[money],True,False,,[acs_pcab] [money] NULL 
svz_importer,acts,acts,فعالیت‌ها/فهرست فعالیت,14,acs_pcun,[money],True,False,,[acs_pcun] [money] NULL 
svz_importer,acts,acts,فعالیت‌ها/فهرست فعالیت,15,acs_pcub,[money],True,False,,[acs_pcub] [money] NULL 
svz_importer,acts,acts,فعالیت‌ها/فهرست فعالیت,16,acs_nusv,[nvarchar] (10),True,False,,[acs_nusv] [nvarchar] (10) COLLATE Arabic_CI_AS NULL 
svz_importer,acts,acts,فعالیت‌ها/فهرست فعالیت,17,acs_nuty,[tinyint],True,False,,[acs_nuty] [tinyint] NULL 
svz_importer,acts,acts,فعالیت‌ها/فهرست فعالیت,18,acs_pcak,[money],True,False,,[acs_pcak] [money] NULL 
svz_importer,acts,acts,فعالیت‌ها/فهرست فعالیت,19,acs_pcao,[money],True,False,,[acs_pcao] [money] NULL 
svz_importer,acts,acts,فعالیت‌ها/فهرست فعالیت,20,acs_mgrp,[nvarchar] (2),True,False,,[acs_mgrp] [nvarchar] (2) COLLATE Arabic_CI_AS NULL 
svz_importer,acts,acts,فعالیت‌ها/فهرست فعالیت,21,acs_sgrp,[nvarchar] (200),True,False,,[acs_sgrp] [nvarchar] (200) COLLATE Arabic_CI_AS NULL 
svz_importer,acts,acts,فعالیت‌ها/فهرست فعالیت,22,acs_przc,[float],True,False,,[acs_przc] [float] NULL 
svz_importer,acts,acts,فعالیت‌ها/فهرست فعالیت,23,acs_prac,[float],True,False,,[acs_prac] [float] NULL 
svz_importer,acts,acts,فعالیت‌ها/فهرست فعالیت,24,acs_pdzc,[float],True,False,,[acs_pdzc] [float] NULL 
svz_importer,acts,acts,فعالیت‌ها/فهرست فعالیت,25,acs_pdac,[float],True,False,,[acs_pdac] [float] NULL 
svz_importer,acts,acts,فعالیت‌ها/فهرست فعالیت,26,acs_identity,[int],False,True,,"[acs_identity] [int] IDENTITY (1, 1) NOT NULL"
svz_importer,ahta,ahta,تعدیل/آحاد,1,ata_nufh,[tinyint],True,False,,[ata_nufh] [tinyint] NULL 
svz_importer,ahta,ahta,تعدیل/آحاد,2,ata_nuse,[nvarchar] (5),True,False,,[ata_nuse] [nvarchar] (5) COLLATE Arabic_CI_AS NULL 
svz_importer,ahta,ahta,تعدیل/آحاد,3,ata_name,[nvarchar] (50),True,False,,[ata_name] [nvarchar] (50) COLLATE Arabic_CI_AS NULL 
svz_importer,ahta,ahta,تعدیل/آحاد,4,ata_pcnw,[money],True,False,,[ata_pcnw] [money] NULL 
svz_importer,ahta,ahta,تعدیل/آحاد,5,ata_pcol,[money],True,False,,[ata_pcol] [money] NULL 
svz_importer,ahta,ahta,تعدیل/آحاد,6,ata_pcdf,[money],True,False,,[ata_pcdf] [money] NULL 
svz_importer,ahta,ahta,تعدیل/آحاد,7,ata_tiwk,[smallint],True,False,,[ata_tiwk] [smallint] NULL 
svz_importer,ahta,ahta,تعدیل/آحاد,8,ata_tipd,[smallint],True,False,,[ata_tipd] [smallint] NULL 
svz_importer,ahta,ahta,تعدیل/آحاد,9,ata_pcwp,[money],True,False,,[ata_pcwp] [money] NULL 
svz_importer,ahta,ahta,تعدیل/آحاد,10,ata_pcta,[money],True,False,,[ata_pcta] [money] NULL 
svz_importer,ahta,ahta,تعدیل/آحاد,11,ata_inrd,[tinyint],True,False,,[ata_inrd] [tinyint] NULL 
svz_importer,ahta,ahta,تعدیل/آحاد,12,ata_nuty,[tinyint],True,False,,[ata_nuty] [tinyint] NULL 
svz_importer,ahta,ahta,تعدیل/آحاد,13,ata_pcnz,[money],True,False,,[ata_pcnz] [money] NULL 
svz_importer,ahta,ahta,تعدیل/آحاد,14,ata_pcoz,[money],True,False,,[ata_pcoz] [money] NULL 
svz_importer,ahta,ahta,تعدیل/آحاد,15,ata_pcdz,[money],True,False,,[ata_pcdz] [money] NULL 
svz_importer,ahta,ahta,تعدیل/آحاد,16,ata_pcwz,[money],True,False,,[ata_pcwz] [money] NULL 
svz_importer,ahta,ahta,تعدیل/آحاد,17,ata_pctz,[money],True,False,,[ata_pctz] [money] NULL 
svz_importer,ahta,ahta,تعدیل/آحاد,18,ata_valn,[real],True,False,,[ata_valn] [real] NULL 
svz_importer,ahta,ahta,تعدیل/آحاد,19,ata_pctj,[money],True,False,,[ata_pctj] [money] NULL 
svz_importer,ahta,ahta,تعدیل/آحاد,20,ata_nusv,[nvarchar] (10),True,False,,[ata_nusv] [nvarchar] (10) COLLATE Arabic_CI_AS NULL 
svz_importer,ahta,ahta,تعدیل/آحاد,21,ata_pcnwj,[money],True,False,,[ata_pcnwj] [money] NULL 
svz_importer,ahta,ahta,تعدیل/آحاد,22,ata_pcolj,[money],True,False,,[ata_pcolj] [money] NULL 
svz_importer,ahta,ahta,تعدیل/آحاد,23,ata_pcdfj,[money],True,False,,[ata_pcdfj] [money] NULL 
svz_importer,ahta,ahta,تعدیل/آحاد,24,ata_pcnzj,[money],True,False,,[ata_pcnzj] [money] NULL 
svz_importer,ahta,ahta,تعدیل/آحاد,25,ata_pcozj,[money],True,False,,[ata_pcozj] [money] NULL 
svz_importer,ahta,ahta,تعدیل/آحاد,26,ata_pcdzj,[money],True,False,,[ata_pcdzj] [money] NULL 
svz_importer,ahta,ahta,تعدیل/آحاد,27,ata_prio,[nvarchar] (20),True,False,,[ata_prio] [nvarchar] (20) COLLATE Arabic_CI_AS NULL 
svz_importer,ahta,ahta,تعدیل/آحاد,28,ata_lpv,[bit],False,False,,[ata_lpv] [bit] NOT NULL 
svz_importer,ahta,ahta,تعدیل/آحاد,29,ata_nutn,[tinyint],True,False,,[ata_nutn] [tinyint] NULL 
svz_importer,ahta,ahta,تعدیل/آحاد,30,ata_new,[nvarchar] (50),True,False,,[ata_new] [nvarchar] (50) COLLATE Arabic_CI_AS NULL 
svz_importer,ahta,ahta,تعدیل/آحاد,31,ata_prka,[nvarchar] (7),True,False,,[ata_prka] [nvarchar] (7) COLLATE Arabic_CI_AS NULL 
svz_importer,ahta,ahta,تعدیل/آحاد,32,ata_shnw,[float],True,False,,[ata_shnw] [float] NULL 
svz_importer,ahta,ahta,تعدیل/آحاد,33,ata_shbs,[float],True,False,,[ata_shbs] [float] NULL 
svz_importer,ahta,ahta,تعدیل/آحاد,34,ata_zrta,[float],True,False,,[ata_zrta] [float] NULL 
svz_importer,ahta,ahta,تعدیل/آحاد,35,ata_tose,[nvarchar] (5),True,False,,[ata_tose] [nvarchar] (5) COLLATE Arabic_CI_AS NULL 
svz_importer,ahta,ahta,تعدیل/آحاد,36,ata_tofh,[tinyint],True,False,,[ata_tofh] [tinyint] NULL 
svz_importer,ahta,ahta,تعدیل/آحاد,37,ata_tons,[nvarchar] (50),True,False,,[ata_tons] [nvarchar] (50) COLLATE Arabic_CI_AS NULL 
svz_importer,ahta,ahta,تعدیل/آحاد,38,ata_tonf,[nvarchar] (50),True,False,,[ata_tonf] [nvarchar] (50) COLLATE Arabic_CI_AS NULL 
svz_importer,ahta,ahta,تعدیل/آحاد,39,ata_type,[nvarchar] (10),True,False,,[ata_type] [nvarchar] (10) COLLATE Arabic_CI_AS NULL 
svz_importer,ahta,ahta,تعدیل/آحاد,40,ata_itms,[ntext],True,False,,[ata_itms] [ntext] COLLATE Arabic_CI_AS NULL 
svz_importer,ahta,ahta,تعدیل/آحاد,41,ata_nusej,[nvarchar] (5),True,False,,[ata_nusej] [nvarchar] (5) COLLATE Arabic_CI_AS NULL
svz_importer,bgml,bgml,برگه مالی,1,bgm_cofh,[nvarchar] (8),True,False,,[bgm_cofh] [nvarchar] (8) COLLATE Arabic_CI_AS NULL 
svz_importer,bgml,bgml,برگه مالی,2,bgm_desc,[ntext],True,False,,[bgm_desc] [ntext] COLLATE Arabic_CI_AS NULL 
svz_importer,bgml,bgml,برگه مالی,3,bgm_pcun,[money],True,False,,[bgm_pcun] [money] NULL 
svz_importer,bgml,bgml,برگه مالی,4,bgm_pcal,[money],True,False,,[bgm_pcal] [money] NULL 
svz_importer,bgml,bgml,برگه مالی,5,bgm_pcst,[money],True,False,,[bgm_pcst] [money] NULL 
svz_importer,bgml,bgml,برگه مالی,6,bgm_rad,[smallint],True,False,,[bgm_rad] [smallint] NULL 
svz_importer,bgml,bgml,برگه مالی,7,bgm_nuse,[nvarchar] (5),True,False,,[bgm_nuse] [nvarchar] (5) COLLATE Arabic_CI_AS NULL 
svz_importer,bgml,bgml,برگه مالی,8,bgm_nmse,[nvarchar] (40),True,False,,[bgm_nmse] [nvarchar] (40) COLLATE Arabic_CI_AS NULL 
svz_importer,bgml,bgml,برگه مالی,9,bgm_nufh,[tinyint],True,False,,[bgm_nufh] [tinyint] NULL 
svz_importer,bgml,bgml,برگه مالی,10,bgm_nuty,[tinyint],True,False,,[bgm_nuty] [tinyint] NULL 
svz_importer,bgml,bgml,برگه مالی,11,bgm_unit,[nvarchar] (20),True,False,,[bgm_unit] [nvarchar] (20) COLLATE Arabic_CI_AS NULL 
svz_importer,bgml,bgml,برگه مالی,12,bgm_astr,[nvarchar] (1),True,False,,[bgm_astr] [nvarchar] (1) COLLATE Arabic_CI_AS NULL 
svz_importer,bgml,bgml,برگه مالی,13,bgm_nusv,[nvarchar] (10),True,False,,[bgm_nusv] [nvarchar] (10) COLLATE Arabic_CI_AS NULL 
svz_importer,bgml,bgml,برگه مالی,14,bgm_prcn,[nvarchar] (6),True,False,,[bgm_prcn] [nvarchar] (6) COLLATE Arabic_CI_AS NULL 
svz_importer,bgml,bgml,برگه مالی,15,bgm_radj,[smallint],True,False,,[bgm_radj] [smallint] NULL 
svz_importer,bgml,bgml,برگه مالی,16,bgm_valn,[real],True,False,,[bgm_valn] [real] NULL 
svz_importer,bgml,bgml,برگه مالی,17,bgm_pcup,[money],True,False,,[bgm_pcup] [money] NULL 
svz_importer,bgml,bgml,برگه مالی,18,bgm_pcap,[money],True,False,,[bgm_pcap] [money] NULL 
svz_importer,bgml,bgml,برگه مالی,19,bgm_prcp,[nvarchar] (10),True,False,,[bgm_prcp] [nvarchar] (10) COLLATE Arabic_CI_AS NULL 
svz_importer,bgml,bgml,برگه مالی,20,bgm_quzr,[nvarchar] (20),True,False,,[bgm_quzr] [nvarchar] (20) COLLATE Arabic_CI_AS NULL 
svz_importer,bgml,bgml,برگه مالی,21,bgm_pczr,[nvarchar] (20),True,False,,[bgm_pczr] [nvarchar] (20) COLLATE Arabic_CI_AS NULL 
svz_importer,bgml,bgml,برگه مالی,22,bgm_mbgh,[nvarchar] (1),True,False,,[bgm_mbgh] [nvarchar] (1) COLLATE Arabic_CI_AS NULL 
svz_importer,bgml,bgml,برگه مالی,23,bgm_coad,[ntext],True,False,,[bgm_coad] [ntext] COLLATE Arabic_CI_AS NULL 
svz_importer,bgml,bgml,برگه مالی,24,bgm_mpwk,[bit],False,False,,[bgm_mpwk] [bit] NOT NULL 
svz_importer,bgml,bgml,برگه مالی,25,bgm_abst,[ntext],True,False,,[bgm_abst] [ntext] COLLATE Arabic_CI_AS NULL 
svz_importer,bgml,bgml,برگه مالی,26,bgm_dsad,[nvarchar] (200),True,False,,[bgm_dsad] [nvarchar] (200) COLLATE Arabic_CI_AS NULL 
svz_importer,bgml,bgml,برگه مالی,27,bgm_edi,[bit],False,False,,[bgm_edi] [bit] NOT NULL 
svz_importer,bgml,bgml,برگه مالی,28,bgm_pyad,[ntext],True,False,,[bgm_pyad] [ntext] COLLATE Arabic_CI_AS NULL 
svz_importer,bgml,bgml,برگه مالی,29,bgm_pynm,[nvarchar] (255),True,False,,[bgm_pynm] [nvarchar] (255) COLLATE Arabic_CI_AS NULL 
svz_importer,bgml,bgml,برگه مالی,30,bgm_pctb,[money],True,False,,[bgm_pctb] [money] NULL 
svz_importer,bgml,bgml,برگه مالی,31,bgm_fmul,[nvarchar] (100),True,False,,[bgm_fmul] [nvarchar] (100) COLLATE Arabic_CI_AS NULL 
svz_importer,bgml,bgml,برگه مالی,32,bgm_quan,[float],True,False,,[bgm_quan] [float] NULL 
svz_importer,bgml,bgml,برگه مالی,33,bgm_quol,[float],True,False,,[bgm_quol] [float] NULL 
svz_importer,bgml,bgml,برگه مالی,34,bgm_qust,[float],True,False,,[bgm_qust] [float] NULL 
svz_importer,bgml,bgml,برگه مالی,35,bgm_notd,[bit],False,False,,[bgm_notd] [bit] NOT NULL 
svz_importer,bgml,bgml,برگه مالی,36,bgm_pcol,[money],True,False,,[bgm_pcol] [money] NULL 
svz_importer,bgml,bgml,برگه مالی,37,bgm_typf,[nvarchar] (1),True,False,,[bgm_typf] [nvarchar] (1) COLLATE Arabic_CI_AS NULL 
svz_importer,bgml,bgml,برگه مالی,38,bgm_coda,[nvarchar] (8),True,False,,[bgm_coda] [nvarchar] (8) COLLATE Arabic_CI_AS NULL 
svz_importer,bgml,bgml,برگه مالی,39,bgm_repe,[bit],False,False,,[bgm_repe] [bit] NOT NULL 
svz_importer,bgml,bgml,برگه مالی,40,bgm_equa,[nvarchar] (1),True,False,,[bgm_equa] [nvarchar] (1) COLLATE Arabic_CI_AS NULL 
svz_importer,bgml,bgml,برگه مالی,41,bgm_identity,[int],False,True,,"[bgm_identity] [int] IDENTITY (1, 1) NOT NULL "
svz_importer,bgml,bgml,برگه مالی,42,bgm_no_tatbigh_in_cnv,[bit],True,False,,[bgm_no_tatbigh_in_cnv] [bit] NULL 
svz_importer,bgml,bgml,برگه مالی,43,bgm_mora,[smallint],True,False,,[bgm_mora] [smallint] NULL
svz_importer,bgts,bgts,نامشخص/نیازمند بررسی,1,bgm_cofh,[nvarchar] (8),True,False,,[bgm_cofh] [nvarchar] (8) COLLATE Arabic_CI_AS NULL 
svz_importer,bgts,bgts,نامشخص/نیازمند بررسی,2,bgm_desc,[ntext],True,False,,[bgm_desc] [ntext] COLLATE Arabic_CI_AS NULL 
svz_importer,bgts,bgts,نامشخص/نیازمند بررسی,3,bgm_pcun,[money],True,False,,[bgm_pcun] [money] NULL 
svz_importer,bgts,bgts,نامشخص/نیازمند بررسی,4,bgm_pcal,[money],True,False,,[bgm_pcal] [money] NULL 
svz_importer,bgts,bgts,نامشخص/نیازمند بررسی,5,bgm_pcst,[money],True,False,,[bgm_pcst] [money] NULL 
svz_importer,bgts,bgts,نامشخص/نیازمند بررسی,6,bgm_rad,[smallint],True,False,,[bgm_rad] [smallint] NULL 
svz_importer,bgts,bgts,نامشخص/نیازمند بررسی,7,bgm_nuse,[nvarchar] (5),True,False,,[bgm_nuse] [nvarchar] (5) COLLATE Arabic_CI_AS NULL 
svz_importer,bgts,bgts,نامشخص/نیازمند بررسی,8,bgm_nmse,[nvarchar] (40),True,False,,[bgm_nmse] [nvarchar] (40) COLLATE Arabic_CI_AS NULL 
svz_importer,bgts,bgts,نامشخص/نیازمند بررسی,9,bgm_nufh,[tinyint],True,False,,[bgm_nufh] [tinyint] NULL 
svz_importer,bgts,bgts,نامشخص/نیازمند بررسی,10,bgm_nuty,[tinyint],True,False,,[bgm_nuty] [tinyint] NULL 
svz_importer,bgts,bgts,نامشخص/نیازمند بررسی,11,bgm_unit,[nvarchar] (20),True,False,,[bgm_unit] [nvarchar] (20) COLLATE Arabic_CI_AS NULL 
svz_importer,bgts,bgts,نامشخص/نیازمند بررسی,12,bgm_astr,[nvarchar] (1),True,False,,[bgm_astr] [nvarchar] (1) COLLATE Arabic_CI_AS NULL 
svz_importer,bgts,bgts,نامشخص/نیازمند بررسی,13,bgm_nusv,[nvarchar] (10),True,False,,[bgm_nusv] [nvarchar] (10) COLLATE Arabic_CI_AS NULL 
svz_importer,bgts,bgts,نامشخص/نیازمند بررسی,14,bgm_prcn,[nvarchar] (6),True,False,,[bgm_prcn] [nvarchar] (6) COLLATE Arabic_CI_AS NULL 
svz_importer,bgts,bgts,نامشخص/نیازمند بررسی,15,bgm_radj,[smallint],True,False,,[bgm_radj] [smallint] NULL 
svz_importer,bgts,bgts,نامشخص/نیازمند بررسی,16,bgm_valn,[real],True,False,,[bgm_valn] [real] NULL 
svz_importer,bgts,bgts,نامشخص/نیازمند بررسی,17,bgm_pcup,[money],True,False,,[bgm_pcup] [money] NULL 
svz_importer,bgts,bgts,نامشخص/نیازمند بررسی,18,bgm_pcap,[money],True,False,,[bgm_pcap] [money] NULL 
svz_importer,bgts,bgts,نامشخص/نیازمند بررسی,19,bgm_prcp,[nvarchar] (10),True,False,,[bgm_prcp] [nvarchar] (10) COLLATE Arabic_CI_AS NULL 
svz_importer,bgts,bgts,نامشخص/نیازمند بررسی,20,bgm_quzr,[nvarchar] (20),True,False,,[bgm_quzr] [nvarchar] (20) COLLATE Arabic_CI_AS NULL 
svz_importer,bgts,bgts,نامشخص/نیازمند بررسی,21,bgm_pczr,[nvarchar] (20),True,False,,[bgm_pczr] [nvarchar] (20) COLLATE Arabic_CI_AS NULL 
svz_importer,bgts,bgts,نامشخص/نیازمند بررسی,22,bgm_mbgh,[nvarchar] (1),True,False,,[bgm_mbgh] [nvarchar] (1) COLLATE Arabic_CI_AS NULL 
svz_importer,bgts,bgts,نامشخص/نیازمند بررسی,23,bgm_coad,[ntext],True,False,,[bgm_coad] [ntext] COLLATE Arabic_CI_AS NULL 
svz_importer,bgts,bgts,نامشخص/نیازمند بررسی,24,bgm_mpwk,[bit],False,False,,[bgm_mpwk] [bit] NOT NULL 
svz_importer,bgts,bgts,نامشخص/نیازمند بررسی,25,bgm_abst,[ntext],True,False,,[bgm_abst] [ntext] COLLATE Arabic_CI_AS NULL 
svz_importer,bgts,bgts,نامشخص/نیازمند بررسی,26,bgm_dsad,[nvarchar] (200),True,False,,[bgm_dsad] [nvarchar] (200) COLLATE Arabic_CI_AS NULL 
svz_importer,bgts,bgts,نامشخص/نیازمند بررسی,27,bgm_edi,[bit],False,False,,[bgm_edi] [bit] NOT NULL 
svz_importer,bgts,bgts,نامشخص/نیازمند بررسی,28,bgm_pyad,[ntext],True,False,,[bgm_pyad] [ntext] COLLATE Arabic_CI_AS NULL 
svz_importer,bgts,bgts,نامشخص/نیازمند بررسی,29,bgm_pynm,[nvarchar] (255),True,False,,[bgm_pynm] [nvarchar] (255) COLLATE Arabic_CI_AS NULL 
svz_importer,bgts,bgts,نامشخص/نیازمند بررسی,30,bgm_pctb,[money],True,False,,[bgm_pctb] [money] NULL 
svz_importer,bgts,bgts,نامشخص/نیازمند بررسی,31,bgm_fmul,[nvarchar] (100),True,False,,[bgm_fmul] [nvarchar] (100) COLLATE Arabic_CI_AS NULL 
svz_importer,bgts,bgts,نامشخص/نیازمند بررسی,32,bgm_quan,[float],True,False,,[bgm_quan] [float] NULL 
svz_importer,bgts,bgts,نامشخص/نیازمند بررسی,33,bgm_quol,[float],True,False,,[bgm_quol] [float] NULL 
svz_importer,bgts,bgts,نامشخص/نیازمند بررسی,34,bgm_qust,[float],True,False,,[bgm_qust] [float] NULL 
svz_importer,bgts,bgts,نامشخص/نیازمند بررسی,35,bgm_notd,[bit],False,False,,[bgm_notd] [bit] NOT NULL 
svz_importer,bgts,bgts,نامشخص/نیازمند بررسی,36,bgm_pcol,[money],True,False,,[bgm_pcol] [money] NULL 
svz_importer,bgts,bgts,نامشخص/نیازمند بررسی,37,bgm_typf,[nvarchar] (1),True,False,,[bgm_typf] [nvarchar] (1) COLLATE Arabic_CI_AS NULL 
svz_importer,bgts,bgts,نامشخص/نیازمند بررسی,38,bgm_tose,[nvarchar] (5),True,False,,[bgm_tose] [nvarchar] (5) COLLATE Arabic_CI_AS NULL 
svz_importer,bgts,bgts,نامشخص/نیازمند بررسی,39,bgm_tofh,[tinyint],True,False,,[bgm_tofh] [tinyint] NULL 
svz_importer,bgts,bgts,نامشخص/نیازمند بررسی,40,bgm_tons,[nvarchar] (50),True,False,,[bgm_tons] [nvarchar] (50) COLLATE Arabic_CI_AS NULL 
svz_importer,bgts,bgts,نامشخص/نیازمند بررسی,41,bgm_tonf,[nvarchar] (50),True,False,,[bgm_tonf] [nvarchar] (50) COLLATE Arabic_CI_AS NULL 
svz_importer,bgts,bgts,نامشخص/نیازمند بررسی,42,bgm_type,[nvarchar] (10),True,False,,[bgm_type] [nvarchar] (10) COLLATE Arabic_CI_AS NULL 
svz_importer,bgts,bgts,نامشخص/نیازمند بررسی,43,bgm_itms,[ntext],True,False,,[bgm_itms] [ntext] COLLATE Arabic_CI_AS NULL 
svz_importer,bgts,bgts,نامشخص/نیازمند بررسی,44,bgm_nusej,[nvarchar] (5),True,False,,[bgm_nusej] [nvarchar] (5) COLLATE Arabic_CI_AS NULL 
svz_importer,bgts,bgts,نامشخص/نیازمند بررسی,45,bgm_shnw,[float],True,False,,[bgm_shnw] [float] NULL 
svz_importer,bgts,bgts,نامشخص/نیازمند بررسی,46,bgm_shmb,[float],True,False,,[bgm_shmb] [float] NULL 
svz_importer,bgts,bgts,نامشخص/نیازمند بررسی,47,bgm_pcaz,[money],True,False,,[bgm_pcaz] [money] NULL 
svz_importer,bgts,bgts,نامشخص/نیازمند بررسی,48,bgm_pcoz,[money],True,False,,[bgm_pcoz] [money] NULL
svz_importer,bmac,bmac,پایه/ماشین‌آلات?,1,bgm_cofh,[nvarchar] (8),True,False,,[bgm_cofh] [nvarchar] (8) COLLATE Arabic_CI_AS NULL 
svz_importer,bmac,bmac,پایه/ماشین‌آلات?,2,bgm_desc,[ntext],True,False,,[bgm_desc] [ntext] COLLATE Arabic_CI_AS NULL 
svz_importer,bmac,bmac,پایه/ماشین‌آلات?,3,bgm_pcun,[money],True,False,,[bgm_pcun] [money] NULL 
svz_importer,bmac,bmac,پایه/ماشین‌آلات?,4,bgm_pcal,[money],True,False,,[bgm_pcal] [money] NULL 
svz_importer,bmac,bmac,پایه/ماشین‌آلات?,5,bgm_pcst,[money],True,False,,[bgm_pcst] [money] NULL 
svz_importer,bmac,bmac,پایه/ماشین‌آلات?,6,bgm_rad,[smallint],True,False,,[bgm_rad] [smallint] NULL 
svz_importer,bmac,bmac,پایه/ماشین‌آلات?,7,bgm_nuse,[nvarchar] (5),True,False,,[bgm_nuse] [nvarchar] (5) COLLATE Arabic_CI_AS NULL 
svz_importer,bmac,bmac,پایه/ماشین‌آلات?,8,bgm_nmse,[nvarchar] (40),True,False,,[bgm_nmse] [nvarchar] (40) COLLATE Arabic_CI_AS NULL 
svz_importer,bmac,bmac,پایه/ماشین‌آلات?,9,bgm_nufh,[tinyint],True,False,,[bgm_nufh] [tinyint] NULL 
svz_importer,bmac,bmac,پایه/ماشین‌آلات?,10,bgm_nuty,[tinyint],True,False,,[bgm_nuty] [tinyint] NULL 
svz_importer,bmac,bmac,پایه/ماشین‌آلات?,11,bgm_unit,[nvarchar] (20),True,False,,[bgm_unit] [nvarchar] (20) COLLATE Arabic_CI_AS NULL 
svz_importer,bmac,bmac,پایه/ماشین‌آلات?,12,bgm_astr,[nvarchar] (1),True,False,,[bgm_astr] [nvarchar] (1) COLLATE Arabic_CI_AS NULL 
svz_importer,bmac,bmac,پایه/ماشین‌آلات?,13,bgm_nusv,[nvarchar] (10),True,False,,[bgm_nusv] [nvarchar] (10) COLLATE Arabic_CI_AS NULL 
svz_importer,bmac,bmac,پایه/ماشین‌آلات?,14,bgm_prcn,[nvarchar] (6),True,False,,[bgm_prcn] [nvarchar] (6) COLLATE Arabic_CI_AS NULL 
svz_importer,bmac,bmac,پایه/ماشین‌آلات?,15,bgm_radj,[smallint],True,False,,[bgm_radj] [smallint] NULL 
svz_importer,bmac,bmac,پایه/ماشین‌آلات?,16,bgm_valn,[real],True,False,,[bgm_valn] [real] NULL 
svz_importer,bmac,bmac,پایه/ماشین‌آلات?,17,bgm_pcup,[money],True,False,,[bgm_pcup] [money] NULL 
svz_importer,bmac,bmac,پایه/ماشین‌آلات?,18,bgm_pcap,[money],True,False,,[bgm_pcap] [money] NULL 
svz_importer,bmac,bmac,پایه/ماشین‌آلات?,19,bgm_prcp,[nvarchar] (10),True,False,,[bgm_prcp] [nvarchar] (10) COLLATE Arabic_CI_AS NULL 
svz_importer,bmac,bmac,پایه/ماشین‌آلات?,20,bgm_quzr,[nvarchar] (20),True,False,,[bgm_quzr] [nvarchar] (20) COLLATE Arabic_CI_AS NULL 
svz_importer,bmac,bmac,پایه/ماشین‌آلات?,21,bgm_pczr,[nvarchar] (20),True,False,,[bgm_pczr] [nvarchar] (20) COLLATE Arabic_CI_AS NULL 
svz_importer,bmac,bmac,پایه/ماشین‌آلات?,22,bgm_mbgh,[nvarchar] (1),True,False,,[bgm_mbgh] [nvarchar] (1) COLLATE Arabic_CI_AS NULL 
svz_importer,bmac,bmac,پایه/ماشین‌آلات?,23,bgm_coad,[ntext],True,False,,[bgm_coad] [ntext] COLLATE Arabic_CI_AS NULL 
svz_importer,bmac,bmac,پایه/ماشین‌آلات?,24,bgm_mpwk,[bit],False,False,,[bgm_mpwk] [bit] NOT NULL 
svz_importer,bmac,bmac,پایه/ماشین‌آلات?,25,bgm_abst,[ntext],True,False,,[bgm_abst] [ntext] COLLATE Arabic_CI_AS NULL 
svz_importer,bmac,bmac,پایه/ماشین‌آلات?,26,bgm_dsad,[nvarchar] (200),True,False,,[bgm_dsad] [nvarchar] (200) COLLATE Arabic_CI_AS NULL 
svz_importer,bmac,bmac,پایه/ماشین‌آلات?,27,bgm_edi,[bit],False,False,,[bgm_edi] [bit] NOT NULL 
svz_importer,bmac,bmac,پایه/ماشین‌آلات?,28,bgm_pyad,[ntext],True,False,,[bgm_pyad] [ntext] COLLATE Arabic_CI_AS NULL 
svz_importer,bmac,bmac,پایه/ماشین‌آلات?,29,bgm_pynm,[nvarchar] (255),True,False,,[bgm_pynm] [nvarchar] (255) COLLATE Arabic_CI_AS NULL 
svz_importer,bmac,bmac,پایه/ماشین‌آلات?,30,bgm_pctb,[money],True,False,,[bgm_pctb] [money] NULL 
svz_importer,bmac,bmac,پایه/ماشین‌آلات?,31,bgm_fmul,[nvarchar] (100),True,False,,[bgm_fmul] [nvarchar] (100) COLLATE Arabic_CI_AS NULL 
svz_importer,bmac,bmac,پایه/ماشین‌آلات?,32,bgm_quan,[float],True,False,,[bgm_quan] [float] NULL 
svz_importer,bmac,bmac,پایه/ماشین‌آلات?,33,bgm_quol,[float],True,False,,[bgm_quol] [float] NULL 
svz_importer,bmac,bmac,پایه/ماشین‌آلات?,34,bgm_qust,[float],True,False,,[bgm_qust] [float] NULL 
svz_importer,bmac,bmac,پایه/ماشین‌آلات?,35,bgm_notd,[bit],False,False,,[bgm_notd] [bit] NOT NULL 
svz_importer,bmac,bmac,پایه/ماشین‌آلات?,36,bgm_pcol,[money],True,False,,[bgm_pcol] [money] NULL 
svz_importer,bmac,bmac,پایه/ماشین‌آلات?,37,bgm_typf,[nvarchar] (1),True,False,,[bgm_typf] [nvarchar] (1) COLLATE Arabic_CI_AS NULL 
svz_importer,bmac,bmac,پایه/ماشین‌آلات?,38,bgm_coac,[nvarchar] (4),True,False,,[bgm_coac] [nvarchar] (4) COLLATE Arabic_CI_AS NULL 
svz_importer,bmac,bmac,پایه/ماشین‌آلات?,39,bgm_shac,[nvarchar] (200),True,False,,[bgm_shac] [nvarchar] (200) COLLATE Arabic_CI_AS NULL 
svz_importer,bmac,bmac,پایه/ماشین‌آلات?,40,bgm_coda,[nvarchar] (8),True,False,,[bgm_coda] [nvarchar] (8) COLLATE Arabic_CI_AS NULL 
svz_importer,bmac,bmac,پایه/ماشین‌آلات?,41,bgm_mgrp,[nvarchar] (2),True,False,,[bgm_mgrp] [nvarchar] (2) COLLATE Arabic_CI_AS NULL 
svz_importer,bmac,bmac,پایه/ماشین‌آلات?,42,bgm_sgrp,[nvarchar] (200),True,False,,[bgm_sgrp] [nvarchar] (200) COLLATE Arabic_CI_AS NULL 
svz_importer,bmac,bmac,پایه/ماشین‌آلات?,43,bgm_prcb,[float],True,False,,[bgm_prcb] [float] NULL 
svz_importer,bmac,bmac,پایه/ماشین‌آلات?,44,bgm_prcf,[float],True,False,,[bgm_prcf] [float] NULL 
svz_importer,bmac,bmac,پایه/ماشین‌آلات?,45,bgm_spzf,[float],True,False,,[bgm_spzf] [float] NULL 
svz_importer,bmac,bmac,پایه/ماشین‌آلات?,46,bgm_spff,[float],True,False,,[bgm_spff] [float] NULL 
svz_importer,bmac,bmac,پایه/ماشین‌آلات?,47,bgm_repe,[bit],False,False,,[bgm_repe] [bit] NOT NULL 
svz_importer,bmac,bmac,پایه/ماشین‌آلات?,48,bgm_equa,[nvarchar] (1),True,False,,[bgm_equa] [nvarchar] (1) COLLATE Arabic_CI_AS NULL 
svz_importer,bmac,bmac,پایه/ماشین‌آلات?,49,bgm_identity,[int],False,True,,"[bgm_identity] [int] IDENTITY (1, 1) NOT NULL "
svz_importer,bmac,bmac,پایه/ماشین‌آلات?,50,bgm_no_tatbigh_in_cnv,[bit],True,False,,[bgm_no_tatbigh_in_cnv] [bit] NULL 
svz_importer,bmac,bmac,پایه/ماشین‌آلات?,51,bgm_mora,[smallint],True,False,,[bgm_mora] [smallint] NULL
svz_importer,contract,contract,قرارداد/پروژه,1,ctc_nmwk,[nvarchar] (50),True,False,,[ctc_nmwk] [nvarchar] (50) COLLATE Arabic_CI_AS NULL 
svz_importer,contract,contract,قرارداد/پروژه,2,ctc_nmpj,[nvarchar] (50),True,False,,[ctc_nmpj] [nvarchar] (50) COLLATE Arabic_CI_AS NULL 
svz_importer,contract,contract,قرارداد/پروژه,3,ctc_nmdg,[nvarchar] (50),True,False,,[ctc_nmdg] [nvarchar] (50) COLLATE Arabic_CI_AS NULL 
svz_importer,contract,contract,قرارداد/پروژه,4,ctc_nmcs,[nvarchar] (50),True,False,,[ctc_nmcs] [nvarchar] (50) COLLATE Arabic_CI_AS NULL 
svz_importer,contract,contract,قرارداد/پروژه,5,ctc_nmct,[nvarchar] (50),True,False,,[ctc_nmct] [nvarchar] (50) COLLATE Arabic_CI_AS NULL 
svz_importer,contract,contract,قرارداد/پروژه,6,ctc_nmci,[nvarchar] (50),True,False,,[ctc_nmci] [nvarchar] (50) COLLATE Arabic_CI_AS NULL 
svz_importer,contract,contract,قرارداد/پروژه,7,ctc_numb,[nvarchar] (20),True,False,,[ctc_numb] [nvarchar] (20) COLLATE Arabic_CI_AS NULL 
svz_importer,contract,contract,قرارداد/پروژه,8,ctc_dtct,[nvarchar] (10),True,False,,[ctc_dtct] [nvarchar] (10) COLLATE Arabic_CI_AS NULL 
svz_importer,contract,contract,قرارداد/پروژه,9,ctc_dtst,[nvarchar] (10),True,False,,[ctc_dtst] [nvarchar] (10) COLLATE Arabic_CI_AS NULL 
svz_importer,contract,contract,قرارداد/پروژه,10,ctc_timh,[tinyint],True,False,,[ctc_timh] [tinyint] NULL 
svz_importer,contract,contract,قرارداد/پروژه,11,ctc_tidy,[smallint],True,False,,[ctc_tidy] [smallint] NULL 
svz_importer,contract,contract,قرارداد/پروژه,12,ctc_timp,[smallint],True,False,,[ctc_timp] [smallint] NULL 
svz_importer,contract,contract,قرارداد/پروژه,13,ctc_tidp,[smallint],True,False,,[ctc_tidp] [smallint] NULL 
svz_importer,contract,contract,قرارداد/پروژه,14,ctc_pcbv,[float],True,False,,[ctc_pcbv] [float] NULL 
svz_importer,contract,contract,قرارداد/پروژه,15,ctc_prbs,[nchar] (5),True,False,,[ctc_prbs] [nchar] (5) COLLATE Arabic_CI_AS NULL 
svz_importer,contract,contract,قرارداد/پروژه,16,ctc_yrbd,[smallint],True,False,,[ctc_yrbd] [smallint] NULL 
svz_importer,contract,contract,قرارداد/پروژه,17,ctc_yrfh,[smallint],True,False,,[ctc_yrfh] [smallint] NULL 
svz_importer,contract,contract,قرارداد/پروژه,18,ctc_timp2,[smallint],True,False,,[ctc_timp2] [smallint] NULL 
svz_importer,contract,contract,قرارداد/پروژه,19,ctc_tidp2,[smallint],True,False,,[ctc_tidp2] [smallint] NULL 
svz_importer,contract,contract,قرارداد/پروژه,20,ctc_dend,[nchar] (10),True,False,,[ctc_dend] [nchar] (10) COLLATE Arabic_CI_AS NULL 
svz_importer,contract,contract,قرارداد/پروژه,21,ctc_mbyt,[money],True,False,,[ctc_mbyt] [money] NULL 
svz_importer,contract,contract,قرارداد/پروژه,22,ctc_fhnm1,[nvarchar] (25),True,False,,[ctc_fhnm1] [nvarchar] (25) COLLATE Arabic_CI_AS NULL 
svz_importer,contract,contract,قرارداد/پروژه,23,ctc_fhnm2,[nvarchar] (25),True,False,,[ctc_fhnm2] [nvarchar] (25) COLLATE Arabic_CI_AS NULL 
svz_importer,contract,contract,قرارداد/پروژه,24,ctc_fhnm3,[nvarchar] (25),True,False,,[ctc_fhnm3] [nvarchar] (25) COLLATE Arabic_CI_AS NULL 
svz_importer,contract,contract,قرارداد/پروژه,25,ctc_fhnm4,[nvarchar] (25),True,False,,[ctc_fhnm4] [nvarchar] (25) COLLATE Arabic_CI_AS NULL 
svz_importer,contract,contract,قرارداد/پروژه,26,ctc_fhnm5,[nvarchar] (25),True,False,,[ctc_fhnm5] [nvarchar] (25) COLLATE Arabic_CI_AS NULL 
svz_importer,contract,contract,قرارداد/پروژه,27,ctc_fhnm6,[nvarchar] (25),True,False,,[ctc_fhnm6] [nvarchar] (25) COLLATE Arabic_CI_AS NULL 
svz_importer,contract,contract,قرارداد/پروژه,28,ctc_fhnm7,[nvarchar] (25),True,False,,[ctc_fhnm7] [nvarchar] (25) COLLATE Arabic_CI_AS NULL 
svz_importer,contract,contract,قرارداد/پروژه,29,ctc_fhnm8,[nvarchar] (25),True,False,,[ctc_fhnm8] [nvarchar] (25) COLLATE Arabic_CI_AS NULL 
svz_importer,contract,contract,قرارداد/پروژه,30,ctc_fhmb1,[money],True,False,,[ctc_fhmb1] [money] NULL 
svz_importer,contract,contract,قرارداد/پروژه,31,ctc_fhmb2,[money],True,False,,[ctc_fhmb2] [money] NULL 
svz_importer,contract,contract,قرارداد/پروژه,32,ctc_fhmb3,[money],True,False,,[ctc_fhmb3] [money] NULL 
svz_importer,contract,contract,قرارداد/پروژه,33,ctc_fhmb4,[money],True,False,,[ctc_fhmb4] [money] NULL 
svz_importer,contract,contract,قرارداد/پروژه,34,ctc_fhmb5,[money],True,False,,[ctc_fhmb5] [money] NULL 
svz_importer,contract,contract,قرارداد/پروژه,35,ctc_fhmb6,[money],True,False,,[ctc_fhmb6] [money] NULL 
svz_importer,contract,contract,قرارداد/پروژه,36,ctc_fhmb7,[money],True,False,,[ctc_fhmb7] [money] NULL 
svz_importer,contract,contract,قرارداد/پروژه,37,ctc_fhmb8,[money],True,False,,[ctc_fhmb8] [money] NULL 
svz_importer,contract,contract,قرارداد/پروژه,38,ctc_fhmb1m,[money],True,False,,[ctc_fhmb1m] [money] NULL 
svz_importer,contract,contract,قرارداد/پروژه,39,ctc_fhmb2m,[money],True,False,,[ctc_fhmb2m] [money] NULL 
svz_importer,contract,contract,قرارداد/پروژه,40,ctc_fhmb3m,[money],True,False,,[ctc_fhmb3m] [money] NULL 
svz_importer,contract,contract,قرارداد/پروژه,41,ctc_fhmb4m,[money],True,False,,[ctc_fhmb4m] [money] NULL 
svz_importer,contract,contract,قرارداد/پروژه,42,ctc_fhmb5m,[money],True,False,,[ctc_fhmb5m] [money] NULL 
svz_importer,contract,contract,قرارداد/پروژه,43,ctc_fhmb6m,[money],True,False,,[ctc_fhmb6m] [money] NULL 
svz_importer,contract,contract,قرارداد/پروژه,44,ctc_fhmb7m,[money],True,False,,[ctc_fhmb7m] [money] NULL 
svz_importer,contract,contract,قرارداد/پروژه,45,ctc_fhmb8m,[money],True,False,,[ctc_fhmb8m] [money] NULL 
svz_importer,contract,contract,قرارداد/پروژه,46,ctc_fhmb1k,[money],True,False,,[ctc_fhmb1k] [money] NULL 
svz_importer,contract,contract,قرارداد/پروژه,47,ctc_fhmb2k,[money],True,False,,[ctc_fhmb2k] [money] NULL 
svz_importer,contract,contract,قرارداد/پروژه,48,ctc_fhmb3k,[money],True,False,,[ctc_fhmb3k] [money] NULL 
svz_importer,contract,contract,قرارداد/پروژه,49,ctc_fhmb4k,[money],True,False,,[ctc_fhmb4k] [money] NULL 
svz_importer,contract,contract,قرارداد/پروژه,50,ctc_fhmb5k,[money],True,False,,[ctc_fhmb5k] [money] NULL 
svz_importer,contract,contract,قرارداد/پروژه,51,ctc_fhmb6k,[money],True,False,,[ctc_fhmb6k] [money] NULL 
svz_importer,contract,contract,قرارداد/پروژه,52,ctc_fhmb7k,[money],True,False,,[ctc_fhmb7k] [money] NULL 
svz_importer,contract,contract,قرارداد/پروژه,53,ctc_fhmb8k,[money],True,False,,[ctc_fhmb8k] [money] NULL 
svz_importer,contract,contract,قرارداد/پروژه,54,ctc_mbtd,[money],True,False,,[ctc_mbtd] [money] NULL 
svz_importer,contract,contract,قرارداد/پروژه,55,ctc_mbsy,[money],True,False,,[ctc_mbsy] [money] NULL 
svz_importer,contract,contract,قرارداد/پروژه,56,ctc_mbtdm,[money],True,False,,[ctc_mbtdm] [money] NULL 
svz_importer,contract,contract,قرارداد/پروژه,57,ctc_mbtdk,[money],True,False,,[ctc_mbtdk] [money] NULL 
svz_importer,contract,contract,قرارداد/پروژه,58,ctc_year1,[smallint],True,False,,[ctc_year1] [smallint] NULL 
svz_importer,contract,contract,قرارداد/پروژه,59,ctc_year2,[smallint],True,False,,[ctc_year2] [smallint] NULL 
svz_importer,contract,contract,قرارداد/پروژه,60,ctc_year3,[smallint],True,False,,[ctc_year3] [smallint] NULL 
svz_importer,contract,contract,قرارداد/پروژه,61,ctc_year4,[smallint],True,False,,[ctc_year4] [smallint] NULL 
svz_importer,contract,contract,قرارداد/پروژه,62,ctc_prod1,[nvarchar] (7),True,False,,[ctc_prod1] [nvarchar] (7) COLLATE Arabic_CI_AS NULL 
svz_importer,contract,contract,قرارداد/پروژه,63,ctc_prod2,[nvarchar] (7),True,False,,[ctc_prod2] [nvarchar] (7) COLLATE Arabic_CI_AS NULL 
svz_importer,contract,contract,قرارداد/پروژه,64,ctc_prod3,[nvarchar] (7),True,False,,[ctc_prod3] [nvarchar] (7) COLLATE Arabic_CI_AS NULL 
svz_importer,contract,contract,قرارداد/پروژه,65,ctc_prod4,[nvarchar] (7),True,False,,[ctc_prod4] [nvarchar] (7) COLLATE Arabic_CI_AS NULL 
svz_importer,contract,contract,قرارداد/پروژه,66,ctc_motm,[money],True,False,,[ctc_motm] [money] NULL 
svz_importer,contract,contract,قرارداد/پروژه,67,ctc_elh1,[money],True,False,,[ctc_elh1] [money] NULL 
svz_importer,contract,contract,قرارداد/پروژه,68,ctc_elh2,[money],True,False,,[ctc_elh2] [money] NULL 
svz_importer,contract,contract,قرارداد/پروژه,69,ctc_elh3,[money],True,False,,[ctc_elh3] [money] NULL 
svz_importer,contract,contract,قرارداد/پروژه,70,ctc_pctj,[money],True,False,,[ctc_pctj] [money] NULL 
svz_importer,contract,contract,قرارداد/پروژه,71,ctc_dydl,[float],True,False,,[ctc_dydl] [float] NULL 
svz_importer,contract,contract,قرارداد/پروژه,72,ctc_days,[float],True,False,,[ctc_days] [float] NULL 
svz_importer,contract,contract,قرارداد/پروژه,73,ctc_dtel1,[nvarchar] (10),True,False,,[ctc_dtel1] [nvarchar] (10) COLLATE Arabic_CI_AS NULL 
svz_importer,contract,contract,قرارداد/پروژه,74,ctc_dtel2,[nvarchar] (10),True,False,,[ctc_dtel2] [nvarchar] (10) COLLATE Arabic_CI_AS NULL 
svz_importer,contract,contract,قرارداد/پروژه,75,ctc_dtel3,[nvarchar] (10),True,False,,[ctc_dtel3] [nvarchar] (10) COLLATE Arabic_CI_AS NULL 
svz_importer,contract,contract,قرارداد/پروژه,76,ctc_mnel1,[float],True,False,,[ctc_mnel1] [float] NULL 
svz_importer,contract,contract,قرارداد/پروژه,77,ctc_mnel2,[float],True,False,,[ctc_mnel2] [float] NULL 
svz_importer,contract,contract,قرارداد/پروژه,78,ctc_mnel3,[float],True,False,,[ctc_mnel3] [float] NULL 
svz_importer,contract,contract,قرارداد/پروژه,79,ctc_dyel1,[float],True,False,,[ctc_dyel1] [float] NULL 
svz_importer,contract,contract,قرارداد/پروژه,80,ctc_dyel2,[float],True,False,,[ctc_dyel2] [float] NULL 
svz_importer,contract,contract,قرارداد/پروژه,81,ctc_dyel3,[float],True,False,,[ctc_dyel3] [float] NULL 
svz_importer,contract,contract,قرارداد/پروژه,82,ctc_sand,[nvarchar] (50),True,False,,[ctc_sand] [nvarchar] (50) COLLATE Arabic_CI_AS NULL 
svz_importer,contract,contract,قرارداد/پروژه,83,ctc_madk,[nvarchar] (50),True,False,,[ctc_madk] [nvarchar] (50) COLLATE Arabic_CI_AS NULL 
svz_importer,contract,contract,قرارداد/پروژه,84,ctc_tidy1,[smallint],True,False,,[ctc_tidy1] [smallint] NULL 
svz_importer,contract,contract,قرارداد/پروژه,85,ctc_tidy2,[smallint],True,False,,[ctc_tidy2] [smallint] NULL 
svz_importer,contract,contract,قرارداد/پروژه,86,ctc_tidy3,[smallint],True,False,,[ctc_tidy3] [smallint] NULL 
svz_importer,contract,contract,قرارداد/پروژه,87,ctc_tidy4,[smallint],True,False,,[ctc_tidy4] [smallint] NULL
svz_importer,dstb,dstb,حمل/فاصله,1,dsb_curr,[tinyint],True,False,,[dsb_curr] [tinyint] NULL 
svz_importer,dstb,dstb,حمل/فاصله,2,dsb_nufh,[tinyint],True,False,,[dsb_nufh] [tinyint] NULL 
svz_importer,dstb,dstb,حمل/فاصله,3,dsb_grop,[nvarchar] (20),True,False,,[dsb_grop] [nvarchar] (20) COLLATE Arabic_CI_AS NULL 
svz_importer,dstb,dstb,حمل/فاصله,4,dsb_cofh,[nvarchar] (8),True,False,,[dsb_cofh] [nvarchar] (8) COLLATE Arabic_CI_AS NULL 
svz_importer,dstb,dstb,حمل/فاصله,5,dsb_frkm,[float],True,False,,[dsb_frkm] [float] NULL 
svz_importer,dstb,dstb,حمل/فاصله,6,dsb_tokm,[float],True,False,,[dsb_tokm] [float] NULL 
svz_importer,dstb,dstb,حمل/فاصله,7,dsb_zrib,[float],True,False,,[dsb_zrib] [float] NULL
svz_importer,dstn,dstn,فاصله/حمل,1,dsn_sumj,[money],True,False,,[dsn_sumj] [money] NULL 
svz_importer,dstn,dstn,فاصله/حمل,2,dsn_nufh,[tinyint],True,False,,[dsn_nufh] [tinyint] NULL 
svz_importer,dstn,dstn,فاصله/حمل,3,dsn_nusv,[nvarchar] (10),True,False,,[dsn_nusv] [nvarchar] (10) COLLATE Arabic_CI_AS NULL 
svz_importer,dstn,dstn,فاصله/حمل,4,dsn_nuty,[tinyint],True,False,,[dsn_nuty] [tinyint] NULL 
svz_importer,dstn,dstn,فاصله/حمل,5,dsn_grop,[nvarchar] (20),True,False,,[dsn_grop] [nvarchar] (20) COLLATE Arabic_CI_AS NULL 
svz_importer,dstn,dstn,فاصله/حمل,6,dsn_dstn,[float],True,False,,[dsn_dstn] [float] NULL 
svz_importer,dstn,dstn,فاصله/حمل,7,dsn_suds,[float],True,False,,[dsn_suds] [float] NULL
svz_importer,dstn2,dstn2,نامشخص/نیازمند بررسی,1,ds2_curr,[tinyint],True,False,,[ds2_curr] [tinyint] NULL 
svz_importer,dstn2,dstn2,نامشخص/نیازمند بررسی,2,ds2_nufh,[tinyint],True,False,,[ds2_nufh] [tinyint] NULL 
svz_importer,dstn2,dstn2,نامشخص/نیازمند بررسی,3,ds2_nuty,[tinyint],True,False,,[ds2_nuty] [tinyint] NULL 
svz_importer,dstn2,dstn2,نامشخص/نیازمند بررسی,4,ds2_nusv,[nvarchar] (10),True,False,,[ds2_nusv] [nvarchar] (10) COLLATE Arabic_CI_AS NULL 
svz_importer,dstn2,dstn2,نامشخص/نیازمند بررسی,5,ds2_grop,[nvarchar] (20),True,False,,[ds2_grop] [nvarchar] (20) COLLATE Arabic_CI_AS NULL 
svz_importer,dstn2,dstn2,نامشخص/نیازمند بررسی,6,ds2_cofh,[nvarchar] (8),True,False,,[ds2_cofh] [nvarchar] (8) COLLATE Arabic_CI_AS NULL 
svz_importer,dstn2,dstn2,نامشخص/نیازمند بررسی,7,ds2_frkm,[float],True,False,,[ds2_frkm] [float] NULL 
svz_importer,dstn2,dstn2,نامشخص/نیازمند بررسی,8,ds2_tokm,[float],True,False,,[ds2_tokm] [float] NULL 
svz_importer,dstn2,dstn2,نامشخص/نیازمند بررسی,9,ds2_zrib,[float],True,False,,[ds2_zrib] [float] NULL 
svz_importer,dstn2,dstn2,نامشخص/نیازمند بررسی,10,ds2_sumi,[float],True,False,,[ds2_sumi] [float] NULL 
svz_importer,dstn2,dstn2,نامشخص/نیازمند بررسی,11,ds2_suti,[float],True,False,,[ds2_suti] [float] NULL 
svz_importer,dstn2,dstn2,نامشخص/نیازمند بررسی,12,ds2_sumt,[float],True,False,,[ds2_sumt] [float] NULL
svz_importer,dstn2c,dstn2c,نامشخص/نیازمند بررسی,1,ds2_curr,[tinyint],True,False,,[ds2_curr] [tinyint] NULL 
svz_importer,dstn2c,dstn2c,نامشخص/نیازمند بررسی,2,ds2_nufh,[tinyint],True,False,,[ds2_nufh] [tinyint] NULL 
svz_importer,dstn2c,dstn2c,نامشخص/نیازمند بررسی,3,ds2_nuty,[tinyint],True,False,,[ds2_nuty] [tinyint] NULL 
svz_importer,dstn2c,dstn2c,نامشخص/نیازمند بررسی,4,ds2_nusv,[nvarchar] (10),True,False,,[ds2_nusv] [nvarchar] (10) COLLATE Arabic_CI_AS NULL 
svz_importer,dstn2c,dstn2c,نامشخص/نیازمند بررسی,5,ds2_grop,[nvarchar] (20),True,False,,[ds2_grop] [nvarchar] (20) COLLATE Arabic_CI_AS NULL 
svz_importer,dstn2c,dstn2c,نامشخص/نیازمند بررسی,6,ds2_cofh,[nvarchar] (8),True,False,,[ds2_cofh] [nvarchar] (8) COLLATE Arabic_CI_AS NULL 
svz_importer,dstn2c,dstn2c,نامشخص/نیازمند بررسی,7,ds2_frkm,[float],True,False,,[ds2_frkm] [float] NULL 
svz_importer,dstn2c,dstn2c,نامشخص/نیازمند بررسی,8,ds2_tokm,[float],True,False,,[ds2_tokm] [float] NULL 
svz_importer,dstn2c,dstn2c,نامشخص/نیازمند بررسی,9,ds2_zrib,[float],True,False,,[ds2_zrib] [float] NULL 
svz_importer,dstn2c,dstn2c,نامشخص/نیازمند بررسی,10,ds2_sumi,[float],True,False,,[ds2_sumi] [float] NULL 
svz_importer,dstn2c,dstn2c,نامشخص/نیازمند بررسی,11,ds2_suti,[float],True,False,,[ds2_suti] [float] NULL 
svz_importer,dstn2c,dstn2c,نامشخص/نیازمند بررسی,12,ds2_sumt,[float],True,False,,[ds2_sumt] [float] NULL 
svz_importer,dstn2c,dstn2c,نامشخص/نیازمند بررسی,13,ds2_sumj,[float],True,False,,[ds2_sumj] [float] NULL
svz_importer,fhbh,fhbh,فهرست‌بها/ردیف,1,fbh_code,[nvarchar] (8),True,False,,[fbh_code] [nvarchar] (8) COLLATE Arabic_CI_AS NULL 
svz_importer,fhbh,fhbh,فهرست‌بها/ردیف,2,fbh_desc,[ntext],True,False,,[fbh_desc] [ntext] COLLATE Arabic_CI_AS NULL 
svz_importer,fhbh,fhbh,فهرست‌بها/ردیف,3,fbh_unit,[nvarchar] (20),True,False,,[fbh_unit] [nvarchar] (20) COLLATE Arabic_CI_AS NULL 
svz_importer,fhbh,fhbh,فهرست‌بها/ردیف,4,fbh_pcun,[money],True,False,,[fbh_pcun] [money] NULL 
svz_importer,fhbh,fhbh,فهرست‌بها/ردیف,5,fbh_nuse,[nvarchar] (5),True,False,,[fbh_nuse] [nvarchar] (5) COLLATE Arabic_CI_AS NULL 
svz_importer,fhbh,fhbh,فهرست‌بها/ردیف,6,fbh_nufh,[tinyint],True,False,,[fbh_nufh] [tinyint] NULL 
svz_importer,fhbh,fhbh,فهرست‌بها/ردیف,7,fbh_astr,[nvarchar] (1),True,False,,[fbh_astr] [nvarchar] (1) COLLATE Arabic_CI_AS NULL 
svz_importer,fhbh,fhbh,فهرست‌بها/ردیف,8,fbh_nmse,[nvarchar] (50),True,False,,[fbh_nmse] [nvarchar] (50) COLLATE Arabic_CI_AS NULL 
svz_importer,fhbh,fhbh,فهرست‌بها/ردیف,9,fbh_rad,[smallint],True,False,,[fbh_rad] [smallint] NULL 
svz_importer,fhbh,fhbh,فهرست‌بها/ردیف,10,fbh_abst,[ntext],True,False,,[fbh_abst] [ntext] COLLATE Arabic_CI_AS NULL 
svz_importer,fhbh,fhbh,فهرست‌بها/ردیف,11,fbh_coad,[ntext],True,False,,[fbh_coad] [ntext] COLLATE Arabic_CI_AS NULL 
svz_importer,fhbh,fhbh,فهرست‌بها/ردیف,12,fbh_pcup,[money],True,False,,[fbh_pcup] [money] NULL 
svz_importer,fhbh,fhbh,فهرست‌بها/ردیف,13,fbh_tyun,[nvarchar] (30),True,False,,[fbh_tyun] [nvarchar] (30) COLLATE Arabic_CI_AS NULL 
svz_importer,fhbh,fhbh,فهرست‌بها/ردیف,14,fbh_mbgh,[nvarchar] (1),True,False,,[fbh_mbgh] [nvarchar] (1) COLLATE Arabic_CI_AS NULL 
svz_importer,fhbh,fhbh,فهرست‌بها/ردیف,15,fbh_dsad,[nvarchar] (200),True,False,,[fbh_dsad] [nvarchar] (200) COLLATE Arabic_CI_AS NULL 
svz_importer,fhbh,fhbh,فهرست‌بها/ردیف,16,fbh_identity,[int],False,True,,"[fbh_identity] [int] IDENTITY (1, 1) NOT NULL "
svz_importer,fhbh,fhbh,فهرست‌بها/ردیف,17,fbh_mpwk,[bit],True,False,,[fbh_mpwk] [bit] NULL
svz_importer,fhpy,fhpy,فهرست پیمان/فصل‌بندی,1,fhy_name,[nvarchar] (25),True,False,,[fhy_name] [nvarchar] (25) COLLATE Arabic_CI_AS NULL 
svz_importer,fhpy,fhpy,فهرست پیمان/فصل‌بندی,2,fhy_code,[tinyint],True,False,,[fhy_code] [tinyint] NULL 
svz_importer,fhpy,fhpy,فهرست پیمان/فصل‌بندی,3,fhy_swpy,[bit],False,False,,[fhy_swpy] [bit] NOT NULL 
svz_importer,fhpy,fhpy,فهرست پیمان/فصل‌بندی,4,fhp_identity,[int],False,True,,"[fhp_identity] [int] IDENTITY (1, 1) NOT NULL"
svz_importer,fsbs,fsbs,نامشخص/نیازمند بررسی,1,fsb_nura,[smallint],True,False,,[fsb_nura] [smallint] NULL 
svz_importer,fsbs,fsbs,نامشخص/نیازمند بررسی,2,fsb_numb,[nvarchar] (5),True,False,,[fsb_numb] [nvarchar] (5) COLLATE Arabic_CI_AS NULL 
svz_importer,fsbs,fsbs,نامشخص/نیازمند بررسی,3,fsb_nufh,[tinyint],True,False,,[fsb_nufh] [tinyint] NULL 
svz_importer,fsbs,fsbs,نامشخص/نیازمند بررسی,4,fsb_name,[nvarchar] (50),True,False,,[fsb_name] [nvarchar] (50) COLLATE Arabic_CI_AS NULL 
svz_importer,fsbs,fsbs,نامشخص/نیازمند بررسی,5,fsb_dscr,[ntext],True,False,,[fsb_dscr] [ntext] COLLATE Arabic_CI_AS NULL 
svz_importer,fsbs,fsbs,نامشخص/نیازمند بررسی,6,fsb_frpg,[smallint],True,False,,[fsb_frpg] [smallint] NULL 
svz_importer,fsbs,fsbs,نامشخص/نیازمند بررسی,7,fsb_topg,[smallint],True,False,,[fsb_topg] [smallint] NULL 
svz_importer,fsbs,fsbs,نامشخص/نیازمند بررسی,8,fsb_tose,[nvarchar] (5),True,False,,[fsb_tose] [nvarchar] (5) COLLATE Arabic_CI_AS NULL 
svz_importer,fsbs,fsbs,نامشخص/نیازمند بررسی,9,fsb_tofh,[tinyint],True,False,,[fsb_tofh] [tinyint] NULL 
svz_importer,fsbs,fsbs,نامشخص/نیازمند بررسی,10,fsb_type,[nvarchar] (10),True,False,,[fsb_type] [nvarchar] (10) COLLATE Arabic_CI_AS NULL 
svz_importer,fsbs,fsbs,نامشخص/نیازمند بررسی,11,fsb_tonf,[nvarchar] (50),True,False,,[fsb_tonf] [nvarchar] (50) COLLATE Arabic_CI_AS NULL 
svz_importer,fsbs,fsbs,نامشخص/نیازمند بررسی,12,fsb_tons,[nvarchar] (50),True,False,,[fsb_tons] [nvarchar] (50) COLLATE Arabic_CI_AS NULL 
svz_importer,fsbs,fsbs,نامشخص/نیازمند بررسی,13,fsb_itms,[ntext],True,False,,[fsb_itms] [ntext] COLLATE Arabic_CI_AS NULL
svz_importer,fspy,fspy,فصل/صورتجلسه/پیشنهاد,1,fsp_numb,[nvarchar] (20),True,False,,[fsp_numb] [nvarchar] (20) COLLATE Arabic_CI_AS NULL 
svz_importer,fspy,fspy,فصل/صورتجلسه/پیشنهاد,2,fsp_date,[nvarchar] (10),True,False,,[fsp_date] [nvarchar] (10) COLLATE Arabic_CI_AS NULL 
svz_importer,fspy,fspy,فصل/صورتجلسه/پیشنهاد,3,fsp_prmb,[money],True,False,,[fsp_prmb] [money] NULL 
svz_importer,fspy,fspy,فصل/صورتجلسه/پیشنهاد,4,fsp_prfc,[money],True,False,,[fsp_prfc] [money] NULL 
svz_importer,fspy,fspy,فصل/صورتجلسه/پیشنهاد,5,fsp_prmf,[money],True,False,,[fsp_prmf] [money] NULL 
svz_importer,fspy,fspy,فصل/صورتجلسه/پیشنهاد,6,fsp_totl,[money],True,False,,[fsp_totl] [money] NULL 
svz_importer,fspy,fspy,فصل/صورتجلسه/پیشنهاد,7,fsp_dscr,[nvarchar] (40),True,False,,[fsp_dscr] [nvarchar] (40) COLLATE Arabic_CI_AS NULL 
svz_importer,fspy,fspy,فصل/صورتجلسه/پیشنهاد,8,fsp_rad,[smallint],True,False,,[fsp_rad] [smallint] NULL 
svz_importer,fspy,fspy,فصل/صورتجلسه/پیشنهاد,9,fsp_nuty,[tinyint],True,False,,[fsp_nuty] [tinyint] NULL 
svz_importer,fspy,fspy,فصل/صورتجلسه/پیشنهاد,10,fsp_atsj,[nvarchar] (10),True,False,,[fsp_atsj] [nvarchar] (10) COLLATE Arabic_CI_AS NULL 
svz_importer,fspy,fspy,فصل/صورتجلسه/پیشنهاد,11,fsp_prja,[money],True,False,,[fsp_prja] [money] NULL 
svz_importer,fspy,fspy,فصل/صورتجلسه/پیشنهاد,12,fsp_nusv,[nvarchar] (10),True,False,,[fsp_nusv] [nvarchar] (10) COLLATE Arabic_CI_AS NULL 
svz_importer,fspy,fspy,فصل/صورتجلسه/پیشنهاد,13,fsp_zrpt,[nvarchar] (5),True,False,,[fsp_zrpt] [nvarchar] (5) COLLATE Arabic_CI_AS NULL 
svz_importer,fspy,fspy,فصل/صورتجلسه/پیشنهاد,14,fsp_radj,[smallint],True,False,,[fsp_radj] [smallint] NULL 
svz_importer,fspy,fspy,فصل/صورتجلسه/پیشنهاد,15,fsp_quan,[float],True,False,,[fsp_quan] [float] NULL 
svz_importer,fspy,fspy,فصل/صورتجلسه/پیشنهاد,16,fsp_repe,[bit],False,False,,[fsp_repe] [bit] NOT NULL 
svz_importer,fspy,fspy,فصل/صورتجلسه/پیشنهاد,17,fsp_equa,[nvarchar] (1),True,False,,[fsp_equa] [nvarchar] (1) COLLATE Arabic_CI_AS NULL 
svz_importer,fspy,fspy,فصل/صورتجلسه/پیشنهاد,18,fsp_zrtd,[float],True,False,,[fsp_zrtd] [float] NULL 
svz_importer,fspy,fspy,فصل/صورتجلسه/پیشنهاد,19,fsp_tmyr,[float],True,False,,[fsp_tmyr] [float] NULL 
svz_importer,fspy,fspy,فصل/صورتجلسه/پیشنهاد,20,fsp_identity,[int],False,True,,"[fsp_identity] [int] IDENTITY (1, 1) NOT NULL"
svz_importer,hmpy,hmpy,حمل/فاصله,1,hmp_cofh,[nvarchar] (8),True,False,,[hmp_cofh] [nvarchar] (8) COLLATE Arabic_CI_AS NULL 
svz_importer,hmpy,hmpy,حمل/فاصله,2,hmp_nuty,[tinyint],True,False,,[hmp_nuty] [tinyint] NULL 
svz_importer,hmpy,hmpy,حمل/فاصله,3,hmp_nufh,[tinyint],True,False,,[hmp_nufh] [tinyint] NULL 
svz_importer,hmpy,hmpy,حمل/فاصله,4,hmp_nuse,[nvarchar] (5),True,False,,[hmp_nuse] [nvarchar] (5) COLLATE Arabic_CI_AS NULL 
svz_importer,hmpy,hmpy,حمل/فاصله,5,hmp_nmse,[nvarchar] (40),True,False,,[hmp_nmse] [nvarchar] (40) COLLATE Arabic_CI_AS NULL 
svz_importer,hmpy,hmpy,حمل/فاصله,6,hmp_astr,[nvarchar] (1),True,False,,[hmp_astr] [nvarchar] (1) COLLATE Arabic_CI_AS NULL 
svz_importer,hmpy,hmpy,حمل/فاصله,7,hmp_rad,[smallint],True,False,,[hmp_rad] [smallint] NULL 
svz_importer,hmpy,hmpy,حمل/فاصله,8,hmp_nusv,[nvarchar] (10),True,False,,[hmp_nusv] [nvarchar] (10) COLLATE Arabic_CI_AS NULL 
svz_importer,hmpy,hmpy,حمل/فاصله,9,hmp_unit,[nvarchar] (20),True,False,,[hmp_unit] [nvarchar] (20) COLLATE Arabic_CI_AS NULL 
svz_importer,hmpy,hmpy,حمل/فاصله,10,hmp_grop,[nvarchar] (20),True,False,,[hmp_grop] [nvarchar] (20) COLLATE Arabic_CI_AS NULL 
svz_importer,hmpy,hmpy,حمل/فاصله,11,hmp_radj,[smallint],True,False,,[hmp_radj] [smallint] NULL 
svz_importer,hmpy,hmpy,حمل/فاصله,12,hmp_dsfh,[ntext],True,False,,[hmp_dsfh] [ntext] COLLATE Arabic_CI_AS NULL 
svz_importer,hmpy,hmpy,حمل/فاصله,13,hmp_pcun,[money],True,False,,[hmp_pcun] [money] NULL 
svz_importer,hmpy,hmpy,حمل/فاصله,14,hmp_dsfb,[ntext],True,False,,[hmp_dsfb] [ntext] COLLATE Arabic_CI_AS NULL 
svz_importer,hmpy,hmpy,حمل/فاصله,15,hmp_valn,[real],True,False,,[hmp_valn] [real] NULL 
svz_importer,hmpy,hmpy,حمل/فاصله,16,hmp_totl,[float],True,False,,[hmp_totl] [float] NULL 
svz_importer,hmpy,hmpy,حمل/فاصله,17,hmp_zar1,[float],True,False,,[hmp_zar1] [float] NULL 
svz_importer,hmpy,hmpy,حمل/فاصله,18,hmp_zar2,[float],True,False,,[hmp_zar2] [float] NULL 
svz_importer,hmpy,hmpy,حمل/فاصله,19,hmp_zar3,[float],True,False,,[hmp_zar3] [float] NULL 
svz_importer,hmpy,hmpy,حمل/فاصله,20,hmp_zar4,[float],True,False,,[hmp_zar4] [float] NULL 
svz_importer,hmpy,hmpy,حمل/فاصله,21,hmp_quan,[float],True,False,,[hmp_quan] [float] NULL 
svz_importer,hmpy,hmpy,حمل/فاصله,22,hmp_sumz,[float],True,False,,[hmp_sumz] [float] NULL 
svz_importer,hmpy,hmpy,حمل/فاصله,23,hmp_dsz1,[nvarchar] (200),True,False,,[hmp_dsz1] [nvarchar] (200) COLLATE Arabic_CI_AS NULL 
svz_importer,hmpy,hmpy,حمل/فاصله,24,hmp_dsz2,[nvarchar] (200),True,False,,[hmp_dsz2] [nvarchar] (200) COLLATE Arabic_CI_AS NULL 
svz_importer,hmpy,hmpy,حمل/فاصله,25,hmp_dsz3,[nvarchar] (200),True,False,,[hmp_dsz3] [nvarchar] (200) COLLATE Arabic_CI_AS NULL 
svz_importer,hmpy,hmpy,حمل/فاصله,26,hmp_dsz4,[nvarchar] (200),True,False,,[hmp_dsz4] [nvarchar] (200) COLLATE Arabic_CI_AS NULL 
svz_importer,hmpy,hmpy,حمل/فاصله,27,hmp_repe,[bit],False,False,,[hmp_repe] [bit] NOT NULL 
svz_importer,hmpy,hmpy,حمل/فاصله,28,hmp_equa,[nvarchar] (1),True,False,,[hmp_equa] [nvarchar] (1) COLLATE Arabic_CI_AS NULL 
svz_importer,hmpy,hmpy,حمل/فاصله,29,hmp_identity,[int],False,True,,"[hmp_identity] [int] IDENTITY (1, 1) NOT NULL"
svz_importer,hsha,hsha,شاخص/حساب?,1,hps_sham,[nvarchar] (75),True,False,,[hps_sham] [nvarchar] (75) COLLATE Arabic_CI_AS NULL
svz_importer,hshm,hshm,شاخص/حساب?,1,hps_shmo,[nvarchar] (75),True,False,,[hps_shmo] [nvarchar] (75) COLLATE Arabic_CI_AS NULL
svz_importer,intm,intm,نامشخص/نیازمند بررسی,1,itm_prod,[nvarchar] (5),True,False,,[itm_prod] [nvarchar] (5) COLLATE Arabic_CI_AS NULL 
svz_importer,intm,intm,نامشخص/نیازمند بررسی,2,itm_year,[smallint],True,False,,[itm_year] [smallint] NULL 
svz_importer,intm,intm,نامشخص/نیازمند بررسی,3,itm_tidy,[smallint],True,False,,[itm_tidy] [smallint] NULL
svz_importer,intp,intp,درون‌یابی شاخص/تعدیل,1,itp_prod,[nvarchar] (8),True,False,,[itp_prod] [nvarchar] (8) COLLATE Arabic_CI_AS NULL 
svz_importer,intp,intp,درون‌یابی شاخص/تعدیل,2,itp_year,[smallint],True,False,,[itp_year] [smallint] NULL 
svz_importer,intp,intp,درون‌یابی شاخص/تعدیل,3,itp_nusv,[nvarchar] (10),True,False,,[itp_nusv] [nvarchar] (10) COLLATE Arabic_CI_AS NULL 
svz_importer,intp,intp,درون‌یابی شاخص/تعدیل,4,itp_tidy,[smallint],True,False,,[itp_tidy] [smallint] NULL
svz_importer,itac,itac,آیتم/فعالیت,1,itm_cofh,[nvarchar] (10),True,False,,[itm_cofh] [nvarchar] (10) COLLATE Arabic_CI_AS NULL 
svz_importer,itac,itac,آیتم/فعالیت,2,itm_coan,[nvarchar] (10),True,False,,[itm_coan] [nvarchar] (10) COLLATE Arabic_CI_AS NULL 
svz_importer,itac,itac,آیتم/فعالیت,3,itm_unit,[nvarchar] (20),True,False,,[itm_unit] [nvarchar] (20) COLLATE Arabic_CI_AS NULL 
svz_importer,itac,itac,آیتم/فعالیت,4,itm_dscr,[ntext],True,False,,[itm_dscr] [ntext] COLLATE Arabic_CI_AS NULL 
svz_importer,itac,itac,آیتم/فعالیت,5,itm_pcum,[money],True,False,,[itm_pcum] [money] NULL 
svz_importer,itac,itac,آیتم/فعالیت,6,itm_pcam,[money],True,False,,[itm_pcam] [money] NULL 
svz_importer,itac,itac,آیتم/فعالیت,7,itm_prpn,[nvarchar] (10),True,False,,[itm_prpn] [nvarchar] (10) COLLATE Arabic_CI_AS NULL 
svz_importer,itac,itac,آیتم/فعالیت,8,itm_pcun,[money],True,False,,[itm_pcun] [money] NULL 
svz_importer,itac,itac,آیتم/فعالیت,9,itm_pcal,[money],True,False,,[itm_pcal] [money] NULL 
svz_importer,itac,itac,آیتم/فعالیت,10,itm_nufh,[tinyint],True,False,,[itm_nufh] [tinyint] NULL 
svz_importer,itac,itac,آیتم/فعالیت,11,itm_nuse,[nvarchar] (5),True,False,,[itm_nuse] [nvarchar] (5) COLLATE Arabic_CI_AS NULL 
svz_importer,itac,itac,آیتم/فعالیت,12,itm_quan,[float],True,False,,[itm_quan] [float] NULL 
svz_importer,itac,itac,آیتم/فعالیت,13,itm_nmse,[nvarchar] (50),True,False,,[itm_nmse] [nvarchar] (50) COLLATE Arabic_CI_AS NULL 
svz_importer,itac,itac,آیتم/فعالیت,14,itm_coac,[nvarchar] (4),True,False,,[itm_coac] [nvarchar] (4) COLLATE Arabic_CI_AS NULL 
svz_importer,itac,itac,آیتم/فعالیت,15,itm_shac,[nvarchar] (200),True,False,,[itm_shac] [nvarchar] (200) COLLATE Arabic_CI_AS NULL 
svz_importer,itac,itac,آیتم/فعالیت,16,itm_qubr,[float],True,False,,[itm_qubr] [float] NULL 
svz_importer,itac,itac,آیتم/فعالیت,17,itm_quol,[float],True,False,,[itm_quol] [float] NULL 
svz_importer,itac,itac,آیتم/فعالیت,18,itm_qudf,[float],True,False,,[itm_qudf] [float] NULL 
svz_importer,itac,itac,آیتم/فعالیت,19,itm_nusv,[nvarchar] (10),True,False,,[itm_nusv] [nvarchar] (10) COLLATE Arabic_CI_AS NULL 
svz_importer,itac,itac,آیتم/فعالیت,20,itm_nuty,[tinyint],True,False,,[itm_nuty] [tinyint] NULL 
svz_importer,itac,itac,آیتم/فعالیت,21,itm_astr,[nvarchar] (1),True,False,,[itm_astr] [nvarchar] (1) COLLATE Arabic_CI_AS NULL
svz_importer,item,item,آیتم‌ها,1,itm_cofh,[nvarchar] (10),True,False,,[itm_cofh] [nvarchar] (10) COLLATE Arabic_CI_AS NULL 
svz_importer,item,item,آیتم‌ها,2,itm_coan,[nvarchar] (10),True,False,,[itm_coan] [nvarchar] (10) COLLATE Arabic_CI_AS NULL 
svz_importer,item,item,آیتم‌ها,3,itm_unit,[nvarchar] (20),True,False,,[itm_unit] [nvarchar] (20) COLLATE Arabic_CI_AS NULL 
svz_importer,item,item,آیتم‌ها,4,itm_dscr,[ntext],True,False,,[itm_dscr] [ntext] COLLATE Arabic_CI_AS NULL 
svz_importer,item,item,آیتم‌ها,5,itm_pcum,[money],True,False,,[itm_pcum] [money] NULL 
svz_importer,item,item,آیتم‌ها,6,itm_pcam,[money],True,False,,[itm_pcam] [money] NULL 
svz_importer,item,item,آیتم‌ها,7,itm_prpn,[nvarchar] (10),True,False,,[itm_prpn] [nvarchar] (10) COLLATE Arabic_CI_AS NULL 
svz_importer,item,item,آیتم‌ها,8,itm_pcun,[money],True,False,,[itm_pcun] [money] NULL 
svz_importer,item,item,آیتم‌ها,9,itm_pcal,[money],True,False,,[itm_pcal] [money] NULL 
svz_importer,item,item,آیتم‌ها,10,itm_nufh,[tinyint],True,False,,[itm_nufh] [tinyint] NULL 
svz_importer,item,item,آیتم‌ها,11,itm_nuse,[nvarchar] (5),True,False,,[itm_nuse] [nvarchar] (5) COLLATE Arabic_CI_AS NULL 
svz_importer,item,item,آیتم‌ها,12,itm_quan,[float],True,False,,[itm_quan] [float] NULL 
svz_importer,item,item,آیتم‌ها,13,itm_nmse,[nvarchar] (50),True,False,,[itm_nmse] [nvarchar] (50) COLLATE Arabic_CI_AS NULL 
svz_importer,item,item,آیتم‌ها,14,itm_qubr,[float],True,False,,[itm_qubr] [float] NULL 
svz_importer,item,item,آیتم‌ها,15,itm_quol,[float],True,False,,[itm_quol] [float] NULL 
svz_importer,item,item,آیتم‌ها,16,itm_qudf,[float],True,False,,[itm_qudf] [float] NULL 
svz_importer,item,item,آیتم‌ها,17,itm_nusv,[nvarchar] (10),True,False,,[itm_nusv] [nvarchar] (10) COLLATE Arabic_CI_AS NULL 
svz_importer,item,item,آیتم‌ها,18,itm_nuty,[tinyint],True,False,,[itm_nuty] [tinyint] NULL 
svz_importer,item,item,آیتم‌ها,19,itm_astr,[nvarchar] (1),True,False,,[itm_astr] [nvarchar] (1) COLLATE Arabic_CI_AS NULL
svz_importer,khmt,khmt,خدمات/کسورات/کارکرد مرتبط,1,kmt_cofh,[nvarchar] (8),True,False,,[kmt_cofh] [nvarchar] (8) COLLATE Arabic_CI_AS NULL 
svz_importer,khmt,khmt,خدمات/کسورات/کارکرد مرتبط,2,kmt_frco,[nvarchar] (8),True,False,,[kmt_frco] [nvarchar] (8) COLLATE Arabic_CI_AS NULL 
svz_importer,khmt,khmt,خدمات/کسورات/کارکرد مرتبط,3,kmt_dsps,[nvarchar] (40),True,False,,[kmt_dsps] [nvarchar] (40) COLLATE Arabic_CI_AS NULL 
svz_importer,khmt,khmt,خدمات/کسورات/کارکرد مرتبط,4,kmt_dsmo,[nvarchar] (40),True,False,,[kmt_dsmo] [nvarchar] (40) COLLATE Arabic_CI_AS NULL 
svz_importer,khmt,khmt,خدمات/کسورات/کارکرد مرتبط,5,kmt_nufh,[tinyint],True,False,,[kmt_nufh] [tinyint] NULL 
svz_importer,khmt,khmt,خدمات/کسورات/کارکرد مرتبط,6,kmt_nuse,[nvarchar] (5),True,False,,[kmt_nuse] [nvarchar] (5) COLLATE Arabic_CI_AS NULL 
svz_importer,khmt,khmt,خدمات/کسورات/کارکرد مرتبط,7,kmt_nmse,[nvarchar] (40),True,False,,[kmt_nmse] [nvarchar] (40) COLLATE Arabic_CI_AS NULL 
svz_importer,khmt,khmt,خدمات/کسورات/کارکرد مرتبط,8,kmt_astr,[nvarchar] (1),True,False,,[kmt_astr] [nvarchar] (1) COLLATE Arabic_CI_AS NULL 
svz_importer,khmt,khmt,خدمات/کسورات/کارکرد مرتبط,9,kmt_rad,[smallint],True,False,,[kmt_rad] [smallint] NULL 
svz_importer,khmt,khmt,خدمات/کسورات/کارکرد مرتبط,10,kmt_unit,[nvarchar] (20),True,False,,[kmt_unit] [nvarchar] (20) COLLATE Arabic_CI_AS NULL 
svz_importer,khmt,khmt,خدمات/کسورات/کارکرد مرتبط,11,kmt_nusv,[nvarchar] (10),True,False,,[kmt_nusv] [nvarchar] (10) COLLATE Arabic_CI_AS NULL 
svz_importer,khmt,khmt,خدمات/کسورات/کارکرد مرتبط,12,kmt_nuty,[tinyint],True,False,,[kmt_nuty] [tinyint] NULL 
svz_importer,khmt,khmt,خدمات/کسورات/کارکرد مرتبط,13,kmt_dsfb,[ntext],True,False,,[kmt_dsfb] [ntext] COLLATE Arabic_CI_AS NULL 
svz_importer,khmt,khmt,خدمات/کسورات/کارکرد مرتبط,14,kmt_pcun,[money],True,False,,[kmt_pcun] [money] NULL 
svz_importer,khmt,khmt,خدمات/کسورات/کارکرد مرتبط,15,kmt_radj,[smallint],True,False,,[kmt_radj] [smallint] NULL 
svz_importer,khmt,khmt,خدمات/کسورات/کارکرد مرتبط,16,kmt_dsfh,[ntext],True,False,,[kmt_dsfh] [ntext] COLLATE Arabic_CI_AS NULL 
svz_importer,khmt,khmt,خدمات/کسورات/کارکرد مرتبط,17,kmt_valn,[real],True,False,,[kmt_valn] [real] NULL 
svz_importer,khmt,khmt,خدمات/کسورات/کارکرد مرتبط,18,kmt_coad,[ntext],True,False,,[kmt_coad] [ntext] COLLATE Arabic_CI_AS NULL 
svz_importer,khmt,khmt,خدمات/کسورات/کارکرد مرتبط,19,kmt_mbgh,[nvarchar] (1),True,False,,[kmt_mbgh] [nvarchar] (1) COLLATE Arabic_CI_AS NULL 
svz_importer,khmt,khmt,خدمات/کسورات/کارکرد مرتبط,20,kmt_pcup,[money],True,False,,[kmt_pcup] [money] NULL 
svz_importer,khmt,khmt,خدمات/کسورات/کارکرد مرتبط,21,kmt_dsad,[nvarchar] (200),True,False,,[kmt_dsad] [nvarchar] (200) COLLATE Arabic_CI_AS NULL 
svz_importer,khmt,khmt,خدمات/کسورات/کارکرد مرتبط,22,kmt_pyad,[ntext],True,False,,[kmt_pyad] [ntext] COLLATE Arabic_CI_AS NULL 
svz_importer,khmt,khmt,خدمات/کسورات/کارکرد مرتبط,23,kmt_pynm,[nvarchar] (255),True,False,,[kmt_pynm] [nvarchar] (255) COLLATE Arabic_CI_AS NULL 
svz_importer,khmt,khmt,خدمات/کسورات/کارکرد مرتبط,24,kmt_sumj,[float],True,False,,[kmt_sumj] [float] NULL 
svz_importer,khmt,khmt,خدمات/کسورات/کارکرد مرتبط,25,kmt_sumt,[float],True,False,,[kmt_sumt] [float] NULL 
svz_importer,khmt,khmt,خدمات/کسورات/کارکرد مرتبط,26,kmt_zrib,[float],True,False,,[kmt_zrib] [float] NULL 
svz_importer,khmt,khmt,خدمات/کسورات/کارکرد مرتبط,27,kmt_sujz,[float],True,False,,[kmt_sujz] [float] NULL 
svz_importer,khmt,khmt,خدمات/کسورات/کارکرد مرتبط,28,kmt_nusj,[nvarchar] (5),True,False,,[kmt_nusj] [nvarchar] (5) COLLATE Arabic_CI_AS NULL 
svz_importer,khmt,khmt,خدمات/کسورات/کارکرد مرتبط,29,kmt_dtsj,[nvarchar] (8),True,False,,[kmt_dtsj] [nvarchar] (8) COLLATE Arabic_CI_AS NULL 
svz_importer,khmt,khmt,خدمات/کسورات/کارکرد مرتبط,30,kmt_coda,[nvarchar] (8),True,False,,[kmt_coda] [nvarchar] (8) COLLATE Arabic_CI_AS NULL 
svz_importer,khmt,khmt,خدمات/کسورات/کارکرد مرتبط,31,kmt_repe,[bit],False,False,,[kmt_repe] [bit] NOT NULL 
svz_importer,khmt,khmt,خدمات/کسورات/کارکرد مرتبط,32,kmt_equa,[nvarchar] (1),True,False,,[kmt_equa] [nvarchar] (1) COLLATE Arabic_CI_AS NULL 
svz_importer,khmt,khmt,خدمات/کسورات/کارکرد مرتبط,33,kmt_identity,[int],False,True,,"[kmt_identity] [int] IDENTITY (1, 1) NOT NULL "
svz_importer,khmt,khmt,خدمات/کسورات/کارکرد مرتبط,34,kmt_mpwk,[bit],True,False,,[kmt_mpwk] [bit] NULL 
svz_importer,khmt,khmt,خدمات/کسورات/کارکرد مرتبط,35,kmt_mora,[smallint],True,False,,[kmt_mora] [smallint] NULL 
svz_importer,khmt,khmt,خدمات/کسورات/کارکرد مرتبط,36,kmt_morj,[smallint],True,False,,[kmt_morj] [smallint] NULL
svz_importer,kmac,kmac,پایه/ماشین‌آلات?,1,kmt_cofh,[nvarchar] (8),True,False,,[kmt_cofh] [nvarchar] (8) COLLATE Arabic_CI_AS NULL 
svz_importer,kmac,kmac,پایه/ماشین‌آلات?,2,kmt_frco,[nvarchar] (8),True,False,,[kmt_frco] [nvarchar] (8) COLLATE Arabic_CI_AS NULL 
svz_importer,kmac,kmac,پایه/ماشین‌آلات?,3,kmt_dsps,[nvarchar] (40),True,False,,[kmt_dsps] [nvarchar] (40) COLLATE Arabic_CI_AS NULL 
svz_importer,kmac,kmac,پایه/ماشین‌آلات?,4,kmt_dsmo,[nvarchar] (40),True,False,,[kmt_dsmo] [nvarchar] (40) COLLATE Arabic_CI_AS NULL 
svz_importer,kmac,kmac,پایه/ماشین‌آلات?,5,kmt_nufh,[tinyint],True,False,,[kmt_nufh] [tinyint] NULL 
svz_importer,kmac,kmac,پایه/ماشین‌آلات?,6,kmt_nuse,[nvarchar] (5),True,False,,[kmt_nuse] [nvarchar] (5) COLLATE Arabic_CI_AS NULL 
svz_importer,kmac,kmac,پایه/ماشین‌آلات?,7,kmt_nmse,[nvarchar] (40),True,False,,[kmt_nmse] [nvarchar] (40) COLLATE Arabic_CI_AS NULL 
svz_importer,kmac,kmac,پایه/ماشین‌آلات?,8,kmt_astr,[nvarchar] (1),True,False,,[kmt_astr] [nvarchar] (1) COLLATE Arabic_CI_AS NULL 
svz_importer,kmac,kmac,پایه/ماشین‌آلات?,9,kmt_rad,[smallint],True,False,,[kmt_rad] [smallint] NULL 
svz_importer,kmac,kmac,پایه/ماشین‌آلات?,10,kmt_unit,[nvarchar] (20),True,False,,[kmt_unit] [nvarchar] (20) COLLATE Arabic_CI_AS NULL 
svz_importer,kmac,kmac,پایه/ماشین‌آلات?,11,kmt_nusv,[nvarchar] (10),True,False,,[kmt_nusv] [nvarchar] (10) COLLATE Arabic_CI_AS NULL 
svz_importer,kmac,kmac,پایه/ماشین‌آلات?,12,kmt_nuty,[tinyint],True,False,,[kmt_nuty] [tinyint] NULL 
svz_importer,kmac,kmac,پایه/ماشین‌آلات?,13,kmt_dsfb,[ntext],True,False,,[kmt_dsfb] [ntext] COLLATE Arabic_CI_AS NULL 
svz_importer,kmac,kmac,پایه/ماشین‌آلات?,14,kmt_pcun,[money],True,False,,[kmt_pcun] [money] NULL 
svz_importer,kmac,kmac,پایه/ماشین‌آلات?,15,kmt_radj,[smallint],True,False,,[kmt_radj] [smallint] NULL 
svz_importer,kmac,kmac,پایه/ماشین‌آلات?,16,kmt_dsfh,[ntext],True,False,,[kmt_dsfh] [ntext] COLLATE Arabic_CI_AS NULL 
svz_importer,kmac,kmac,پایه/ماشین‌آلات?,17,kmt_valn,[real],True,False,,[kmt_valn] [real] NULL 
svz_importer,kmac,kmac,پایه/ماشین‌آلات?,18,kmt_coad,[ntext],True,False,,[kmt_coad] [ntext] COLLATE Arabic_CI_AS NULL 
svz_importer,kmac,kmac,پایه/ماشین‌آلات?,19,kmt_mbgh,[nvarchar] (1),True,False,,[kmt_mbgh] [nvarchar] (1) COLLATE Arabic_CI_AS NULL 
svz_importer,kmac,kmac,پایه/ماشین‌آلات?,20,kmt_pcup,[money],True,False,,[kmt_pcup] [money] NULL 
svz_importer,kmac,kmac,پایه/ماشین‌آلات?,21,kmt_dsad,[nvarchar] (200),True,False,,[kmt_dsad] [nvarchar] (200) COLLATE Arabic_CI_AS NULL 
svz_importer,kmac,kmac,پایه/ماشین‌آلات?,22,kmt_pyad,[ntext],True,False,,[kmt_pyad] [ntext] COLLATE Arabic_CI_AS NULL 
svz_importer,kmac,kmac,پایه/ماشین‌آلات?,23,kmt_pynm,[nvarchar] (255),True,False,,[kmt_pynm] [nvarchar] (255) COLLATE Arabic_CI_AS NULL 
svz_importer,kmac,kmac,پایه/ماشین‌آلات?,24,kmt_sumj,[float],True,False,,[kmt_sumj] [float] NULL 
svz_importer,kmac,kmac,پایه/ماشین‌آلات?,25,kmt_sumt,[float],True,False,,[kmt_sumt] [float] NULL 
svz_importer,kmac,kmac,پایه/ماشین‌آلات?,26,kmt_coac,[nvarchar] (4),True,False,,[kmt_coac] [nvarchar] (4) COLLATE Arabic_CI_AS NULL 
svz_importer,kmac,kmac,پایه/ماشین‌آلات?,27,kmt_shac,[nvarchar] (200),True,False,,[kmt_shac] [nvarchar] (200) COLLATE Arabic_CI_AS NULL 
svz_importer,kmac,kmac,پایه/ماشین‌آلات?,28,kmt_zrib,[float],True,False,,[kmt_zrib] [float] NULL 
svz_importer,kmac,kmac,پایه/ماشین‌آلات?,29,kmt_sujz,[float],True,False,,[kmt_sujz] [float] NULL 
svz_importer,kmac,kmac,پایه/ماشین‌آلات?,30,kmt_nusj,[nvarchar] (5),True,False,,[kmt_nusj] [nvarchar] (5) COLLATE Arabic_CI_AS NULL 
svz_importer,kmac,kmac,پایه/ماشین‌آلات?,31,kmt_dtsj,[nvarchar] (8),True,False,,[kmt_dtsj] [nvarchar] (8) COLLATE Arabic_CI_AS NULL 
svz_importer,kmac,kmac,پایه/ماشین‌آلات?,32,kmt_mgrp,[nvarchar] (2),True,False,,[kmt_mgrp] [nvarchar] (2) COLLATE Arabic_CI_AS NULL 
svz_importer,kmac,kmac,پایه/ماشین‌آلات?,33,kmt_sgrp,[nvarchar] (200),True,False,,[kmt_sgrp] [nvarchar] (200) COLLATE Arabic_CI_AS NULL 
svz_importer,kmac,kmac,پایه/ماشین‌آلات?,34,kmt_coda,[nvarchar] (8),True,False,,[kmt_coda] [nvarchar] (8) COLLATE Arabic_CI_AS NULL 
svz_importer,kmac,kmac,پایه/ماشین‌آلات?,35,kmt_repe,[bit],False,False,,[kmt_repe] [bit] NOT NULL 
svz_importer,kmac,kmac,پایه/ماشین‌آلات?,36,kmt_equa,[nvarchar] (1),True,False,,[kmt_equa] [nvarchar] (1) COLLATE Arabic_CI_AS NULL 
svz_importer,kmac,kmac,پایه/ماشین‌آلات?,37,kmt_identity,[int],False,True,,"[kmt_identity] [int] IDENTITY (1, 1) NOT NULL "
svz_importer,kmac,kmac,پایه/ماشین‌آلات?,38,kmt_mpwk,[bit],True,False,,[kmt_mpwk] [bit] NULL 
svz_importer,kmac,kmac,پایه/ماشین‌آلات?,39,kmt_mora,[smallint],True,False,,[kmt_mora] [smallint] NULL 
svz_importer,kmac,kmac,پایه/ماشین‌آلات?,40,kmt_morj,[smallint],True,False,,[kmt_morj] [smallint] NULL
svz_importer,mogs,mogs,صورتجلسه/مقادیر,1,mog_name,[nvarchar] (40),True,False,,[mog_name] [nvarchar] (40) COLLATE Arabic_CI_AS NULL 
svz_importer,mogs,mogs,صورتجلسه/مقادیر,2,mog_rad,[smallint],True,False,,[mog_rad] [smallint] NULL 
svz_importer,mogs,mogs,صورتجلسه/مقادیر,3,mog_zrib,[float],True,False,,[mog_zrib] [float] NULL 
svz_importer,mogs,mogs,صورتجلسه/مقادیر,4,mog_identity,[int],False,True,,"[mog_identity] [int] IDENTITY (1, 1) NOT NULL"
svz_importer,mult,mult,ضرایب/چندگانه,1,mlt_zrmp,[nvarchar] (4),True,False,,[mlt_zrmp] [nvarchar] (4) COLLATE Arabic_CI_AS NULL 
svz_importer,mult,mult,ضرایب/چندگانه,2,mlt_zrta,[nvarchar] (5),True,False,,[mlt_zrta] [nvarchar] (5) COLLATE Arabic_CI_AS NULL 
svz_importer,mult,mult,ضرایب/چندگانه,3,mlt_tgzr,[tinyint],True,False,,[mlt_tgzr] [tinyint] NULL 
svz_importer,mult,mult,ضرایب/چندگانه,4,mlt_mbtj,[float],True,False,,[mlt_mbtj] [float] NULL 
svz_importer,mult,mult,ضرایب/چندگانه,5,mlt_nufh,[tinyint],True,False,,[mlt_nufh] [tinyint] NULL 
svz_importer,mult,mult,ضرایب/چندگانه,6,mlt_nmse,[nvarchar] (50),True,False,,[mlt_nmse] [nvarchar] (50) COLLATE Arabic_CI_AS NULL 
svz_importer,mult,mult,ضرایب/چندگانه,7,mlt_nuty,[tinyint],True,False,,[mlt_nuty] [tinyint] NULL 
svz_importer,mult,mult,ضرایب/چندگانه,8,mlt_valn,[real],True,False,,[mlt_valn] [real] NULL 
svz_importer,mult,mult,ضرایب/چندگانه,9,mlt_nusv,[nvarchar] (10),True,False,,[mlt_nusv] [nvarchar] (10) COLLATE Arabic_CI_AS NULL 
svz_importer,mult,mult,ضرایب/چندگانه,10,mlt_type,[nvarchar] (1),True,False,,[mlt_type] [nvarchar] (1) COLLATE Arabic_CI_AS NULL 
svz_importer,mult,mult,ضرایب/چندگانه,11,mlt_nuse,[nvarchar] (5),True,False,,[mlt_nuse] [nvarchar] (5) COLLATE Arabic_CI_AS NULL 
svz_importer,mult,mult,ضرایب/چندگانه,12,mlt_sumz,[float],True,False,,[mlt_sumz] [float] NULL 
svz_importer,mult,mult,ضرایب/چندگانه,13,mlt_tgrb,[tinyint],True,False,,[mlt_tgrb] [tinyint] NULL 
svz_importer,mult,mult,ضرایب/چندگانه,14,mlt_prtj,[nvarchar] (5),True,False,,[mlt_prtj] [nvarchar] (5) COLLATE Arabic_CI_AS NULL 
svz_importer,mult,mult,ضرایب/چندگانه,15,mlt_auto,[tinyint],True,False,,[mlt_auto] [tinyint] NULL 
svz_importer,mult,mult,ضرایب/چندگانه,16,mlt_zrt0,[nvarchar] (100),True,False,,[mlt_zrt0] [nvarchar] (100) COLLATE Arabic_CI_AS NULL 
svz_importer,mult,mult,ضرایب/چندگانه,17,mlt_zrt1,[nvarchar] (100),True,False,,[mlt_zrt1] [nvarchar] (100) COLLATE Arabic_CI_AS NULL 
svz_importer,mult,mult,ضرایب/چندگانه,18,mlt_sumz_mp,[float],True,False,,[mlt_sumz_mp] [float] NULL 
svz_importer,mult,mult,ضرایب/چندگانه,19,mlt_zrmpj,[nvarchar] (6),True,False,,[mlt_zrmpj] [nvarchar] (6) COLLATE Arabic_CI_AS NULL 
svz_importer,mult,mult,ضرایب/چندگانه,20,mlt_zrte,[nvarchar] (100),True,False,,[mlt_zrte] [nvarchar] (100) COLLATE Arabic_CI_AS NULL 
svz_importer,mult,mult,ضرایب/چندگانه,21,mlt_zrte_mp,[nvarchar] (100),True,False,,[mlt_zrte_mp] [nvarchar] (100) COLLATE Arabic_CI_AS NULL 
svz_importer,mult,mult,ضرایب/چندگانه,22,mlt_plmu,[float],True,False,,[mlt_plmu] [float] NULL 
svz_importer,mult,mult,ضرایب/چندگانه,23,mlt_zrt0_mp,[nvarchar] (100),True,False,,[mlt_zrt0_mp] [nvarchar] (100) COLLATE Arabic_CI_AS NULL 
svz_importer,mult,mult,ضرایب/چندگانه,24,mlt_loca,[float],True,False,,[mlt_loca] [float] NULL 
svz_importer,mult,mult,ضرایب/چندگانه,25,mlt_zrt1_mp,[nvarchar] (100),True,False,,[mlt_zrt1_mp] [nvarchar] (100) COLLATE Arabic_CI_AS NULL 
svz_importer,mult,mult,ضرایب/چندگانه,26,mlt_heit,[float],True,False,,[mlt_heit] [float] NULL 
svz_importer,mult,mult,ضرایب/چندگانه,27,mlt_hard,[float],True,False,,[mlt_hard] [float] NULL 
svz_importer,mult,mult,ضرایب/چندگانه,28,mlt_taba,[float],True,False,,[mlt_taba] [float] NULL 
svz_importer,mult,mult,ضرایب/چندگانه,29,mlt_ovhd,[float],True,False,,[mlt_ovhd] [float] NULL 
svz_importer,mult,mult,ضرایب/چندگانه,30,mlt_ztjh,[float],True,False,,[mlt_ztjh] [float] NULL 
svz_importer,mult,mult,ضرایب/چندگانه,31,mlt_semp,[float],True,False,,[mlt_semp] [float] NULL 
svz_importer,mult,mult,ضرایب/چندگانه,32,mlt_zrfk,[float],True,False,,[mlt_zrfk] [float] NULL 
svz_importer,mult,mult,ضرایب/چندگانه,33,mlt_cnvt,[float],True,False,,[mlt_cnvt] [float] NULL 
svz_importer,mult,mult,ضرایب/چندگانه,34,mlt_mntj,[money],True,False,,[mlt_mntj] [money] NULL 
svz_importer,mult,mult,ضرایب/چندگانه,35,mlt_tjtp,[nvarchar] (250),True,False,,[mlt_tjtp] [nvarchar] (250) COLLATE Arabic_CI_AS NULL 
svz_importer,mult,mult,ضرایب/چندگانه,36,mlt_zrt2_mp,[nvarchar] (100),True,False,,[mlt_zrt2_mp] [nvarchar] (100) COLLATE Arabic_CI_AS NULL 
svz_importer,mult,mult,ضرایب/چندگانه,37,mlt_zrt2,[nvarchar] (100),True,False,,[mlt_zrt2] [nvarchar] (100) COLLATE Arabic_CI_AS NULL
svz_importer,nmac,nmac,پایه/ماشین‌آلات?,1,nmh_grop,[tinyint],True,False,,[nmh_grop] [tinyint] NULL 
svz_importer,nmac,nmac,پایه/ماشین‌آلات?,2,nmh_code,[nvarchar] (8),True,False,,[nmh_code] [nvarchar] (8) COLLATE Arabic_CI_AS NULL 
svz_importer,nmac,nmac,پایه/ماشین‌آلات?,3,nmh_nufh,[tinyint],True,False,,[nmh_nufh] [tinyint] NULL 
svz_importer,nmac,nmac,پایه/ماشین‌آلات?,4,nmh_nuse,[nvarchar] (5),True,False,,[nmh_nuse] [nvarchar] (5) COLLATE Arabic_CI_AS NULL 
svz_importer,nmac,nmac,پایه/ماشین‌آلات?,5,nmh_codi,[ntext],True,False,,[nmh_codi] [ntext] COLLATE Arabic_CI_AS NULL 
svz_importer,nmac,nmac,پایه/ماشین‌آلات?,6,nmh_unit,[nvarchar] (20),True,False,,[nmh_unit] [nvarchar] (20) COLLATE Arabic_CI_AS NULL 
svz_importer,nmac,nmac,پایه/ماشین‌آلات?,7,nmh_quan,[float],True,False,,[nmh_quan] [float] NULL 
svz_importer,nmac,nmac,پایه/ماشین‌آلات?,8,nmh_pcun,[money],True,False,,[nmh_pcun] [money] NULL 
svz_importer,nmac,nmac,پایه/ماشین‌آلات?,9,nmh_pcal,[money],True,False,,[nmh_pcal] [money] NULL 
svz_importer,nmac,nmac,پایه/ماشین‌آلات?,10,nmh_rad,[smallint],True,False,,[nmh_rad] [smallint] NULL 
svz_importer,nmac,nmac,پایه/ماشین‌آلات?,11,nmh_zrib,[float],True,False,,[nmh_zrib] [float] NULL 
svz_importer,nmac,nmac,پایه/ماشین‌آلات?,12,nmh_dscr,[ntext],True,False,,[nmh_dscr] [ntext] COLLATE Arabic_CI_AS NULL 
svz_importer,nmac,nmac,پایه/ماشین‌آلات?,13,nmh_coac,[nvarchar] (4),True,False,,[nmh_coac] [nvarchar] (4) COLLATE Arabic_CI_AS NULL 
svz_importer,nmac,nmac,پایه/ماشین‌آلات?,14,nmh_shac,[nvarchar] (200),True,False,,[nmh_shac] [nvarchar] (200) COLLATE Arabic_CI_AS NULL 
svz_importer,nmac,nmac,پایه/ماشین‌آلات?,15,nmh_nusv,[nvarchar] (10),True,False,,[nmh_nusv] [nvarchar] (10) COLLATE Arabic_CI_AS NULL 
svz_importer,nmac,nmac,پایه/ماشین‌آلات?,16,nmh_nuty,[tinyint],True,False,,[nmh_nuty] [tinyint] NULL 
svz_importer,nmac,nmac,پایه/ماشین‌آلات?,17,nmh_mola,[nvarchar] (250),True,False,,[nmh_mola] [nvarchar] (250) COLLATE Arabic_CI_AS NULL 
svz_importer,nmac,nmac,پایه/ماشین‌آلات?,18,nmh_fmul,[nvarchar] (250),True,False,,[nmh_fmul] [nvarchar] (250) COLLATE Arabic_CI_AS NULL 
svz_importer,nmac,nmac,پایه/ماشین‌آلات?,19,nmh_identity,[int],False,True,,"[nmh_identity] [int] IDENTITY (1, 1) NOT NULL "
svz_importer,nmac,nmac,پایه/ماشین‌آلات?,20,nmh_mpwk,[bit],True,False,,[nmh_mpwk] [bit] NULL
svz_importer,nmmh,nmmh,منابع/مصالح/حمل,1,nmh_grop,[tinyint],True,False,,[nmh_grop] [tinyint] NULL 
svz_importer,nmmh,nmmh,منابع/مصالح/حمل,2,nmh_code,[nvarchar] (8),True,False,,[nmh_code] [nvarchar] (8) COLLATE Arabic_CI_AS NULL 
svz_importer,nmmh,nmmh,منابع/مصالح/حمل,3,nmh_nufh,[tinyint],True,False,,[nmh_nufh] [tinyint] NULL 
svz_importer,nmmh,nmmh,منابع/مصالح/حمل,4,nmh_nuse,[nvarchar] (5),True,False,,[nmh_nuse] [nvarchar] (5) COLLATE Arabic_CI_AS NULL 
svz_importer,nmmh,nmmh,منابع/مصالح/حمل,5,nmh_codi,[ntext],True,False,,[nmh_codi] [ntext] COLLATE Arabic_CI_AS NULL 
svz_importer,nmmh,nmmh,منابع/مصالح/حمل,6,nmh_unit,[nvarchar] (20),True,False,,[nmh_unit] [nvarchar] (20) COLLATE Arabic_CI_AS NULL 
svz_importer,nmmh,nmmh,منابع/مصالح/حمل,7,nmh_quan,[float],True,False,,[nmh_quan] [float] NULL 
svz_importer,nmmh,nmmh,منابع/مصالح/حمل,8,nmh_pcun,[money],True,False,,[nmh_pcun] [money] NULL 
svz_importer,nmmh,nmmh,منابع/مصالح/حمل,9,nmh_pcal,[money],True,False,,[nmh_pcal] [money] NULL 
svz_importer,nmmh,nmmh,منابع/مصالح/حمل,10,nmh_rad,[smallint],True,False,,[nmh_rad] [smallint] NULL 
svz_importer,nmmh,nmmh,منابع/مصالح/حمل,11,nmh_zrib,[float],True,False,,[nmh_zrib] [float] NULL 
svz_importer,nmmh,nmmh,منابع/مصالح/حمل,12,nmh_dscr,[ntext],True,False,,[nmh_dscr] [ntext] COLLATE Arabic_CI_AS NULL 
svz_importer,nmmh,nmmh,منابع/مصالح/حمل,13,nmh_nusv,[nvarchar] (10),True,False,,[nmh_nusv] [nvarchar] (10) COLLATE Arabic_CI_AS NULL 
svz_importer,nmmh,nmmh,منابع/مصالح/حمل,14,nmh_nuty,[tinyint],True,False,,[nmh_nuty] [tinyint] NULL 
svz_importer,nmmh,nmmh,منابع/مصالح/حمل,15,nmh_mola,[nvarchar] (250),True,False,,[nmh_mola] [nvarchar] (250) COLLATE Arabic_CI_AS NULL 
svz_importer,nmmh,nmmh,منابع/مصالح/حمل,16,nmh_fmul,[nvarchar] (250),True,False,,[nmh_fmul] [nvarchar] (250) COLLATE Arabic_CI_AS NULL 
svz_importer,nmmh,nmmh,منابع/مصالح/حمل,17,nmh_identity,[int],False,True,,"[nmh_identity] [int] IDENTITY (1, 1) NOT NULL "
svz_importer,nmmh,nmmh,منابع/مصالح/حمل,18,nmh_mpwk,[bit],True,False,,[nmh_mpwk] [bit] NULL
svz_importer,nots,nots,یادداشت‌ها,1,not_numb,[tinyint],True,False,,[not_numb] [tinyint] NULL 
svz_importer,nots,nots,یادداشت‌ها,2,not_name,[nvarchar] (25),True,False,,[not_name] [nvarchar] (25) COLLATE Arabic_CI_AS NULL 
svz_importer,nots,nots,یادداشت‌ها,3,not_mbfh,[money],True,False,,[not_mbfh] [money] NULL 
svz_importer,nots,nots,یادداشت‌ها,4,not_mbsx,[money],True,False,,[not_mbsx] [money] NULL 
svz_importer,nots,nots,یادداشت‌ها,5,not_mbmp,[money],True,False,,[not_mbmp] [money] NULL 
svz_importer,nots,nots,یادداشت‌ها,6,not_mbtl,[money],True,False,,[not_mbtl] [money] NULL 
svz_importer,nots,nots,یادداشت‌ها,7,not_mbfz,[money],True,False,,[not_mbfz] [money] NULL 
svz_importer,nots,nots,یادداشت‌ها,8,not_mbsz,[money],True,False,,[not_mbsz] [money] NULL 
svz_importer,nots,nots,یادداشت‌ها,9,not_mbmz,[money],True,False,,[not_mbmz] [money] NULL 
svz_importer,nots,nots,یادداشت‌ها,10,not_mbtz,[money],True,False,,[not_mbtz] [money] NULL 
svz_importer,nots,nots,یادداشت‌ها,11,not_nuty,[tinyint],True,False,,[not_nuty] [tinyint] NULL 
svz_importer,nots,nots,یادداشت‌ها,12,not_smok,[money],True,False,,[not_smok] [money] NULL 
svz_importer,nots,nots,یادداشت‌ها,13,not_smoz,[money],True,False,,[not_smoz] [money] NULL 
svz_importer,nots,nots,یادداشت‌ها,14,not_nusv,[nvarchar] (10),True,False,,[not_nusv] [nvarchar] (10) COLLATE Arabic_CI_AS NULL 
svz_importer,nots,nots,یادداشت‌ها,15,not_mbfc,[money],True,False,,[not_mbfc] [money] NULL 
svz_importer,nots,nots,یادداشت‌ها,16,not_mbfcz,[money],True,False,,[not_mbfcz] [money] NULL 
svz_importer,nots,nots,یادداشت‌ها,17,not_mbbv,[money],True,False,,[not_mbbv] [money] NULL 
svz_importer,nots,nots,یادداشت‌ها,18,not_mbbz,[money],True,False,,[not_mbbz] [money] NULL 
svz_importer,nots,nots,یادداشت‌ها,19,not_prcn,[nvarchar] (8),True,False,,[not_prcn] [nvarchar] (8) COLLATE Arabic_CI_AS NULL 
svz_importer,nots,nots,یادداشت‌ها,20,not_pyad,[ntext],True,False,,[not_pyad] [ntext] COLLATE Arabic_CI_AS NULL 
svz_importer,nots,nots,یادداشت‌ها,21,not_pynm,[nvarchar] (255),True,False,,[not_pynm] [nvarchar] (255) COLLATE Arabic_CI_AS NULL 
svz_importer,nots,nots,یادداشت‌ها,22,not_prpn,[nvarchar] (8),True,False,,[not_prpn] [nvarchar] (8) COLLATE Arabic_CI_AS NULL 
svz_importer,nots,nots,یادداشت‌ها,23,not_mbpn,[money],True,False,,[not_mbpn] [money] NULL 
svz_importer,nots,nots,یادداشت‌ها,24,not_mbpz,[money],True,False,,[not_mbpz] [money] NULL 
svz_importer,nots,nots,یادداشت‌ها,25,not_pyrd,[smallint],True,False,,[not_pyrd] [smallint] NULL 
svz_importer,nots,nots,یادداشت‌ها,26,not_mbaf,[money],True,False,,[not_mbaf] [money] NULL 
svz_importer,nots,nots,یادداشت‌ها,27,not_mbka,[money],True,False,,[not_mbka] [money] NULL 
svz_importer,nots,nots,یادداشت‌ها,28,not_mbfs,[money],True,False,,[not_mbfs] [money] NULL 
svz_importer,nots,nots,یادداشت‌ها,29,not_mbafz,[money],True,False,,[not_mbafz] [money] NULL 
svz_importer,nots,nots,یادداشت‌ها,30,not_mbkaz,[money],True,False,,[not_mbkaz] [money] NULL 
svz_importer,nots,nots,یادداشت‌ها,31,not_mbfsz,[money],True,False,,[not_mbfsz] [money] NULL 
svz_importer,nots,nots,یادداشت‌ها,32,not_repe,[bit],False,False,,[not_repe] [bit] NOT NULL 
svz_importer,nots,nots,یادداشت‌ها,33,not_equa,[nvarchar] (1),True,False,,[not_equa] [nvarchar] (1) COLLATE Arabic_CI_AS NULL
svz_importer,ntac,ntac,نامشخص/نیازمند بررسی,1,ntc_numb,[tinyint],True,False,,[ntc_numb] [tinyint] NULL 
svz_importer,ntac,ntac,نامشخص/نیازمند بررسی,2,ntc_nusv,[nvarchar] (10),True,False,,[ntc_nusv] [nvarchar] (10) COLLATE Arabic_CI_AS NULL 
svz_importer,ntac,ntac,نامشخص/نیازمند بررسی,3,ntc_nuty,[tinyint],True,False,,[ntc_nuty] [tinyint] NULL 
svz_importer,ntac,ntac,نامشخص/نیازمند بررسی,4,ntc_name,[nvarchar] (25),True,False,,[ntc_name] [nvarchar] (25) COLLATE Arabic_CI_AS NULL 
svz_importer,ntac,ntac,نامشخص/نیازمند بررسی,5,ntc_pyad,[ntext],True,False,,[ntc_pyad] [ntext] COLLATE Arabic_CI_AS NULL 
svz_importer,ntac,ntac,نامشخص/نیازمند بررسی,6,ntc_pynm,[nvarchar] (255),True,False,,[ntc_pynm] [nvarchar] (255) COLLATE Arabic_CI_AS NULL 
svz_importer,ntac,ntac,نامشخص/نیازمند بررسی,7,ntc_pcal,[money],True,False,,[ntc_pcal] [money] NULL 
svz_importer,ntac,ntac,نامشخص/نیازمند بررسی,8,ntc_pcak,[money],True,False,,[ntc_pcak] [money] NULL 
svz_importer,ntac,ntac,نامشخص/نیازمند بررسی,9,ntc_pcoz,[money],True,False,,[ntc_pcoz] [money] NULL 
svz_importer,ntac,ntac,نامشخص/نیازمند بررسی,10,ntc_pcap,[money],True,False,,[ntc_pcap] [money] NULL 
svz_importer,ntac,ntac,نامشخص/نیازمند بررسی,11,not_repe,[bit],False,False,,[not_repe] [bit] NOT NULL 
svz_importer,ntac,ntac,نامشخص/نیازمند بررسی,12,not_equa,[nvarchar] (1),True,False,,[not_equa] [nvarchar] (1) COLLATE Arabic_CI_AS NULL
svz_importer,onac,onac,نامشخص/نیازمند بررسی,1,ona_rad,[smallint],True,False,,[ona_rad] [smallint] NULL 
svz_importer,onac,onac,نامشخص/نیازمند بررسی,2,ona_radj,[smallint],True,False,,[ona_radj] [smallint] NULL 
svz_importer,onac,onac,نامشخص/نیازمند بررسی,3,ona_dscr,[nvarchar] (50),True,False,,[ona_dscr] [nvarchar] (50) COLLATE Arabic_CI_AS NULL
svz_importer,pjsz,pjsz,پروژه/سازمان,1,pjs_rzmt,[ntext],True,False,,[pjs_rzmt] [ntext] COLLATE Arabic_CI_AS NULL 
svz_importer,pjsz,pjsz,پروژه/سازمان,2,pjs_khmt,[ntext],True,False,,[pjs_khmt] [ntext] COLLATE Arabic_CI_AS NULL 
svz_importer,pjsz,pjsz,پروژه/سازمان,3,pjs_zrib,[ntext],True,False,,[pjs_zrib] [ntext] COLLATE Arabic_CI_AS NULL 
svz_importer,pjsz,pjsz,پروژه/سازمان,4,pjs_fosi,[ntext],True,False,,[pjs_fosi] [ntext] COLLATE Arabic_CI_AS NULL 
svz_importer,pjsz,pjsz,پروژه/سازمان,5,pjs_bgml,[ntext],True,False,,[pjs_bgml] [ntext] COLLATE Arabic_CI_AS NULL 
svz_importer,pjsz,pjsz,پروژه/سازمان,6,pjs_seas,[ntext],True,False,,[pjs_seas] [ntext] COLLATE Arabic_CI_AS NULL
svz_importer,rplc,rplc,جایگزینی/رابطه,1,rpl_rzsh,[nvarchar] (30),True,False,,[rpl_rzsh] [nvarchar] (30) COLLATE Arabic_CI_AS NULL 
svz_importer,rplc,rplc,جایگزینی/رابطه,2,rpl_rzshj,[nvarchar] (30),True,False,,[rpl_rzshj] [nvarchar] (30) COLLATE Arabic_CI_AS NULL
svz_importer,rplo,rplo,نامشخص/نیازمند بررسی,1,rpl_rzco,[nvarchar] (8),True,False,,[rpl_rzco] [nvarchar] (8) COLLATE Arabic_CI_AS NULL 
svz_importer,rplo,rplo,نامشخص/نیازمند بررسی,2,rpl_rzcoj,[nvarchar] (8),True,False,,[rpl_rzcoj] [nvarchar] (8) COLLATE Arabic_CI_AS NULL
svz_importer,rsdn,rsdn,نامشخص/نیازمند بررسی,1,rsd_nmfh,[nvarchar] (25),True,False,,[rsd_nmfh] [nvarchar] (25) COLLATE Arabic_CI_AS NULL 
svz_importer,rsdn,rsdn,نامشخص/نیازمند بررسی,2,rsd_tynw,[tinyint],True,False,,[rsd_tynw] [tinyint] NULL 
svz_importer,rsdn,rsdn,نامشخص/نیازمند بررسی,3,rsd_tyol,[tinyint],True,False,,[rsd_tyol] [tinyint] NULL 
svz_importer,rsdn,rsdn,نامشخص/نیازمند بررسی,4,rsd_danw,[nvarchar] (10),True,False,,[rsd_danw] [nvarchar] (10) COLLATE Arabic_CI_AS NULL 
svz_importer,rsdn,rsdn,نامشخص/نیازمند بررسی,5,rsd_daol,[nvarchar] (10),True,False,,[rsd_daol] [nvarchar] (10) COLLATE Arabic_CI_AS NULL 
svz_importer,rsdn,rsdn,نامشخص/نیازمند بررسی,6,rsd_year,[smallint],True,False,,[rsd_year] [smallint] NULL 
svz_importer,rsdn,rsdn,نامشخص/نیازمند بررسی,7,rsd_fhns,[nvarchar] (25),True,False,,[rsd_fhns] [nvarchar] (25) COLLATE Arabic_CI_AS NULL 
svz_importer,rsdn,rsdn,نامشخص/نیازمند بررسی,8,rsd_zrkh,[bit],False,False,,[rsd_zrkh] [bit] NOT NULL 
svz_importer,rsdn,rsdn,نامشخص/نیازمند بررسی,9,rsd_sng,[tinyint],True,False,,[rsd_sng] [tinyint] NULL 
svz_importer,rsdn,rsdn,نامشخص/نیازمند بررسی,10,rsd_zrns,[bit],False,False,,[rsd_zrns] [bit] NOT NULL 
svz_importer,rsdn,rsdn,نامشخص/نیازمند بررسی,11,rsd_smso,[tinyint],True,False,,[rsd_smso] [tinyint] NULL 
svz_importer,rsdn,rsdn,نامشخص/نیازمند بررسی,12,rsd_yrso,[smallint],True,False,,[rsd_yrso] [smallint] NULL 
svz_importer,rsdn,rsdn,نامشخص/نیازمند بررسی,13,rsd_smtg,[tinyint],True,False,,[rsd_smtg] [tinyint] NULL 
svz_importer,rsdn,rsdn,نامشخص/نیازمند بررسی,14,rsd_yrtg,[smallint],True,False,,[rsd_yrtg] [smallint] NULL 
svz_importer,rsdn,rsdn,نامشخص/نیازمند بررسی,15,rsd_smsk,[tinyint],True,False,,[rsd_smsk] [tinyint] NULL 
svz_importer,rsdn,rsdn,نامشخص/نیازمند بررسی,16,rsd_yrsk,[smallint],True,False,,[rsd_yrsk] [smallint] NULL 
svz_importer,rsdn,rsdn,نامشخص/نیازمند بررسی,17,rsd_smmk,[tinyint],True,False,,[rsd_smmk] [tinyint] NULL 
svz_importer,rsdn,rsdn,نامشخص/نیازمند بررسی,18,rsd_yrmk,[smallint],True,False,,[rsd_yrmk] [smallint] NULL 
svz_importer,rsdn,rsdn,نامشخص/نیازمند بررسی,19,rsd_zrsh,[nvarchar] (4),True,False,,[rsd_zrsh] [nvarchar] (4) COLLATE Arabic_CI_AS NULL 
svz_importer,rsdn,rsdn,نامشخص/نیازمند بررسی,20,rsd_nusv,[nvarchar] (10),True,False,,[rsd_nusv] [nvarchar] (10) COLLATE Arabic_CI_AS NULL 
svz_importer,rsdn,rsdn,نامشخص/نیازمند بررسی,21,rsd_nuol,[nvarchar] (10),True,False,,[rsd_nuol] [nvarchar] (10) COLLATE Arabic_CI_AS NULL 
svz_importer,rsdn,rsdn,نامشخص/نیازمند بررسی,22,rsd_rmnw,[tinyint],True,False,,[rsd_rmnw] [tinyint] NULL 
svz_importer,rsdn,rsdn,نامشخص/نیازمند بررسی,23,rsd_rzps,[nvarchar] (40),True,False,,[rsd_rzps] [nvarchar] (40) COLLATE Arabic_CI_AS NULL 
svz_importer,rsdn,rsdn,نامشخص/نیازمند بررسی,24,rsd_fbso,[tinyint],True,False,,[rsd_fbso] [tinyint] NULL 
svz_importer,rsdn,rsdn,نامشخص/نیازمند بررسی,25,rsd_scst,[nvarchar] (30),True,False,,[rsd_scst] [nvarchar] (30) COLLATE Arabic_CI_AS NULL 
svz_importer,rsdn,rsdn,نامشخص/نیازمند بررسی,26,rsd_scnu,[nvarchar] (5),True,False,,[rsd_scnu] [nvarchar] (5) COLLATE Arabic_CI_AS NULL 
svz_importer,rsdn,rsdn,نامشخص/نیازمند بررسی,27,rsd_srfbsh,[nvarchar] (30),True,False,,[rsd_srfbsh] [nvarchar] (30) COLLATE Arabic_CI_AS NULL 
svz_importer,rsdn,rsdn,نامشخص/نیازمند بررسی,28,rsd_srfbco,[nvarchar] (5),True,False,,[rsd_srfbco] [nvarchar] (5) COLLATE Arabic_CI_AS NULL 
svz_importer,rsdn,rsdn,نامشخص/نیازمند بررسی,29,rsd_srrzco,[nvarchar] (8),True,False,,[rsd_srrzco] [nvarchar] (8) COLLATE Arabic_CI_AS NULL 
svz_importer,rsdn,rsdn,نامشخص/نیازمند بررسی,30,rsd_srrzra,[nvarchar] (10),True,False,,[rsd_srrzra] [nvarchar] (10) COLLATE Arabic_CI_AS NULL 
svz_importer,rsdn,rsdn,نامشخص/نیازمند بررسی,31,rsd_srrzsh,[nvarchar] (30),True,False,,[rsd_srrzsh] [nvarchar] (30) COLLATE Arabic_CI_AS NULL 
svz_importer,rsdn,rsdn,نامشخص/نیازمند بررسی,32,rsd_sorz,[tinyint],True,False,,[rsd_sorz] [tinyint] NULL 
svz_importer,rsdn,rsdn,نامشخص/نیازمند بررسی,33,rsd_rztb,[tinyint],True,False,,[rsd_rztb] [tinyint] NULL 
svz_importer,rsdn,rsdn,نامشخص/نیازمند بررسی,34,rsd_rzjsf,[nvarchar] (30),True,False,,[rsd_rzjsf] [nvarchar] (30) COLLATE Arabic_CI_AS NULL 
svz_importer,rsdn,rsdn,نامشخص/نیازمند بررسی,35,rsd_rzjsj,[nvarchar] (30),True,False,,[rsd_rzjsj] [nvarchar] (30) COLLATE Arabic_CI_AS NULL 
svz_importer,rsdn,rsdn,نامشخص/نیازمند بررسی,36,rsd_rzjcf,[nvarchar] (8),True,False,,[rsd_rzjcf] [nvarchar] (8) COLLATE Arabic_CI_AS NULL 
svz_importer,rsdn,rsdn,نامشخص/نیازمند بررسی,37,rsd_rzjcj,[nvarchar] (8),True,False,,[rsd_rzjcj] [nvarchar] (8) COLLATE Arabic_CI_AS NULL 
svz_importer,rsdn,rsdn,نامشخص/نیازمند بررسی,38,rsd_hmgp,[nvarchar] (20),True,False,,[rsd_hmgp] [nvarchar] (20) COLLATE Arabic_CI_AS NULL 
svz_importer,rsdn,rsdn,نامشخص/نیازمند بررسی,39,rsd_rzfu,[tinyint],True,False,,[rsd_rzfu] [tinyint] NULL 
svz_importer,rsdn,rsdn,نامشخص/نیازمند بررسی,40,rsd_rzam,[tinyint],True,False,,[rsd_rzam] [tinyint] NULL 
svz_importer,rsdn,rsdn,نامشخص/نیازمند بررسی,41,rsd_rzmo,[tinyint],True,False,,[rsd_rzmo] [tinyint] NULL 
svz_importer,rsdn,rsdn,نامشخص/نیازمند بررسی,42,rsd_fipg,[smallint],True,False,,[rsd_fipg] [smallint] NULL 
svz_importer,rsdn,rsdn,نامشخص/نیازمند بررسی,43,rsd_rpdt,[nvarchar] (10),True,False,,[rsd_rpdt] [nvarchar] (10) COLLATE Arabic_CI_AS NULL 
svz_importer,rsdn,rsdn,نامشخص/نیازمند بررسی,44,rsd_nmp,[nvarchar] (20),True,False,,[rsd_nmp] [nvarchar] (20) COLLATE Arabic_CI_AS NULL 
svz_importer,rsdn,rsdn,نامشخص/نیازمند بررسی,45,rsd_nmpy,[nvarchar] (40),True,False,,[rsd_nmpy] [nvarchar] (40) COLLATE Arabic_CI_AS NULL 
svz_importer,rsdn,rsdn,نامشخص/نیازمند بررسی,46,rsd_nmm,[nvarchar] (20),True,False,,[rsd_nmm] [nvarchar] (20) COLLATE Arabic_CI_AS NULL 
svz_importer,rsdn,rsdn,نامشخص/نیازمند بررسی,47,rsd_nmmo,[nvarchar] (40),True,False,,[rsd_nmmo] [nvarchar] (40) COLLATE Arabic_CI_AS NULL 
svz_importer,rsdn,rsdn,نامشخص/نیازمند بررسی,48,rsd_nmk,[nvarchar] (20),True,False,,[rsd_nmk] [nvarchar] (20) COLLATE Arabic_CI_AS NULL 
svz_importer,rsdn,rsdn,نامشخص/نیازمند بررسی,49,rsd_nmkf,[nvarchar] (40),True,False,,[rsd_nmkf] [nvarchar] (40) COLLATE Arabic_CI_AS NULL 
svz_importer,rsdn,rsdn,نامشخص/نیازمند بررسی,50,rsd_hmbk,[bit],False,False,,[rsd_hmbk] [bit] NOT NULL 
svz_importer,rsdn,rsdn,نامشخص/نیازمند بررسی,51,rsd_lise,[smallint],True,False,,[rsd_lise] [smallint] NULL 
svz_importer,rsdn,rsdn,نامشخص/نیازمند بررسی,52,rsd_bgwk,[tinyint],True,False,,[rsd_bgwk] [tinyint] NULL 
svz_importer,rsdn,rsdn,نامشخص/نیازمند بررسی,53,rsd_intp,[nvarchar] (255),True,False,,[rsd_intp] [nvarchar] (255) COLLATE Arabic_CI_AS NULL 
svz_importer,rsdn,rsdn,نامشخص/نیازمند بررسی,54,rsd_zrtd,[nvarchar] (5),True,False,,[rsd_zrtd] [nvarchar] (5) COLLATE Arabic_CI_AS NULL 
svz_importer,rsdn,rsdn,نامشخص/نیازمند بررسی,55,rsd_dfzr,[float],True,False,,[rsd_dfzr] [float] NULL 
svz_importer,rsdn,rsdn,نامشخص/نیازمند بررسی,56,rsd_tyrp,[tinyint],True,False,,[rsd_tyrp] [tinyint] NULL 
svz_importer,rsdn,rsdn,نامشخص/نیازمند بررسی,57,rsd_bhr,[nvarchar] (20),True,False,,[rsd_bhr] [nvarchar] (20) COLLATE Arabic_CI_AS NULL 
svz_importer,rsdn,rsdn,نامشخص/نیازمند بررسی,58,rsd_bhrb,[nvarchar] (40),True,False,,[rsd_bhrb] [nvarchar] (40) COLLATE Arabic_CI_AS NULL 
svz_importer,rsdn,rsdn,نامشخص/نیازمند بررسی,59,rsd_blc,[nvarchar] (20),True,False,,[rsd_blc] [nvarchar] (20) COLLATE Arabic_CI_AS NULL 
svz_importer,rsdn,rsdn,نامشخص/نیازمند بررسی,60,rsd_red,[nvarchar] (20),True,False,,[rsd_red] [nvarchar] (20) COLLATE Arabic_CI_AS NULL 
svz_importer,rsdn,rsdn,نامشخص/نیازمند بررسی,61,rsd_grn,[nvarchar] (20),True,False,,[rsd_grn] [nvarchar] (20) COLLATE Arabic_CI_AS NULL 
svz_importer,rsdn,rsdn,نامشخص/نیازمند بررسی,62,rsd_blu,[nvarchar] (20),True,False,,[rsd_blu] [nvarchar] (20) COLLATE Arabic_CI_AS NULL 
svz_importer,rsdn,rsdn,نامشخص/نیازمند بررسی,63,rsd_dist,[bit],False,False,,[rsd_dist] [bit] NOT NULL
svz_importer,rzmt,rzmt,ریزمتره,1,rmt_cofh,[nvarchar] (8),True,False,,[rmt_cofh] [nvarchar] (8) COLLATE Arabic_CI_AS NULL 
svz_importer,rzmt,rzmt,ریزمتره,2,rmt_dsps,[nvarchar] (40),True,False,,[rmt_dsps] [nvarchar] (40) COLLATE Arabic_CI_AS NULL 
svz_importer,rzmt,rzmt,ریزمتره,3,rmt_nufh,[tinyint],True,False,,[rmt_nufh] [tinyint] NULL 
svz_importer,rzmt,rzmt,ریزمتره,4,rmt_nuse,[nvarchar] (5),True,False,,[rmt_nuse] [nvarchar] (5) COLLATE Arabic_CI_AS NULL 
svz_importer,rzmt,rzmt,ریزمتره,5,rmt_nmse,[nvarchar] (40),True,False,,[rmt_nmse] [nvarchar] (40) COLLATE Arabic_CI_AS NULL 
svz_importer,rzmt,rzmt,ریزمتره,6,rmt_astr,[nvarchar] (1),True,False,,[rmt_astr] [nvarchar] (1) COLLATE Arabic_CI_AS NULL 
svz_importer,rzmt,rzmt,ریزمتره,7,rmt_fare,[nvarchar] (1),True,False,,[rmt_fare] [nvarchar] (1) COLLATE Arabic_CI_AS NULL 
svz_importer,rzmt,rzmt,ریزمتره,8,rmt_rad,[smallint],True,False,,[rmt_rad] [smallint] NULL 
svz_importer,rzmt,rzmt,ریزمتره,9,rmt_raj,[smallint],True,False,,[rmt_raj] [smallint] NULL 
svz_importer,rzmt,rzmt,ریزمتره,10,rmt_unit,[nvarchar] (20),True,False,,[rmt_unit] [nvarchar] (20) COLLATE Arabic_CI_AS NULL 
svz_importer,rzmt,rzmt,ریزمتره,11,rmt_dsmo,[ntext],True,False,,[rmt_dsmo] [ntext] COLLATE Arabic_CI_AS NULL 
svz_importer,rzmt,rzmt,ریزمتره,12,rmt_dsam,[ntext],True,False,,[rmt_dsam] [ntext] COLLATE Arabic_CI_AS NULL 
svz_importer,rzmt,rzmt,ریزمتره,13,rmt_radj,[smallint],True,False,,[rmt_radj] [smallint] NULL 
svz_importer,rzmt,rzmt,ریزمتره,14,rmt_rajj,[smallint],True,False,,[rmt_rajj] [smallint] NULL 
svz_importer,rzmt,rzmt,ریزمتره,15,rmt_nusv,[nvarchar] (10),True,False,,[rmt_nusv] [nvarchar] (10) COLLATE Arabic_CI_AS NULL 
svz_importer,rzmt,rzmt,ریزمتره,16,rmt_nuty,[tinyint],True,False,,[rmt_nuty] [tinyint] NULL 
svz_importer,rzmt,rzmt,ریزمتره,17,rmt_dsfh,[ntext],True,False,,[rmt_dsfh] [ntext] COLLATE Arabic_CI_AS NULL 
svz_importer,rzmt,rzmt,ریزمتره,18,rmt_dsfb,[ntext],True,False,,[rmt_dsfb] [ntext] COLLATE Arabic_CI_AS NULL 
svz_importer,rzmt,rzmt,ریزمتره,19,rmt_pcun,[money],True,False,,[rmt_pcun] [money] NULL 
svz_importer,rzmt,rzmt,ریزمتره,20,rmt_valn,[real],True,False,,[rmt_valn] [real] NULL 
svz_importer,rzmt,rzmt,ریزمتره,21,rmt_mbgh,[nvarchar] (1),True,False,,[rmt_mbgh] [nvarchar] (1) COLLATE Arabic_CI_AS NULL 
svz_importer,rzmt,rzmt,ریزمتره,22,rmt_coad,[ntext],True,False,,[rmt_coad] [ntext] COLLATE Arabic_CI_AS NULL 
svz_importer,rzmt,rzmt,ریزمتره,23,rmt_tyun,[nvarchar] (30),True,False,,[rmt_tyun] [nvarchar] (30) COLLATE Arabic_CI_AS NULL 
svz_importer,rzmt,rzmt,ریزمتره,24,rmt_pcup,[money],True,False,,[rmt_pcup] [money] NULL 
svz_importer,rzmt,rzmt,ریزمتره,25,rmt_dsad,[nvarchar] (200),True,False,,[rmt_dsad] [nvarchar] (200) COLLATE Arabic_CI_AS NULL 
svz_importer,rzmt,rzmt,ریزمتره,26,rmt_pyad,[ntext],True,False,,[rmt_pyad] [ntext] COLLATE Arabic_CI_AS NULL 
svz_importer,rzmt,rzmt,ریزمتره,27,rmt_numz,[nvarchar] (20),True,False,,[rmt_numz] [nvarchar] (20) COLLATE Arabic_CI_AS NULL 
svz_importer,rzmt,rzmt,ریزمتره,28,rmt_pynm,[nvarchar] (255),True,False,,[rmt_pynm] [nvarchar] (255) COLLATE Arabic_CI_AS NULL 
svz_importer,rzmt,rzmt,ریزمتره,29,rmt_fmul,[nvarchar] (100),True,False,,[rmt_fmul] [nvarchar] (100) COLLATE Arabic_CI_AS NULL 
svz_importer,rzmt,rzmt,ریزمتره,30,rmt_tool,[float],True,False,,[rmt_tool] [float] NULL 
svz_importer,rzmt,rzmt,ریزمتره,31,rmt_arz,[float],True,False,,[rmt_arz] [float] NULL 
svz_importer,rzmt,rzmt,ریزمتره,32,rmt_summ,[float],True,False,,[rmt_summ] [float] NULL 
svz_importer,rzmt,rzmt,ریزمتره,33,rmt_heit,[float],True,False,,[rmt_heit] [float] NULL 
svz_importer,rzmt,rzmt,ریزمتره,34,rmt_sumj,[float],True,False,,[rmt_sumj] [float] NULL 
svz_importer,rzmt,rzmt,ریزمتره,35,rmt_sumt,[float],True,False,,[rmt_sumt] [float] NULL 
svz_importer,rzmt,rzmt,ریزمتره,36,rmt_numo,[float],True,False,,[rmt_numo] [float] NULL 
svz_importer,rzmt,rzmt,ریزمتره,37,rmt_raps,[smallint],True,False,,[rmt_raps] [smallint] NULL 
svz_importer,rzmt,rzmt,ریزمتره,38,rmt_coac,[nvarchar] (4),True,False,,[rmt_coac] [nvarchar] (4) COLLATE Arabic_CI_AS NULL 
svz_importer,rzmt,rzmt,ریزمتره,39,rmt_shac,[nvarchar] (200),True,False,,[rmt_shac] [nvarchar] (200) COLLATE Arabic_CI_AS NULL 
svz_importer,rzmt,rzmt,ریزمتره,40,rmt_tooz,[nvarchar] (20),True,False,,[rmt_tooz] [nvarchar] (20) COLLATE Arabic_CI_AS NULL 
svz_importer,rzmt,rzmt,ریزمتره,41,rmt_arzz,[nvarchar] (20),True,False,,[rmt_arzz] [nvarchar] (20) COLLATE Arabic_CI_AS NULL 
svz_importer,rzmt,rzmt,ریزمتره,42,rmt_heiz,[nvarchar] (20),True,False,,[rmt_heiz] [nvarchar] (20) COLLATE Arabic_CI_AS NULL 
svz_importer,rzmt,rzmt,ریزمتره,43,rmt_mora,[smallint],True,False,,[rmt_mora] [smallint] NULL 
svz_importer,rzmt,rzmt,ریزمتره,44,rmt_morj,[smallint],True,False,,[rmt_morj] [smallint] NULL 
svz_importer,rzmt,rzmt,ریزمتره,45,rmt_moco,[nvarchar] (8),True,False,,[rmt_moco] [nvarchar] (8) COLLATE Arabic_CI_AS NULL 
svz_importer,rzmt,rzmt,ریزمتره,46,rmt_main,[bit],False,False,,[rmt_main] [bit] NOT NULL 
svz_importer,rzmt,rzmt,ریزمتره,47,rmt_moya,[bit],False,False,,[rmt_moya] [bit] NOT NULL 
svz_importer,rzmt,rzmt,ریزمتره,48,rmt_mgrp,[nvarchar] (2),True,False,,[rmt_mgrp] [nvarchar] (2) COLLATE Arabic_CI_AS NULL 
svz_importer,rzmt,rzmt,ریزمتره,49,rmt_sgrp,[nvarchar] (200),True,False,,[rmt_sgrp] [nvarchar] (200) COLLATE Arabic_CI_AS NULL 
svz_importer,rzmt,rzmt,ریزمتره,50,rmt_picp,[nvarchar] (255),True,False,,[rmt_picp] [nvarchar] (255) COLLATE Arabic_CI_AS NULL 
svz_importer,rzmt,rzmt,ریزمتره,51,rmt_repe,[bit],False,False,,[rmt_repe] [bit] NOT NULL 
svz_importer,rzmt,rzmt,ریزمتره,52,rmt_equa,[nvarchar] (1),True,False,,[rmt_equa] [nvarchar] (1) COLLATE Arabic_CI_AS NULL 
svz_importer,rzmt,rzmt,ریزمتره,53,rmt_identity,[int],False,True,,"[rmt_identity] [int] IDENTITY (1, 1) NOT NULL "
svz_importer,rzmt,rzmt,ریزمتره,54,rmt_mpwk,[bit],True,False,,[rmt_mpwk] [bit] NULL
svz_importer,sact,sact,نامشخص/نیازمند بررسی,1,ses_nufh,[tinyint],True,False,,[ses_nufh] [tinyint] NULL 
svz_importer,sact,sact,نامشخص/نیازمند بررسی,2,ses_numb,[nvarchar] (5),True,False,,[ses_numb] [nvarchar] (5) COLLATE Arabic_CI_AS NULL 
svz_importer,sact,sact,نامشخص/نیازمند بررسی,3,ses_name,[nvarchar] (50),True,False,,[ses_name] [nvarchar] (50) COLLATE Arabic_CI_AS NULL 
svz_importer,sact,sact,نامشخص/نیازمند بررسی,4,ses_pcfh,[money],True,False,,[ses_pcfh] [money] NULL 
svz_importer,sact,sact,نامشخص/نیازمند بررسی,5,ses_pcsx,[money],True,False,,[ses_pcsx] [money] NULL 
svz_importer,sact,sact,نامشخص/نیازمند بررسی,6,ses_pcmp,[money],True,False,,[ses_pcmp] [money] NULL 
svz_importer,sact,sact,نامشخص/نیازمند بررسی,7,ses_pctl,[money],True,False,,[ses_pctl] [money] NULL 
svz_importer,sact,sact,نامشخص/نیازمند بررسی,8,ses_pcfz,[money],True,False,,[ses_pcfz] [money] NULL 
svz_importer,sact,sact,نامشخص/نیازمند بررسی,9,ses_pcsz,[money],True,False,,[ses_pcsz] [money] NULL 
svz_importer,sact,sact,نامشخص/نیازمند بررسی,10,ses_pcmz,[money],True,False,,[ses_pcmz] [money] NULL 
svz_importer,sact,sact,نامشخص/نیازمند بررسی,11,ses_pctz,[money],True,False,,[ses_pctz] [money] NULL 
svz_importer,sact,sact,نامشخص/نیازمند بررسی,12,ses_nuty,[tinyint],True,False,,[ses_nuty] [tinyint] NULL 
svz_importer,sact,sact,نامشخص/نیازمند بررسی,13,ses_valn,[real],True,False,,[ses_valn] [real] NULL 
svz_importer,sact,sact,نامشخص/نیازمند بررسی,14,ses_nusv,[nvarchar] (10),True,False,,[ses_nusv] [nvarchar] (10) COLLATE Arabic_CI_AS NULL 
svz_importer,sact,sact,نامشخص/نیازمند بررسی,15,ses_pcfc,[money],True,False,,[ses_pcfc] [money] NULL 
svz_importer,sact,sact,نامشخص/نیازمند بررسی,16,ses_pcfcz,[money],True,False,,[ses_pcfcz] [money] NULL 
svz_importer,sact,sact,نامشخص/نیازمند بررسی,17,ses_pcbv,[money],True,False,,[ses_pcbv] [money] NULL 
svz_importer,sact,sact,نامشخص/نیازمند بررسی,18,ses_pcbz,[money],True,False,,[ses_pcbz] [money] NULL 
svz_importer,sact,sact,نامشخص/نیازمند بررسی,19,ses_prcn,[nvarchar] (8),True,False,,[ses_prcn] [nvarchar] (8) COLLATE Arabic_CI_AS NULL 
svz_importer,sact,sact,نامشخص/نیازمند بررسی,20,ses_pcpn,[money],True,False,,[ses_pcpn] [money] NULL 
svz_importer,sact,sact,نامشخص/نیازمند بررسی,21,ses_pcpz,[money],True,False,,[ses_pcpz] [money] NULL 
svz_importer,sact,sact,نامشخص/نیازمند بررسی,22,ses_pyad,[ntext],True,False,,[ses_pyad] [ntext] COLLATE Arabic_CI_AS NULL 
svz_importer,sact,sact,نامشخص/نیازمند بررسی,23,ses_pynm,[nvarchar] (255),True,False,,[ses_pynm] [nvarchar] (255) COLLATE Arabic_CI_AS NULL 
svz_importer,sact,sact,نامشخص/نیازمند بررسی,24,ses_prpn,[nvarchar] (8),True,False,,[ses_prpn] [nvarchar] (8) COLLATE Arabic_CI_AS NULL 
svz_importer,sact,sact,نامشخص/نیازمند بررسی,25,ses_pyrd,[int],True,False,,[ses_pyrd] [int] NULL 
svz_importer,sact,sact,نامشخص/نیازمند بررسی,26,ses_coac,[nvarchar] (4),True,False,,[ses_coac] [nvarchar] (4) COLLATE Arabic_CI_AS NULL 
svz_importer,sact,sact,نامشخص/نیازمند بررسی,27,ses_shac,[nvarchar] (200),True,False,,[ses_shac] [nvarchar] (200) COLLATE Arabic_CI_AS NULL 
svz_importer,sact,sact,نامشخص/نیازمند بررسی,28,ses_pcoz,[money],True,False,,[ses_pcoz] [money] NULL 
svz_importer,sact,sact,نامشخص/نیازمند بررسی,29,ses_mgrp,[nvarchar] (2),True,False,,[ses_mgrp] [nvarchar] (2) COLLATE Arabic_CI_AS NULL 
svz_importer,sact,sact,نامشخص/نیازمند بررسی,30,ses_sgrp,[nvarchar] (200),True,False,,[ses_sgrp] [nvarchar] (200) COLLATE Arabic_CI_AS NULL 
svz_importer,sact,sact,نامشخص/نیازمند بررسی,31,ses_repe,[bit],False,False,,[ses_repe] [bit] NOT NULL 
svz_importer,sact,sact,نامشخص/نیازمند بررسی,32,ses_equa,[nvarchar] (1),True,False,,[ses_equa] [nvarchar] (1) COLLATE Arabic_CI_AS NULL
svz_importer,scac,scac,نامشخص/نیازمند بررسی,1,src_grop,[tinyint],True,False,,[src_grop] [tinyint] NULL 
svz_importer,scac,scac,نامشخص/نیازمند بررسی,2,src_nufh,[tinyint],True,False,,[src_nufh] [tinyint] NULL 
svz_importer,scac,scac,نامشخص/نیازمند بررسی,3,src_codi,[ntext],True,False,,[src_codi] [ntext] COLLATE Arabic_CI_AS NULL 
svz_importer,scac,scac,نامشخص/نیازمند بررسی,4,src_unit,[nvarchar] (20),True,False,,[src_unit] [nvarchar] (20) COLLATE Arabic_CI_AS NULL 
svz_importer,scac,scac,نامشخص/نیازمند بررسی,5,src_pcun,[money],True,False,,[src_pcun] [money] NULL 
svz_importer,scac,scac,نامشخص/نیازمند بررسی,6,src_date,[nvarchar] (8),True,False,,[src_date] [nvarchar] (8) COLLATE Arabic_CI_AS NULL 
svz_importer,scac,scac,نامشخص/نیازمند بررسی,7,src_proj,[ntext],True,False,,[src_proj] [ntext] COLLATE Arabic_CI_AS NULL 
svz_importer,scac,scac,نامشخص/نیازمند بررسی,8,src_pcal,[money],True,False,,[src_pcal] [money] NULL 
svz_importer,scac,scac,نامشخص/نیازمند بررسی,9,src_prcn,[nvarchar] (8),True,False,,[src_prcn] [nvarchar] (8) COLLATE Arabic_CI_AS NULL 
svz_importer,scac,scac,نامشخص/نیازمند بررسی,10,src_rad,[int],True,False,,[src_rad] [int] NULL 
svz_importer,scac,scac,نامشخص/نیازمند بررسی,11,src_dscr,[ntext],True,False,,[src_dscr] [ntext] COLLATE Arabic_CI_AS NULL 
svz_importer,scac,scac,نامشخص/نیازمند بررسی,12,src_quan,[float],True,False,,[src_quan] [float] NULL 
svz_importer,scac,scac,نامشخص/نیازمند بررسی,13,src_coac,[nvarchar] (4),True,False,,[src_coac] [nvarchar] (4) COLLATE Arabic_CI_AS NULL 
svz_importer,scac,scac,نامشخص/نیازمند بررسی,14,src_shac,[nvarchar] (200),True,False,,[src_shac] [nvarchar] (200) COLLATE Arabic_CI_AS NULL 
svz_importer,scac,scac,نامشخص/نیازمند بررسی,15,src_totl,[bit],False,False,,[src_totl] [bit] NOT NULL 
svz_importer,scac,scac,نامشخص/نیازمند بررسی,16,src_nusv,[nvarchar] (10),True,False,,[src_nusv] [nvarchar] (10) COLLATE Arabic_CI_AS NULL 
svz_importer,scac,scac,نامشخص/نیازمند بررسی,17,src_nuty,[tinyint],True,False,,[src_nuty] [tinyint] NULL 
svz_importer,scac,scac,نامشخص/نیازمند بررسی,18,src_qubr,[float],True,False,,[src_qubr] [float] NULL 
svz_importer,scac,scac,نامشخص/نیازمند بررسی,19,src_quol,[float],True,False,,[src_quol] [float] NULL 
svz_importer,scac,scac,نامشخص/نیازمند بررسی,20,src_qudf,[float],True,False,,[src_qudf] [float] NULL 
svz_importer,scac,scac,نامشخص/نیازمند بررسی,21,src_prjn,[bit],False,False,,[src_prjn] [bit] NOT NULL 
svz_importer,scac,scac,نامشخص/نیازمند بررسی,22,src_quin,[float],True,False,,[src_quin] [float] NULL 
svz_importer,scac,scac,نامشخص/نیازمند بررسی,23,src_nuse,[nvarchar] (5),True,False,,[src_nuse] [nvarchar] (5) COLLATE Arabic_CI_AS NULL 
svz_importer,scac,scac,نامشخص/نیازمند بررسی,24,src_nmse,[nvarchar] (50),True,False,,[src_nmse] [nvarchar] (50) COLLATE Arabic_CI_AS NULL 
svz_importer,scac,scac,نامشخص/نیازمند بررسی,25,src_identity,[int],False,True,,"[src_identity] [int] IDENTITY (1, 1) NOT NULL"
svz_importer,seas,seas,خلاصه فصل‌ها,1,ses_nufh,[tinyint],True,False,,[ses_nufh] [tinyint] NULL 
svz_importer,seas,seas,خلاصه فصل‌ها,2,ses_numb,[nvarchar] (5),True,False,,[ses_numb] [nvarchar] (5) COLLATE Arabic_CI_AS NULL 
svz_importer,seas,seas,خلاصه فصل‌ها,3,ses_name,[nvarchar] (50),True,False,,[ses_name] [nvarchar] (50) COLLATE Arabic_CI_AS NULL 
svz_importer,seas,seas,خلاصه فصل‌ها,4,ses_pcfh,[money],True,False,,[ses_pcfh] [money] NULL 
svz_importer,seas,seas,خلاصه فصل‌ها,5,ses_pcsx,[money],True,False,,[ses_pcsx] [money] NULL 
svz_importer,seas,seas,خلاصه فصل‌ها,6,ses_pcmp,[money],True,False,,[ses_pcmp] [money] NULL 
svz_importer,seas,seas,خلاصه فصل‌ها,7,ses_pctl,[money],True,False,,[ses_pctl] [money] NULL 
svz_importer,seas,seas,خلاصه فصل‌ها,8,ses_pcfz,[money],True,False,,[ses_pcfz] [money] NULL 
svz_importer,seas,seas,خلاصه فصل‌ها,9,ses_pcsz,[money],True,False,,[ses_pcsz] [money] NULL 
svz_importer,seas,seas,خلاصه فصل‌ها,10,ses_pcmz,[money],True,False,,[ses_pcmz] [money] NULL 
svz_importer,seas,seas,خلاصه فصل‌ها,11,ses_pctz,[money],True,False,,[ses_pctz] [money] NULL 
svz_importer,seas,seas,خلاصه فصل‌ها,12,ses_nuty,[tinyint],True,False,,[ses_nuty] [tinyint] NULL 
svz_importer,seas,seas,خلاصه فصل‌ها,13,ses_valn,[real],True,False,,[ses_valn] [real] NULL 
svz_importer,seas,seas,خلاصه فصل‌ها,14,ses_nusv,[nvarchar] (10),True,False,,[ses_nusv] [nvarchar] (10) COLLATE Arabic_CI_AS NULL 
svz_importer,seas,seas,خلاصه فصل‌ها,15,ses_pcfc,[money],True,False,,[ses_pcfc] [money] NULL 
svz_importer,seas,seas,خلاصه فصل‌ها,16,ses_pcfcz,[money],True,False,,[ses_pcfcz] [money] NULL 
svz_importer,seas,seas,خلاصه فصل‌ها,17,ses_pcbv,[money],True,False,,[ses_pcbv] [money] NULL 
svz_importer,seas,seas,خلاصه فصل‌ها,18,ses_pcbz,[money],True,False,,[ses_pcbz] [money] NULL 
svz_importer,seas,seas,خلاصه فصل‌ها,19,ses_prcn,[nvarchar] (8),True,False,,[ses_prcn] [nvarchar] (8) COLLATE Arabic_CI_AS NULL 
svz_importer,seas,seas,خلاصه فصل‌ها,20,ses_pcpn,[money],True,False,,[ses_pcpn] [money] NULL 
svz_importer,seas,seas,خلاصه فصل‌ها,21,ses_pcpz,[money],True,False,,[ses_pcpz] [money] NULL 
svz_importer,seas,seas,خلاصه فصل‌ها,22,ses_pyad,[ntext],True,False,,[ses_pyad] [ntext] COLLATE Arabic_CI_AS NULL 
svz_importer,seas,seas,خلاصه فصل‌ها,23,ses_pynm,[nvarchar] (255),True,False,,[ses_pynm] [nvarchar] (255) COLLATE Arabic_CI_AS NULL 
svz_importer,seas,seas,خلاصه فصل‌ها,24,ses_prpn,[nvarchar] (8),True,False,,[ses_prpn] [nvarchar] (8) COLLATE Arabic_CI_AS NULL 
svz_importer,seas,seas,خلاصه فصل‌ها,25,ses_pyrd,[smallint],True,False,,[ses_pyrd] [smallint] NULL 
svz_importer,seas,seas,خلاصه فصل‌ها,26,ses_pcaf,[money],True,False,,[ses_pcaf] [money] NULL 
svz_importer,seas,seas,خلاصه فصل‌ها,27,ses_pcka,[money],True,False,,[ses_pcka] [money] NULL 
svz_importer,seas,seas,خلاصه فصل‌ها,28,ses_pcfs,[money],True,False,,[ses_pcfs] [money] NULL 
svz_importer,seas,seas,خلاصه فصل‌ها,29,ses_pcafz,[money],True,False,,[ses_pcafz] [money] NULL 
svz_importer,seas,seas,خلاصه فصل‌ها,30,ses_pckaz,[money],True,False,,[ses_pckaz] [money] NULL 
svz_importer,seas,seas,خلاصه فصل‌ها,31,ses_pcfsz,[money],True,False,,[ses_pcfsz] [money] NULL 
svz_importer,seas,seas,خلاصه فصل‌ها,32,ses_repe,[bit],False,False,,[ses_repe] [bit] NOT NULL 
svz_importer,seas,seas,خلاصه فصل‌ها,33,ses_equa,[nvarchar] (1),True,False,,[ses_equa] [nvarchar] (1) COLLATE Arabic_CI_AS NULL
svz_importer,secu,secu,نامشخص/نیازمند بررسی,1,sec_nuty,[smallint],True,False,,[sec_nuty] [smallint] NULL 
svz_importer,secu,secu,نامشخص/نیازمند بررسی,2,sec_nufh,[tinyint],True,False,,[sec_nufh] [tinyint] NULL 
svz_importer,secu,secu,نامشخص/نیازمند بررسی,3,sec_nusv,[nvarchar] (20),True,False,,[sec_nusv] [nvarchar] (20) COLLATE Arabic_CI_AS NULL 
svz_importer,secu,secu,نامشخص/نیازمند بررسی,4,sec_pass,[nvarchar] (10),True,False,,[sec_pass] [nvarchar] (10) COLLATE Arabic_CI_AS NULL
svz_importer,secu_n,secu,نامشخص/نیازمند بررسی,1,sec_pass,[nvarchar] (10),True,False,,[sec_pass] [nvarchar] (10) COLLATE Arabic_CI_AS NULL
svz_importer,situ,situ,نامشخص/نیازمند بررسی,1,stu_date,[nvarchar] (10),True,False,,[stu_date] [nvarchar] (10) COLLATE Arabic_CI_AS NULL 
svz_importer,situ,situ,نامشخص/نیازمند بررسی,2,stu_wzkh,[tinyint],True,False,,[stu_wzkh] [tinyint] NULL 
svz_importer,situ,situ,نامشخص/نیازمند بررسی,3,stu_trfm,[tinyint],True,False,,[stu_trfm] [tinyint] NULL 
svz_importer,situ,situ,نامشخص/نیازمند بررسی,4,stu_type,[nvarchar] (10),True,False,,[stu_type] [nvarchar] (10) COLLATE Arabic_CI_AS NULL 
svz_importer,situ,situ,نامشخص/نیازمند بررسی,5,stu_tyol,[nvarchar] (10),True,False,,[stu_tyol] [nvarchar] (10) COLLATE Arabic_CI_AS NULL 
svz_importer,situ,situ,نامشخص/نیازمند بررسی,6,stu_daol,[nvarchar] (10),True,False,,[stu_daol] [nvarchar] (10) COLLATE Arabic_CI_AS NULL 
svz_importer,situ,situ,نامشخص/نیازمند بررسی,7,stu_numb,[nvarchar] (10),True,False,,[stu_numb] [nvarchar] (10) COLLATE Arabic_CI_AS NULL 
svz_importer,situ,situ,نامشخص/نیازمند بررسی,8,stu_nuol,[nvarchar] (10),True,False,,[stu_nuol] [nvarchar] (10) COLLATE Arabic_CI_AS NULL 
svz_importer,situ,situ,نامشخص/نیازمند بررسی,9,stu_avg,[bit],False,False,,[stu_avg] [bit] NOT NULL 
svz_importer,situ,situ,نامشخص/نیازمند بررسی,10,stu_mbyt,[money],True,False,,[stu_mbyt] [money] NULL 
svz_importer,situ,situ,نامشخص/نیازمند بررسی,11,stu_mbsy,[money],True,False,,[stu_mbsy] [money] NULL 
svz_importer,situ,situ,نامشخص/نیازمند بررسی,12,stu_mbkz,[money],True,False,,[stu_mbkz] [money] NULL 
svz_importer,situ,situ,نامشخص/نیازمند بررسی,13,stu_mbsv,[money],True,False,,[stu_mbsv] [money] NULL 
svz_importer,situ,situ,نامشخص/نیازمند بررسی,14,stu_dtpy,[nvarchar] (10),True,False,,[stu_dtpy] [nvarchar] (10) COLLATE Arabic_CI_AS NULL 
svz_importer,situ,situ,نامشخص/نیازمند بررسی,15,stu_dtvg,[nvarchar] (10),True,False,,[stu_dtvg] [nvarchar] (10) COLLATE Arabic_CI_AS NULL 
svz_importer,situ,situ,نامشخص/نیازمند بررسی,16,stu_dysv,[float],True,False,,[stu_dysv] [float] NULL 
svz_importer,situ,situ,نامشخص/نیازمند بررسی,17,stu_dydl,[float],True,False,,[stu_dydl] [float] NULL 
svz_importer,situ,situ,نامشخص/نیازمند بررسی,18,stu_fmul,[nvarchar] (50),True,False,,[stu_fmul] [nvarchar] (50) COLLATE Arabic_CI_AS NULL 
svz_importer,situ,situ,نامشخص/نیازمند بررسی,19,stu_tydl,[tinyint],True,False,,[stu_tydl] [tinyint] NULL 
svz_importer,situ,situ,نامشخص/نیازمند بررسی,20,stu_dela,[float],True,False,,[stu_dela] [float] NULL 
svz_importer,situ,situ,نامشخص/نیازمند بررسی,21,stu_rad,[smallint],True,False,,[stu_rad] [smallint] NULL 
svz_importer,situ,situ,نامشخص/نیازمند بررسی,22,stu_svdl,[bit],False,False,,[stu_svdl] [bit] NOT NULL 
svz_importer,situ,situ,نامشخص/نیازمند بررسی,23,stu_mojz,[smallint],True,False,,[stu_mojz] [smallint] NULL 
svz_importer,situ,situ,نامشخص/نیازمند بررسی,24,stu_identity,[int],False,True,,"[stu_identity] [int] IDENTITY (1, 1) NOT NULL"
svz_importer,sorc,sorc,منابع/جمع‌بندی,1,src_grop,[tinyint],True,False,,[src_grop] [tinyint] NULL 
svz_importer,sorc,sorc,منابع/جمع‌بندی,2,src_nufh,[tinyint],True,False,,[src_nufh] [tinyint] NULL 
svz_importer,sorc,sorc,منابع/جمع‌بندی,3,src_codi,[ntext],True,False,,[src_codi] [ntext] COLLATE Arabic_CI_AS NULL 
svz_importer,sorc,sorc,منابع/جمع‌بندی,4,src_unit,[nvarchar] (20),True,False,,[src_unit] [nvarchar] (20) COLLATE Arabic_CI_AS NULL 
svz_importer,sorc,sorc,منابع/جمع‌بندی,5,src_pcun,[money],True,False,,[src_pcun] [money] NULL 
svz_importer,sorc,sorc,منابع/جمع‌بندی,6,src_date,[nvarchar] (8),True,False,,[src_date] [nvarchar] (8) COLLATE Arabic_CI_AS NULL 
svz_importer,sorc,sorc,منابع/جمع‌بندی,7,src_proj,[ntext],True,False,,[src_proj] [ntext] COLLATE Arabic_CI_AS NULL 
svz_importer,sorc,sorc,منابع/جمع‌بندی,8,src_pcal,[money],True,False,,[src_pcal] [money] NULL 
svz_importer,sorc,sorc,منابع/جمع‌بندی,9,src_prcn,[nvarchar] (8),True,False,,[src_prcn] [nvarchar] (8) COLLATE Arabic_CI_AS NULL 
svz_importer,sorc,sorc,منابع/جمع‌بندی,10,src_rad,[int],True,False,,[src_rad] [int] NULL 
svz_importer,sorc,sorc,منابع/جمع‌بندی,11,src_dscr,[ntext],True,False,,[src_dscr] [ntext] COLLATE Arabic_CI_AS NULL 
svz_importer,sorc,sorc,منابع/جمع‌بندی,12,src_quan,[float],True,False,,[src_quan] [float] NULL 
svz_importer,sorc,sorc,منابع/جمع‌بندی,13,src_nusv,[nvarchar] (10),True,False,,[src_nusv] [nvarchar] (10) COLLATE Arabic_CI_AS NULL 
svz_importer,sorc,sorc,منابع/جمع‌بندی,14,src_nuty,[tinyint],True,False,,[src_nuty] [tinyint] NULL 
svz_importer,sorc,sorc,منابع/جمع‌بندی,15,src_qubr,[float],True,False,,[src_qubr] [float] NULL 
svz_importer,sorc,sorc,منابع/جمع‌بندی,16,src_quol,[float],True,False,,[src_quol] [float] NULL 
svz_importer,sorc,sorc,منابع/جمع‌بندی,17,src_qudf,[float],True,False,,[src_qudf] [float] NULL 
svz_importer,sorc,sorc,منابع/جمع‌بندی,18,src_prjn,[bit],False,False,,[src_prjn] [bit] NOT NULL 
svz_importer,sorc,sorc,منابع/جمع‌بندی,19,src_quin,[float],True,False,,[src_quin] [float] NULL 
svz_importer,sorc,sorc,منابع/جمع‌بندی,20,src_nuse,[nvarchar] (5),True,False,,[src_nuse] [nvarchar] (5) COLLATE Arabic_CI_AS NULL 
svz_importer,sorc,sorc,منابع/جمع‌بندی,21,src_nmse,[nvarchar] (50),True,False,,[src_nmse] [nvarchar] (50) COLLATE Arabic_CI_AS NULL 
svz_importer,sorc,sorc,منابع/جمع‌بندی,22,src_totl,[bit],False,False,,[src_totl] [bit] NOT NULL 
svz_importer,sorc,sorc,منابع/جمع‌بندی,23,src_identity,[int],False,True,,"[src_identity] [int] IDENTITY (1, 1) NOT NULL"
svz_importer,srch,srch,نامشخص/نیازمند بررسی,1,src_seas,[nvarchar] (30),True,False,,[src_seas] [nvarchar] (30) COLLATE Arabic_CI_AS NULL 
svz_importer,srch,srch,نامشخص/نیازمند بررسی,2,src_senu,[nvarchar] (5),True,False,,[src_senu] [nvarchar] (5) COLLATE Arabic_CI_AS NULL
svz_importer,srfb,srfb,نامشخص/نیازمند بررسی,1,src_fbsh,[nvarchar] (30),True,False,,[src_fbsh] [nvarchar] (30) COLLATE Arabic_CI_AS NULL 
svz_importer,srfb,srfb,نامشخص/نیازمند بررسی,2,src_fbco,[nvarchar] (8),True,False,,[src_fbco] [nvarchar] (8) COLLATE Arabic_CI_AS NULL
svz_importer,srrz,srrz,نامشخص/نیازمند بررسی,1,src_rzco,[nvarchar] (8),True,False,,[src_rzco] [nvarchar] (8) COLLATE Arabic_CI_AS NULL 
svz_importer,srrz,srrz,نامشخص/نیازمند بررسی,2,src_rzra,[nvarchar] (10),True,False,,[src_rzra] [nvarchar] (10) COLLATE Arabic_CI_AS NULL 
svz_importer,srrz,srrz,نامشخص/نیازمند بررسی,3,src_rzsh,[nvarchar] (30),True,False,,[src_rzsh] [nvarchar] (30) COLLATE Arabic_CI_AS NULL
svz_importer,titz,titz,نامشخص/نیازمند بررسی,1,tit_plm,[nvarchar] (15),True,False,,[tit_plm] [nvarchar] (15) COLLATE Arabic_CI_AS NULL 
svz_importer,titz,titz,نامشخص/نیازمند بررسی,2,tit_ovh,[nvarchar] (15),True,False,,[tit_ovh] [nvarchar] (15) COLLATE Arabic_CI_AS NULL 
svz_importer,titz,titz,نامشخص/نیازمند بررسی,3,tit_loca,[nvarchar] (15),True,False,,[tit_loca] [nvarchar] (15) COLLATE Arabic_CI_AS NULL 
svz_importer,titz,titz,نامشخص/نیازمند بررسی,4,tit_hed,[nvarchar] (15),True,False,,[tit_hed] [nvarchar] (15) COLLATE Arabic_CI_AS NULL 
svz_importer,titz,titz,نامشخص/نیازمند بررسی,5,tit_tab,[nvarchar] (15),True,False,,[tit_tab] [nvarchar] (15) COLLATE Arabic_CI_AS NULL 
svz_importer,titz,titz,نامشخص/نیازمند بررسی,6,tit_har,[nvarchar] (15),True,False,,[tit_har] [nvarchar] (15) COLLATE Arabic_CI_AS NULL 
svz_importer,titz,titz,نامشخص/نیازمند بررسی,7,tit_zrt,[nvarchar] (15),True,False,,[tit_zrt] [nvarchar] (15) COLLATE Arabic_CI_AS NULL 
svz_importer,titz,titz,نامشخص/نیازمند بررسی,8,tit_cnv,[nvarchar] (15),True,False,,[tit_cnv] [nvarchar] (15) COLLATE Arabic_CI_AS NULL
svz_importer,zrhi,zrhi,نامشخص/نیازمند بررسی,1,zrh_heit,[float],True,False,,[zrh_heit] [float] NULL 
svz_importer,zrhi,zrhi,نامشخص/نیازمند بررسی,2,zrh_taba,[float],True,False,,[zrh_taba] [float] NULL 
svz_importer,zrhi,zrhi,نامشخص/نیازمند بررسی,3,zrh_heio,[float],True,False,,[zrh_heio] [float] NULL
svz_importer,zrtb,zrtb,ضرایب/تجهیز,1,ztb_dscr,[nvarchar] (200),True,False,,[ztb_dscr] [nvarchar] (200) COLLATE Arabic_CI_AS NULL 
svz_importer,zrtb,zrtb,ضرایب/تجهیز,2,ztb_area,[float],True,False,,[ztb_area] [float] NULL 
svz_importer,zrtb,zrtb,ضرایب/تجهیز,3,ztb_rad,[int],True,False,,[ztb_rad] [int] NULL 
svz_importer,zrtb,zrtb,ضرایب/تجهیز,4,ztb_numb,[nvarchar] (3),True,False,,[ztb_numb] [nvarchar] (3) COLLATE Arabic_CI_AS NULL
taksa_temp,ZrLc,zrlc,نامشخص/نیازمند بررسی,1,ZlC_nura,[smallint],True,False,,[ZlC_nura] [smallint] NULL 
taksa_temp,ZrLc,zrlc,نامشخص/نیازمند بررسی,2,Zlc_nufh,[tinyint],True,False,,[Zlc_nufh] [tinyint] NULL 
taksa_temp,ZrLc,zrlc,نامشخص/نیازمند بررسی,3,Zlc_dscr,[ntext],True,False,,[Zlc_dscr] [ntext] COLLATE Arabic_CI_AS NULL 
taksa_temp,ZrLc,zrlc,نامشخص/نیازمند بررسی,4,Zlc_zrib,[float],True,False,,[Zlc_zrib] [float] NULL
taksa_temp,ader,ader,نامشخص/نیازمند بررسی,1,adr_cofh,[nvarchar] (10),True,False,,[adr_cofh] [nvarchar] (10) COLLATE Arabic_CI_AS NULL 
taksa_temp,ader,ader,نامشخص/نیازمند بررسی,2,adr_nufh,[tinyint],True,False,,[adr_nufh] [tinyint] NULL 
taksa_temp,ader,ader,نامشخص/نیازمند بررسی,3,adr_abst,[nvarchar] (255),True,False,,[adr_abst] [nvarchar] (255) COLLATE Arabic_CI_AS NULL 
taksa_temp,ader,ader,نامشخص/نیازمند بررسی,4,adr_tbdl,[float],True,False,,[adr_tbdl] [float] NULL 
taksa_temp,ader,ader,نامشخص/نیازمند بررسی,5,adr_tbst,[nvarchar] (100),True,False,,[adr_tbst] [nvarchar] (100) COLLATE Arabic_CI_AS NULL 
taksa_temp,ader,ader,نامشخص/نیازمند بررسی,6,adr_pcal,[money],True,False,,[adr_pcal] [money] NULL 
taksa_temp,ader,ader,نامشخص/نیازمند بررسی,7,adr_dscr,[ntext],True,False,,[adr_dscr] [ntext] COLLATE Arabic_CI_AS NULL 
taksa_temp,ader,ader,نامشخص/نیازمند بررسی,8,adr_unit,[nvarchar] (20),True,False,,[adr_unit] [nvarchar] (20) COLLATE Arabic_CI_AS NULL 
taksa_temp,ader,ader,نامشخص/نیازمند بررسی,9,adr_comn,[nvarchar] (8),True,False,,[adr_comn] [nvarchar] (8) COLLATE Arabic_CI_AS NULL 
taksa_temp,ader,ader,نامشخص/نیازمند بررسی,10,adr_poq,[nvarchar] (50),True,False,,[adr_poq] [nvarchar] (50) COLLATE Arabic_CI_AS NULL 
taksa_temp,ader,ader,نامشخص/نیازمند بررسی,11,adr_quan,[float],True,False,,[adr_quan] [float] NULL 
taksa_temp,ader,ader,نامشخص/نیازمند بررسی,12,adr_quzr,[nvarchar] (50),True,False,,[adr_quzr] [nvarchar] (50) COLLATE Arabic_CI_AS NULL 
taksa_temp,ader,ader,نامشخص/نیازمند بررسی,13,adr_pcun,[money],True,False,,[adr_pcun] [money] NULL 
taksa_temp,ader,ader,نامشخص/نیازمند بررسی,14,adr_astr,[nvarchar] (1),True,False,,[adr_astr] [nvarchar] (1) COLLATE Arabic_CI_AS NULL 
taksa_temp,ader,ader,نامشخص/نیازمند بررسی,15,adr_id,[int],False,True,,"[adr_id] [int] IDENTITY (1, 1) NOT NULL"
taksa_temp,bkal,bkal,نامشخص/نیازمند بررسی,1,bka_bakh,[ntext],True,False,,[bka_bakh] [ntext] COLLATE Arabic_CI_AS NULL 
taksa_temp,bkal,bkal,نامشخص/نیازمند بررسی,2,bka_karb,[ntext],True,False,,[bka_karb] [ntext] COLLATE Arabic_CI_AS NULL 
taksa_temp,bkal,bkal,نامشخص/نیازمند بررسی,3,bka_koli,[ntext],True,False,,[bka_koli] [ntext] COLLATE Arabic_CI_AS NULL 
taksa_temp,bkal,bkal,نامشخص/نیازمند بررسی,4,bka_ovhd,[ntext],True,False,,[bka_ovhd] [ntext] COLLATE Arabic_CI_AS NULL 
taksa_temp,bkal,bkal,نامشخص/نیازمند بررسی,5,bka_loca,[ntext],True,False,,[bka_loca] [ntext] COLLATE Arabic_CI_AS NULL 
taksa_temp,bkal,bkal,نامشخص/نیازمند بررسی,6,bka_pcnw,[ntext],True,False,,[bka_pcnw] [ntext] COLLATE Arabic_CI_AS NULL 
taksa_temp,bkal,bkal,نامشخص/نیازمند بررسی,7,bka_nufh,[tinyint],True,False,,[bka_nufh] [tinyint] NULL 
taksa_temp,bkal,bkal,نامشخص/نیازمند بررسی,8,bka_taba,[ntext],True,False,,[bka_taba] [ntext] COLLATE Arabic_CI_AS NULL 
taksa_temp,bkal,bkal,نامشخص/نیازمند بررسی,9,bka_hard,[ntext],True,False,,[bka_hard] [ntext] COLLATE Arabic_CI_AS NULL 
taksa_temp,bkal,bkal,نامشخص/نیازمند بررسی,10,bka_samp,[ntext],True,False,,[bka_samp] [ntext] COLLATE Arabic_CI_AS NULL 
taksa_temp,bkal,bkal,نامشخص/نیازمند بررسی,11,bka_mspy,[ntext],True,False,,[bka_mspy] [ntext] COLLATE Arabic_CI_AS NULL 
taksa_temp,bkal,bkal,نامشخص/نیازمند بررسی,12,bka_tjhz,[ntext],True,False,,[bka_tjhz] [ntext] COLLATE Arabic_CI_AS NULL 
taksa_temp,bkal,bkal,نامشخص/نیازمند بررسی,13,bka_bkfp,[smallint],True,False,,[bka_bkfp] [smallint] NULL 
taksa_temp,bkal,bkal,نامشخص/نیازمند بررسی,14,bka_bktp,[smallint],True,False,,[bka_bktp] [smallint] NULL 
taksa_temp,bkal,bkal,نامشخص/نیازمند بررسی,15,bka_kafp,[smallint],True,False,,[bka_kafp] [smallint] NULL 
taksa_temp,bkal,bkal,نامشخص/نیازمند بررسی,16,bka_katp,[smallint],True,False,,[bka_katp] [smallint] NULL 
taksa_temp,bkal,bkal,نامشخص/نیازمند بررسی,17,bka_kofp,[smallint],True,False,,[bka_kofp] [smallint] NULL 
taksa_temp,bkal,bkal,نامشخص/نیازمند بررسی,18,bka_kotp,[smallint],True,False,,[bka_kotp] [smallint] NULL 
taksa_temp,bkal,bkal,نامشخص/نیازمند بررسی,19,bka_ovfp,[smallint],True,False,,[bka_ovfp] [smallint] NULL 
taksa_temp,bkal,bkal,نامشخص/نیازمند بررسی,20,bka_ovtp,[smallint],True,False,,[bka_ovtp] [smallint] NULL 
taksa_temp,bkal,bkal,نامشخص/نیازمند بررسی,21,bka_lofp,[smallint],True,False,,[bka_lofp] [smallint] NULL 
taksa_temp,bkal,bkal,نامشخص/نیازمند بررسی,22,bka_lotp,[smallint],True,False,,[bka_lotp] [smallint] NULL 
taksa_temp,bkal,bkal,نامشخص/نیازمند بررسی,23,bka_pcfp,[smallint],True,False,,[bka_pcfp] [smallint] NULL 
taksa_temp,bkal,bkal,نامشخص/نیازمند بررسی,24,bka_pctp,[smallint],True,False,,[bka_pctp] [smallint] NULL 
taksa_temp,bkal,bkal,نامشخص/نیازمند بررسی,25,bka_tafp,[smallint],True,False,,[bka_tafp] [smallint] NULL 
taksa_temp,bkal,bkal,نامشخص/نیازمند بررسی,26,bka_tatp,[smallint],True,False,,[bka_tatp] [smallint] NULL 
taksa_temp,bkal,bkal,نامشخص/نیازمند بررسی,27,bka_hafp,[smallint],True,False,,[bka_hafp] [smallint] NULL 
taksa_temp,bkal,bkal,نامشخص/نیازمند بررسی,28,bka_hatp,[smallint],True,False,,[bka_hatp] [smallint] NULL 
taksa_temp,bkal,bkal,نامشخص/نیازمند بررسی,29,bka_safp,[smallint],True,False,,[bka_safp] [smallint] NULL 
taksa_temp,bkal,bkal,نامشخص/نیازمند بررسی,30,bka_satp,[smallint],True,False,,[bka_satp] [smallint] NULL 
taksa_temp,bkal,bkal,نامشخص/نیازمند بررسی,31,bka_msfp,[smallint],True,False,,[bka_msfp] [smallint] NULL 
taksa_temp,bkal,bkal,نامشخص/نیازمند بررسی,32,bka_mstp,[smallint],True,False,,[bka_mstp] [smallint] NULL 
taksa_temp,bkal,bkal,نامشخص/نیازمند بررسی,33,bka_tjfp,[smallint],True,False,,[bka_tjfp] [smallint] NULL 
taksa_temp,bkal,bkal,نامشخص/نیازمند بررسی,34,bka_tjtp,[smallint],True,False,,[bka_tjtp] [smallint] NULL 
taksa_temp,bkal,bkal,نامشخص/نیازمند بررسی,35,bka_simp,[ntext],True,False,,[bka_simp] [ntext] COLLATE Arabic_CI_AS NULL 
taksa_temp,bkal,bkal,نامشخص/نیازمند بررسی,36,bka_sifp,[smallint],True,False,,[bka_sifp] [smallint] NULL 
taksa_temp,bkal,bkal,نامشخص/نیازمند بررسی,37,bka_sitp,[smallint],True,False,,[bka_sitp] [smallint] NULL
taksa_temp,dstb,dstb,حمل/فاصله,1,dsb_curr,[tinyint],True,False,,[dsb_curr] [tinyint] NULL 
taksa_temp,dstb,dstb,حمل/فاصله,2,dsb_nufh,[tinyint],True,False,,[dsb_nufh] [tinyint] NULL 
taksa_temp,dstb,dstb,حمل/فاصله,3,dsb_grop,[nvarchar] (20),True,False,,[dsb_grop] [nvarchar] (20) COLLATE Arabic_CI_AS NULL 
taksa_temp,dstb,dstb,حمل/فاصله,4,dsb_cofh,[nvarchar] (8),True,False,,[dsb_cofh] [nvarchar] (8) COLLATE Arabic_CI_AS NULL 
taksa_temp,dstb,dstb,حمل/فاصله,5,dsb_frkm,[float],True,False,,[dsb_frkm] [float] NULL 
taksa_temp,dstb,dstb,حمل/فاصله,6,dsb_tokm,[float],True,False,,[dsb_tokm] [float] NULL 
taksa_temp,dstb,dstb,حمل/فاصله,7,dsb_zrib,[float],True,False,,[dsb_zrib] [float] NULL 
taksa_temp,dstb,dstb,حمل/فاصله,8,dsb_id,[int],False,True,,"[dsb_id] [int] IDENTITY (1, 1) NOT NULL"
taksa_temp,fhbh,fhbh,فهرست‌بها/ردیف,1,fbh_code,[nvarchar] (8),True,False,,[fbh_code] [nvarchar] (8) COLLATE Arabic_CI_AS NULL 
taksa_temp,fhbh,fhbh,فهرست‌بها/ردیف,2,fbh_desc,[ntext],True,False,,[fbh_desc] [ntext] COLLATE Arabic_CI_AS NULL 
taksa_temp,fhbh,fhbh,فهرست‌بها/ردیف,3,fbh_unit,[nvarchar] (20),True,False,,[fbh_unit] [nvarchar] (20) COLLATE Arabic_CI_AS NULL 
taksa_temp,fhbh,fhbh,فهرست‌بها/ردیف,4,fbh_pcun,[money],True,False,,[fbh_pcun] [money] NULL 
taksa_temp,fhbh,fhbh,فهرست‌بها/ردیف,5,fbh_nuse,[nvarchar] (5),True,False,,[fbh_nuse] [nvarchar] (5) COLLATE Arabic_CI_AS NULL 
taksa_temp,fhbh,fhbh,فهرست‌بها/ردیف,6,fbh_nufh,[tinyint],True,False,,[fbh_nufh] [tinyint] NULL 
taksa_temp,fhbh,fhbh,فهرست‌بها/ردیف,7,fbh_astr,[nvarchar] (1),True,False,,[fbh_astr] [nvarchar] (1) COLLATE Arabic_CI_AS NULL 
taksa_temp,fhbh,fhbh,فهرست‌بها/ردیف,8,fbh_nmse,[nvarchar] (50),True,False,,[fbh_nmse] [nvarchar] (50) COLLATE Arabic_CI_AS NULL 
taksa_temp,fhbh,fhbh,فهرست‌بها/ردیف,9,fbh_rad,[smallint],True,False,,[fbh_rad] [smallint] NULL 
taksa_temp,fhbh,fhbh,فهرست‌بها/ردیف,10,fbh_abst,[ntext],True,False,,[fbh_abst] [ntext] COLLATE Arabic_CI_AS NULL 
taksa_temp,fhbh,fhbh,فهرست‌بها/ردیف,11,fbh_pcup,[money],True,False,,[fbh_pcup] [money] NULL 
taksa_temp,fhbh,fhbh,فهرست‌بها/ردیف,12,fbh_coad,[ntext],True,False,,[fbh_coad] [ntext] COLLATE Arabic_CI_AS NULL 
taksa_temp,fhbh,fhbh,فهرست‌بها/ردیف,13,fbh_tyun,[nvarchar] (30),True,False,,[fbh_tyun] [nvarchar] (30) COLLATE Arabic_CI_AS NULL 
taksa_temp,fhbh,fhbh,فهرست‌بها/ردیف,14,fbh_mbgh,[nvarchar] (1),True,False,,[fbh_mbgh] [nvarchar] (1) COLLATE Arabic_CI_AS NULL 
taksa_temp,fhbh,fhbh,فهرست‌بها/ردیف,15,fbh_dsad,[ntext],True,False,,[fbh_dsad] [ntext] COLLATE Arabic_CI_AS NULL 
taksa_temp,fhbh,fhbh,فهرست‌بها/ردیف,16,fbh_id,[int],False,True,,"[fbh_id] [int] IDENTITY (1, 1) NOT NULL"
taksa_temp,fsbs,fsbs,نامشخص/نیازمند بررسی,1,fsb_nura,[smallint],True,False,,[fsb_nura] [smallint] NULL 
taksa_temp,fsbs,fsbs,نامشخص/نیازمند بررسی,2,fsb_numb,[nvarchar] (5),True,False,,[fsb_numb] [nvarchar] (5) COLLATE Arabic_CI_AS NULL 
taksa_temp,fsbs,fsbs,نامشخص/نیازمند بررسی,3,fsb_nufh,[tinyint],True,False,,[fsb_nufh] [tinyint] NULL 
taksa_temp,fsbs,fsbs,نامشخص/نیازمند بررسی,4,fsb_name,[nvarchar] (50),True,False,,[fsb_name] [nvarchar] (50) COLLATE Arabic_CI_AS NULL 
taksa_temp,fsbs,fsbs,نامشخص/نیازمند بررسی,5,fsb_dscr,[ntext],True,False,,[fsb_dscr] [ntext] COLLATE Arabic_CI_AS NULL 
taksa_temp,fsbs,fsbs,نامشخص/نیازمند بررسی,6,fsb_frpg,[smallint],True,False,,[fsb_frpg] [smallint] NULL 
taksa_temp,fsbs,fsbs,نامشخص/نیازمند بررسی,7,fsb_topg,[smallint],True,False,,[fsb_topg] [smallint] NULL 
taksa_temp,fsbs,fsbs,نامشخص/نیازمند بررسی,8,fsb_id,[int],False,True,,"[fsb_id] [int] IDENTITY (1, 1) NOT NULL"
taksa_temp,fsbz,fsbz,نامشخص/نیازمند بررسی,1,fsb_nura,[smallint],True,False,,[fsb_nura] [smallint] NULL 
taksa_temp,fsbz,fsbz,نامشخص/نیازمند بررسی,2,fsb_numb,[nvarchar] (5),True,False,,[fsb_numb] [nvarchar] (5) COLLATE Arabic_CI_AS NULL 
taksa_temp,fsbz,fsbz,نامشخص/نیازمند بررسی,3,fsb_nufh,[tinyint],True,False,,[fsb_nufh] [tinyint] NULL 
taksa_temp,fsbz,fsbz,نامشخص/نیازمند بررسی,4,fsb_name,[nvarchar] (50),True,False,,[fsb_name] [nvarchar] (50) COLLATE Arabic_CI_AS NULL 
taksa_temp,fsbz,fsbz,نامشخص/نیازمند بررسی,5,fsb_dscr,[ntext],True,False,,[fsb_dscr] [ntext] COLLATE Arabic_CI_AS NULL 
taksa_temp,fsbz,fsbz,نامشخص/نیازمند بررسی,6,fsb_frpg,[smallint],True,False,,[fsb_frpg] [smallint] NULL 
taksa_temp,fsbz,fsbz,نامشخص/نیازمند بررسی,7,fsb_topg,[smallint],True,False,,[fsb_topg] [smallint] NULL 
taksa_temp,fsbz,fsbz,نامشخص/نیازمند بررسی,8,fsb_zaro,[real],True,False,,[fsb_zaro] [real] NULL 
taksa_temp,fsbz,fsbz,نامشخص/نیازمند بررسی,9,fsb_zar,[nvarchar] (5),True,False,,[fsb_zar] [nvarchar] (5) COLLATE Arabic_CI_AS NULL 
taksa_temp,fsbz,fsbz,نامشخص/نیازمند بررسی,10,fsb_id,[int],False,True,,"[fsb_id] [int] IDENTITY (1, 1) NOT NULL"
taksa_temp,grop,grop,گروه‌بندی,1,grp_nufh,[tinyint],True,False,,[grp_nufh] [tinyint] NULL 
taksa_temp,grop,grop,گروه‌بندی,2,grp_name,[nvarchar] (20),True,False,,[grp_name] [nvarchar] (20) COLLATE Arabic_CI_AS NULL 
taksa_temp,grop,grop,گروه‌بندی,3,grp_rad,[smallint],True,False,,[grp_rad] [smallint] NULL
taksa_temp,hmbs,hmbs,نامشخص/نیازمند بررسی,1,hmb_cofh,[nvarchar] (8),True,False,,[hmb_cofh] [nvarchar] (8) COLLATE Arabic_CI_AS NULL 
taksa_temp,hmbs,hmbs,نامشخص/نیازمند بررسی,2,hmb_nufh,[tinyint],True,False,,[hmb_nufh] [tinyint] NULL 
taksa_temp,hmbs,hmbs,نامشخص/نیازمند بررسی,3,hmb_nuse,[nvarchar] (5),True,False,,[hmb_nuse] [nvarchar] (5) COLLATE Arabic_CI_AS NULL 
taksa_temp,hmbs,hmbs,نامشخص/نیازمند بررسی,4,hmb_nmse,[nvarchar] (40),True,False,,[hmb_nmse] [nvarchar] (40) COLLATE Arabic_CI_AS NULL 
taksa_temp,hmbs,hmbs,نامشخص/نیازمند بررسی,5,hmb_astr,[nvarchar] (1),True,False,,[hmb_astr] [nvarchar] (1) COLLATE Arabic_CI_AS NULL 
taksa_temp,hmbs,hmbs,نامشخص/نیازمند بررسی,6,hmb_unit,[nvarchar] (20),True,False,,[hmb_unit] [nvarchar] (20) COLLATE Arabic_CI_AS NULL 
taksa_temp,hmbs,hmbs,نامشخص/نیازمند بررسی,7,hmb_rad,[smallint],True,False,,[hmb_rad] [smallint] NULL 
taksa_temp,hmbs,hmbs,نامشخص/نیازمند بررسی,8,hmb_grop,[nvarchar] (20),True,False,,[hmb_grop] [nvarchar] (20) COLLATE Arabic_CI_AS NULL 
taksa_temp,hmbs,hmbs,نامشخص/نیازمند بررسی,9,hmb_zar1,[float],True,False,,[hmb_zar1] [float] NULL 
taksa_temp,hmbs,hmbs,نامشخص/نیازمند بررسی,10,hmb_zar2,[float],True,False,,[hmb_zar2] [float] NULL 
taksa_temp,hmbs,hmbs,نامشخص/نیازمند بررسی,11,hmb_zar3,[float],True,False,,[hmb_zar3] [float] NULL 
taksa_temp,hmbs,hmbs,نامشخص/نیازمند بررسی,12,hmb_zar4,[float],True,False,,[hmb_zar4] [float] NULL 
taksa_temp,hmbs,hmbs,نامشخص/نیازمند بررسی,13,hmb_sumz,[float],True,False,,[hmb_sumz] [float] NULL 
taksa_temp,hmbs,hmbs,نامشخص/نیازمند بررسی,14,hmb_dsfh,[ntext],True,False,,[hmb_dsfh] [ntext] COLLATE Arabic_CI_AS NULL 
taksa_temp,hmbs,hmbs,نامشخص/نیازمند بررسی,15,hmb_dsz1,[nvarchar] (200),True,False,,[hmb_dsz1] [nvarchar] (200) COLLATE Arabic_CI_AS NULL 
taksa_temp,hmbs,hmbs,نامشخص/نیازمند بررسی,16,hmb_dsz2,[nvarchar] (200),True,False,,[hmb_dsz2] [nvarchar] (200) COLLATE Arabic_CI_AS NULL 
taksa_temp,hmbs,hmbs,نامشخص/نیازمند بررسی,17,hmb_dsz3,[nvarchar] (200),True,False,,[hmb_dsz3] [nvarchar] (200) COLLATE Arabic_CI_AS NULL 
taksa_temp,hmbs,hmbs,نامشخص/نیازمند بررسی,18,hmb_dsz4,[nvarchar] (200),True,False,,[hmb_dsz4] [nvarchar] (200) COLLATE Arabic_CI_AS NULL 
taksa_temp,hmbs,hmbs,نامشخص/نیازمند بررسی,19,hmb_id,[int],False,True,,"[hmb_id] [int] IDENTITY (1, 1) NOT NULL"
taksa_temp,nmmhb,nmmhb,نامشخص/نیازمند بررسی,1,nmb_grop,[tinyint],True,False,,[nmb_grop] [tinyint] NULL 
taksa_temp,nmmhb,nmmhb,نامشخص/نیازمند بررسی,2,nmb_coan,[nvarchar] (8),True,False,,[nmb_coan] [nvarchar] (8) COLLATE Arabic_CI_AS NULL 
taksa_temp,nmmhb,nmmhb,نامشخص/نیازمند بررسی,3,nmb_nufh,[tinyint],True,False,,[nmb_nufh] [tinyint] NULL 
taksa_temp,nmmhb,nmmhb,نامشخص/نیازمند بررسی,4,nmb_nuse,[nvarchar] (5),True,False,,[nmb_nuse] [nvarchar] (5) COLLATE Arabic_CI_AS NULL 
taksa_temp,nmmhb,nmmhb,نامشخص/نیازمند بررسی,5,nmb_codi,[ntext],True,False,,[nmb_codi] [ntext] COLLATE Arabic_CI_AS NULL 
taksa_temp,nmmhb,nmmhb,نامشخص/نیازمند بررسی,6,nmb_unit,[nvarchar] (20),True,False,,[nmb_unit] [nvarchar] (20) COLLATE Arabic_CI_AS NULL 
taksa_temp,nmmhb,nmmhb,نامشخص/نیازمند بررسی,7,nmb_pcun,[money],True,False,,[nmb_pcun] [money] NULL 
taksa_temp,nmmhb,nmmhb,نامشخص/نیازمند بررسی,8,nmb_cofh,[nvarchar] (8),True,False,,[nmb_cofh] [nvarchar] (8) COLLATE Arabic_CI_AS NULL 
taksa_temp,nmmhb,nmmhb,نامشخص/نیازمند بررسی,9,nmb_rad,[smallint],True,False,,[nmb_rad] [smallint] NULL 
taksa_temp,nmmhb,nmmhb,نامشخص/نیازمند بررسی,10,nmb_date,[nvarchar] (8),True,False,,[nmb_date] [nvarchar] (8) COLLATE Arabic_CI_AS NULL 
taksa_temp,nmmhb,nmmhb,نامشخص/نیازمند بررسی,11,nmb_quan,[float],True,False,,[nmb_quan] [float] NULL 
taksa_temp,nmmhb,nmmhb,نامشخص/نیازمند بررسی,12,nmb_pcal,[money],True,False,,[nmb_pcal] [money] NULL 
taksa_temp,nmmhb,nmmhb,نامشخص/نیازمند بررسی,13,nmb_zrib,[float],True,False,,[nmb_zrib] [float] NULL 
taksa_temp,nmmhb,nmmhb,نامشخص/نیازمند بررسی,14,nmb_dscr,[ntext],True,False,,[nmb_dscr] [ntext] COLLATE Arabic_CI_AS NULL 
taksa_temp,nmmhb,nmmhb,نامشخص/نیازمند بررسی,15,nmb_mola,[nvarchar] (250),True,False,,[nmb_mola] [nvarchar] (250) COLLATE Arabic_CI_AS NULL 
taksa_temp,nmmhb,nmmhb,نامشخص/نیازمند بررسی,16,nmb_fmul,[nvarchar] (250),True,False,,[nmb_fmul] [nvarchar] (250) COLLATE Arabic_CI_AS NULL 
taksa_temp,nmmhb,nmmhb,نامشخص/نیازمند بررسی,17,nmb_id_main,[int],False,True,,"[nmb_id_main] [int] IDENTITY (1, 1) NOT NULL "
taksa_temp,nmmhb,nmmhb,نامشخص/نیازمند بررسی,18,nmb_id,[int],True,False,,[nmb_id] [int] NULL
taksa_temp,pyfs,pyfs,نامشخص/نیازمند بررسی,1,pfs_rad,[smallint],True,False,,[pfs_rad] [smallint] NULL 
taksa_temp,pyfs,pyfs,نامشخص/نیازمند بررسی,2,pfs_dscr,[nvarchar] (40),True,False,,[pfs_dscr] [nvarchar] (40) COLLATE Arabic_CI_AS NULL 
taksa_temp,pyfs,pyfs,نامشخص/نیازمند بررسی,3,pfs_prp1,[money],True,False,,[pfs_prp1] [money] NULL 
taksa_temp,pyfs,pyfs,نامشخص/نیازمند بررسی,4,pfs_prp2,[money],True,False,,[pfs_prp2] [money] NULL 
taksa_temp,pyfs,pyfs,نامشخص/نیازمند بررسی,5,pfs_prp3,[money],True,False,,[pfs_prp3] [money] NULL 
taksa_temp,pyfs,pyfs,نامشخص/نیازمند بررسی,6,pfs_prp4,[money],True,False,,[pfs_prp4] [money] NULL 
taksa_temp,pyfs,pyfs,نامشخص/نیازمند بررسی,7,pfs_year,[smallint],True,False,,[pfs_year] [smallint] NULL 
taksa_temp,pyfs,pyfs,نامشخص/نیازمند بررسی,8,pfs_radj,[smallint],True,False,,[pfs_radj] [smallint] NULL 
taksa_temp,pyfs,pyfs,نامشخص/نیازمند بررسی,9,pfs_fr01,[money],True,False,,[pfs_fr01] [money] NULL 
taksa_temp,pyfs,pyfs,نامشخص/نیازمند بررسی,10,pfs_fr02,[money],True,False,,[pfs_fr02] [money] NULL 
taksa_temp,pyfs,pyfs,نامشخص/نیازمند بررسی,11,pfs_fr03,[money],True,False,,[pfs_fr03] [money] NULL 
taksa_temp,pyfs,pyfs,نامشخص/نیازمند بررسی,12,pfs_fr04,[money],True,False,,[pfs_fr04] [money] NULL 
taksa_temp,pyfs,pyfs,نامشخص/نیازمند بررسی,13,pfs_fr05,[money],True,False,,[pfs_fr05] [money] NULL 
taksa_temp,pyfs,pyfs,نامشخص/نیازمند بررسی,14,pfs_fr06,[money],True,False,,[pfs_fr06] [money] NULL 
taksa_temp,pyfs,pyfs,نامشخص/نیازمند بررسی,15,pfs_fr07,[money],True,False,,[pfs_fr07] [money] NULL 
taksa_temp,pyfs,pyfs,نامشخص/نیازمند بررسی,16,pfs_fr08,[money],True,False,,[pfs_fr08] [money] NULL 
taksa_temp,pyfs,pyfs,نامشخص/نیازمند بررسی,17,pfs_fr09,[money],True,False,,[pfs_fr09] [money] NULL 
taksa_temp,pyfs,pyfs,نامشخص/نیازمند بررسی,18,pfs_fr10,[money],True,False,,[pfs_fr10] [money] NULL 
taksa_temp,pyfs,pyfs,نامشخص/نیازمند بررسی,19,pfs_fr11,[money],True,False,,[pfs_fr11] [money] NULL 
taksa_temp,pyfs,pyfs,نامشخص/نیازمند بررسی,20,pfs_fr12,[money],True,False,,[pfs_fr12] [money] NULL 
taksa_temp,pyfs,pyfs,نامشخص/نیازمند بررسی,21,pfs_id,[int],False,True,,"[pfs_id] [int] IDENTITY (1, 1) NOT NULL"
taksa_temp,shkh1,shkh1,نامشخص/نیازمند بررسی,1,shk_year,[smallint],True,False,,[shk_year] [smallint] NULL 
taksa_temp,shkh1,shkh1,نامشخص/نیازمند بررسی,2,shk_numb,[nvarchar] (5),True,False,,[shk_numb] [nvarchar] (5) COLLATE Arabic_CI_AS NULL 
taksa_temp,shkh1,shkh1,نامشخص/نیازمند بررسی,3,shk_name,[nvarchar] (50),True,False,,[shk_name] [nvarchar] (50) COLLATE Arabic_CI_AS NULL 
taksa_temp,shkh1,shkh1,نامشخص/نیازمند بررسی,4,shk_nufh,[tinyint],True,False,,[shk_nufh] [tinyint] NULL 
taksa_temp,shkh1,shkh1,نامشخص/نیازمند بررسی,5,shk_valn,[real],True,False,,[shk_valn] [real] NULL 
taksa_temp,shkh1,shkh1,نامشخص/نیازمند بررسی,6,shk_pd01,[float],True,False,,[shk_pd01] [float] NULL 
taksa_temp,shkh1,shkh1,نامشخص/نیازمند بررسی,7,shk_pd02,[float],True,False,,[shk_pd02] [float] NULL 
taksa_temp,shkh1,shkh1,نامشخص/نیازمند بررسی,8,shk_pd03,[float],True,False,,[shk_pd03] [float] NULL 
taksa_temp,shkh1,shkh1,نامشخص/نیازمند بررسی,9,shk_pd04,[float],True,False,,[shk_pd04] [float] NULL 
taksa_temp,shkh1,shkh1,نامشخص/نیازمند بررسی,10,shk_pd05,[float],True,False,,[shk_pd05] [float] NULL 
taksa_temp,shkh1,shkh1,نامشخص/نیازمند بررسی,11,shk_id,[int],False,True,,"[shk_id] [int] IDENTITY (1, 1) NOT NULL"
taksa_temp,shkh2,shkh2,نامشخص/نیازمند بررسی,1,shk_year,[smallint],True,False,,[shk_year] [smallint] NULL 
taksa_temp,shkh2,shkh2,نامشخص/نیازمند بررسی,2,shk_numb,[nvarchar] (5),True,False,,[shk_numb] [nvarchar] (5) COLLATE Arabic_CI_AS NULL 
taksa_temp,shkh2,shkh2,نامشخص/نیازمند بررسی,3,shk_name,[nvarchar] (50),True,False,,[shk_name] [nvarchar] (50) COLLATE Arabic_CI_AS NULL 
taksa_temp,shkh2,shkh2,نامشخص/نیازمند بررسی,4,shk_nufh,[tinyint],True,False,,[shk_nufh] [tinyint] NULL 
taksa_temp,shkh2,shkh2,نامشخص/نیازمند بررسی,5,shk_valn,[real],True,False,,[shk_valn] [real] NULL 
taksa_temp,shkh2,shkh2,نامشخص/نیازمند بررسی,6,shk_pd01,[float],True,False,,[shk_pd01] [float] NULL 
taksa_temp,shkh2,shkh2,نامشخص/نیازمند بررسی,7,shk_pd02,[float],True,False,,[shk_pd02] [float] NULL 
taksa_temp,shkh2,shkh2,نامشخص/نیازمند بررسی,8,shk_pd03,[float],True,False,,[shk_pd03] [float] NULL 
taksa_temp,shkh2,shkh2,نامشخص/نیازمند بررسی,9,shk_pd04,[float],True,False,,[shk_pd04] [float] NULL 
taksa_temp,shkh2,shkh2,نامشخص/نیازمند بررسی,10,shk_pd05,[float],True,False,,[shk_pd05] [float] NULL 
taksa_temp,shkh2,shkh2,نامشخص/نیازمند بررسی,11,shk_id,[int],False,True,,"[shk_id] [int] IDENTITY (1, 1) NOT NULL"
taksa_temp,shkh3,shkh3,نامشخص/نیازمند بررسی,1,shk_year,[smallint],True,False,,[shk_year] [smallint] NULL 
taksa_temp,shkh3,shkh3,نامشخص/نیازمند بررسی,2,shk_numb,[nvarchar] (5),True,False,,[shk_numb] [nvarchar] (5) COLLATE Arabic_CI_AS NULL 
taksa_temp,shkh3,shkh3,نامشخص/نیازمند بررسی,3,shk_name,[nvarchar] (50),True,False,,[shk_name] [nvarchar] (50) COLLATE Arabic_CI_AS NULL 
taksa_temp,shkh3,shkh3,نامشخص/نیازمند بررسی,4,shk_nufh,[tinyint],True,False,,[shk_nufh] [tinyint] NULL 
taksa_temp,shkh3,shkh3,نامشخص/نیازمند بررسی,5,shk_valn,[real],True,False,,[shk_valn] [real] NULL 
taksa_temp,shkh3,shkh3,نامشخص/نیازمند بررسی,6,shk_pd01,[float],True,False,,[shk_pd01] [float] NULL 
taksa_temp,shkh3,shkh3,نامشخص/نیازمند بررسی,7,shk_pd02,[float],True,False,,[shk_pd02] [float] NULL 
taksa_temp,shkh3,shkh3,نامشخص/نیازمند بررسی,8,shk_pd03,[float],True,False,,[shk_pd03] [float] NULL 
taksa_temp,shkh3,shkh3,نامشخص/نیازمند بررسی,9,shk_pd04,[float],True,False,,[shk_pd04] [float] NULL 
taksa_temp,shkh3,shkh3,نامشخص/نیازمند بررسی,10,shk_pd05,[float],True,False,,[shk_pd05] [float] NULL 
taksa_temp,shkh3,shkh3,نامشخص/نیازمند بررسی,11,shk_id,[int],False,True,,"[shk_id] [int] IDENTITY (1, 1) NOT NULL"
taksa_temp,sorc_sc,sorc,منابع/جمع‌بندی,1,src_grop,[tinyint],True,False,,[src_grop] [tinyint] NULL 
taksa_temp,sorc_sc,sorc,منابع/جمع‌بندی,2,src_nufh,[tinyint],True,False,,[src_nufh] [tinyint] NULL 
taksa_temp,sorc_sc,sorc,منابع/جمع‌بندی,3,src_codi,[ntext],True,False,,[src_codi] [ntext] COLLATE Arabic_CI_AS NULL 
taksa_temp,sorc_sc,sorc,منابع/جمع‌بندی,4,src_unit,[nvarchar] (20),True,False,,[src_unit] [nvarchar] (20) COLLATE Arabic_CI_AS NULL 
taksa_temp,sorc_sc,sorc,منابع/جمع‌بندی,5,src_pcun,[money],True,False,,[src_pcun] [money] NULL 
taksa_temp,sorc_sc,sorc,منابع/جمع‌بندی,6,src_date,[nvarchar] (8),True,False,,[src_date] [nvarchar] (8) COLLATE Arabic_CI_AS NULL 
taksa_temp,sorc_sc,sorc,منابع/جمع‌بندی,7,src_proj,[ntext],True,False,,[src_proj] [ntext] COLLATE Arabic_CI_AS NULL 
taksa_temp,sorc_sc,sorc,منابع/جمع‌بندی,8,src_rad,[smallint],True,False,,[src_rad] [smallint] NULL 
taksa_temp,sorc_sc,sorc,منابع/جمع‌بندی,9,src_dscr,[ntext],True,False,,[src_dscr] [ntext] COLLATE Arabic_CI_AS NULL 
taksa_temp,sorc_sc,sorc,منابع/جمع‌بندی,10,src_id_main,[int],False,True,,"[src_id_main] [int] IDENTITY (1, 1) NOT NULL "
taksa_temp,sorc_sc,sorc,منابع/جمع‌بندی,11,src_id,[int],True,False,,[src_id] [int] NULL
taksa_temp,sorc_sn,sorc,منابع/جمع‌بندی,1,src_grop,[tinyint],True,False,,[src_grop] [tinyint] NULL 
taksa_temp,sorc_sn,sorc,منابع/جمع‌بندی,2,src_nufh,[tinyint],True,False,,[src_nufh] [tinyint] NULL 
taksa_temp,sorc_sn,sorc,منابع/جمع‌بندی,3,src_codi,[ntext],True,False,,[src_codi] [ntext] COLLATE Arabic_CI_AS NULL 
taksa_temp,sorc_sn,sorc,منابع/جمع‌بندی,4,src_unit,[nvarchar] (20),True,False,,[src_unit] [nvarchar] (20) COLLATE Arabic_CI_AS NULL 
taksa_temp,sorc_sn,sorc,منابع/جمع‌بندی,5,src_pcun,[money],True,False,,[src_pcun] [money] NULL 
taksa_temp,sorc_sn,sorc,منابع/جمع‌بندی,6,src_date,[nvarchar] (8),True,False,,[src_date] [nvarchar] (8) COLLATE Arabic_CI_AS NULL 
taksa_temp,sorc_sn,sorc,منابع/جمع‌بندی,7,src_proj,[ntext],True,False,,[src_proj] [ntext] COLLATE Arabic_CI_AS NULL 
taksa_temp,sorc_sn,sorc,منابع/جمع‌بندی,8,src_rad,[smallint],True,False,,[src_rad] [smallint] NULL 
taksa_temp,sorc_sn,sorc,منابع/جمع‌بندی,9,src_dscr,[ntext],True,False,,[src_dscr] [ntext] COLLATE Arabic_CI_AS NULL 
taksa_temp,sorc_sn,sorc,منابع/جمع‌بندی,10,src_id_main,[int],False,True,,"[src_id_main] [int] IDENTITY (1, 1) NOT NULL "
taksa_temp,sorc_sn,sorc,منابع/جمع‌بندی,11,src_id,[int],True,False,,[src_id] [int] NULL
taksa_temp,tatb,tatb,تطبیق,1,fbh_code,[nvarchar] (8),True,False,,[fbh_code] [nvarchar] (8) COLLATE Arabic_CI_AS NULL 
taksa_temp,tatb,tatb,تطبیق,2,fbh_desc,[ntext],True,False,,[fbh_desc] [ntext] COLLATE Arabic_CI_AS NULL 
taksa_temp,tatb,tatb,تطبیق,3,fbh_unit,[nvarchar] (20),True,False,,[fbh_unit] [nvarchar] (20) COLLATE Arabic_CI_AS NULL 
taksa_temp,tatb,tatb,تطبیق,4,fbh_pcun,[money],True,False,,[fbh_pcun] [money] NULL 
taksa_temp,tatb,tatb,تطبیق,5,fbh_nuse,[nvarchar] (5),True,False,,[fbh_nuse] [nvarchar] (5) COLLATE Arabic_CI_AS NULL 
taksa_temp,tatb,tatb,تطبیق,6,fbh_nufh,[tinyint],True,False,,[fbh_nufh] [tinyint] NULL 
taksa_temp,tatb,tatb,تطبیق,7,fbh_astr,[nvarchar] (1),True,False,,[fbh_astr] [nvarchar] (1) COLLATE Arabic_CI_AS NULL 
taksa_temp,tatb,tatb,تطبیق,8,fbh_nmse,[nvarchar] (50),True,False,,[fbh_nmse] [nvarchar] (50) COLLATE Arabic_CI_AS NULL 
taksa_temp,tatb,tatb,تطبیق,9,fbh_rad,[smallint],True,False,,[fbh_rad] [smallint] NULL 
taksa_temp,tatb,tatb,تطبیق,10,fbh_abst,[ntext],True,False,,[fbh_abst] [ntext] COLLATE Arabic_CI_AS NULL 
taksa_temp,tatb,tatb,تطبیق,11,fbh_pcup,[money],True,False,,[fbh_pcup] [money] NULL 
taksa_temp,tatb,tatb,تطبیق,12,fbh_coad,[ntext],True,False,,[fbh_coad] [ntext] COLLATE Arabic_CI_AS NULL 
taksa_temp,tatb,tatb,تطبیق,13,fbh_tyun,[nvarchar] (30),True,False,,[fbh_tyun] [nvarchar] (30) COLLATE Arabic_CI_AS NULL 
taksa_temp,tatb,tatb,تطبیق,14,fbh_mbgh,[nvarchar] (1),True,False,,[fbh_mbgh] [nvarchar] (1) COLLATE Arabic_CI_AS NULL 
taksa_temp,tatb,tatb,تطبیق,15,fbh_dsad,[nvarchar] (200),True,False,,[fbh_dsad] [nvarchar] (200) COLLATE Arabic_CI_AS NULL
taksa_temp,unit,unit,نامشخص/نیازمند بررسی,1,unt_name,[nvarchar] (20),True,False,,[unt_name] [nvarchar] (20) COLLATE Arabic_CI_AS NULL 
taksa_temp,unit,unit,نامشخص/نیازمند بررسی,2,unt_namv,[nvarchar] (20),True,False,,[unt_namv] [nvarchar] (20) COLLATE Arabic_CI_AS NULL
