grid_name,module_family,column_order,name,data_property,header_text,cell_type,width,minimum_width,alignment,visible,readonly,sort_mode,tooltip,auto_size
Zrpy_brv_norm,برآورد,1,mlt_rad,mlt_rad,ردیف,DataGridViewTextBoxColumn,37,30,MiddleCenter,,,,,
Zrpy_brv_norm,برآورد,2,mlt_Prnuse,mlt_Prnuse,فصل پایه,DataGridViewTextBoxColumn,40,30,MiddleCenter,False,,Programmatic,,
Zrpy_brv_norm,برآورد,3,mlt_nuse,mlt_nuse,فصل,DataGridViewTextBoxColumn,40,30,MiddleCenter,,,Programmatic,,
Zrpy_brv_norm,برآورد,4,mlt_name,mlt_name,شرح فصل,DataGridViewTextBoxColumn,160,,MiddleLeft,,,,,Fill
Zrpy_brv_norm,برآورد,5,mlt_SubCount,mlt_SubCount,تعداد زیرفصل,DataGridViewTextBoxColumn,50,40,MiddleCenter,,true,Programmatic,تعداد زیرفصل,None
Zrpy_brv_norm,برآورد,6,mlt_sumz,mlt_sumz,حاصلضرایب,DataGridViewTextBoxColumn,95,,MiddleCenter,,True,,,
Zrpy_brv_norm,برآورد,7,mlt_oth3,mlt_oth3,,DataGridViewTextBoxColumn,60,,MiddleCenter,,,,,
Zrpy_brv_norm,برآورد,8,mlt_oth2,mlt_oth2,,DataGridViewTextBoxColumn,60,,MiddleCenter,,,,,
Zrpy_brv_norm,برآورد,9,mlt_oth1,mlt_oth1,,DataGridViewTextBoxColumn,60,,MiddleCenter,,,,,
Zrpy_brv_norm,برآورد,10,mlt_ovhd,mlt_ovhd,,DataGridViewTextBoxColumn,55,,MiddleCenter,,,,,
Zrpy_brv_norm,برآورد,11,mlt_tatb,mlt_tatb,,DataGridViewTextBoxColumn,55,,MiddleCenter,,,,,
Zrpy_brv_norm,برآورد,12,mlt_hard,mlt_hard,,DataGridViewTextBoxColumn,55,,MiddleCenter,,,,,
Zrpy_brv_norm,برآورد,13,mlt_taba,mlt_taba,,DataGridViewTextBoxColumn,55,,MiddleCenter,,,,,
Zrpy_brv_norm,برآورد,14,mlt_heit,mlt_heit,,DataGridViewTextBoxColumn,55,,MiddleCenter,,,,,
Zrpy_brv_norm,برآورد,15,mlt_loca,mlt_loca,,DataGridViewTextBoxColumn,60,40,MiddleCenter,,,,,
Zrpy_brv_astr,برآورد,1,mlt_rad,mlt_rad,ردیف,DataGridViewTextBoxColumn,37,35,MiddleCenter,,,,,
Zrpy_brv_astr,برآورد,2,mlt_Prnuse,mlt_Prnuse,فصل پایه,DataGridViewTextBoxColumn,40,35,MiddleCenter,False,,Programmatic,,
Zrpy_brv_astr,برآورد,3,mlt_nuse,mlt_nuse,فصل,DataGridViewTextBoxColumn,40,35,MiddleCenter,,,Programmatic,,
Zrpy_brv_astr,برآورد,4,mlt_name,mlt_name,شرح فصل,DataGridViewTextBoxColumn,160,,MiddleLeft,,,,,Fill
Zrpy_brv_astr,برآورد,5,mlt_SubCount,mlt_SubCount,تعداد زیرفصل,DataGridViewTextBoxColumn,50,40,MiddleCenter,,true,Programmatic,تعداد زیرفصل,None
Zrpy_brv_astr,برآورد,6,mlt_sumz_s,mlt_sumz_s,حاصلضرایب,DataGridViewTextBoxColumn,95,,MiddleCenter,,True,,,
Zrpy_brv_astr,برآورد,7,mlt_oth3_s,mlt_oth3_s,,DataGridViewTextBoxColumn,60,,MiddleCenter,,,,,
Zrpy_brv_astr,برآورد,8,mlt_oth2_s,mlt_oth2_s,,DataGridViewTextBoxColumn,60,,MiddleCenter,,,,,
Zrpy_brv_astr,برآورد,9,mlt_oth1_s,mlt_oth1_s,,DataGridViewTextBoxColumn,60,,MiddleCenter,,,,,
Zrpy_brv_astr,برآورد,10,mlt_ovhd_s,mlt_ovhd_s,,DataGridViewTextBoxColumn,55,,MiddleCenter,,,,,
Zrpy_brv_astr,برآورد,11,mlt_tatb_s,mlt_tatb_s,,DataGridViewTextBoxColumn,55,,MiddleCenter,,,,,
Zrpy_brv_astr,برآورد,12,mlt_hard_s,mlt_hard_s,,DataGridViewTextBoxColumn,55,,MiddleCenter,,,,,
Zrpy_brv_astr,برآورد,13,mlt_taba_s,mlt_taba_s,,DataGridViewTextBoxColumn,55,,MiddleCenter,,,,,
Zrpy_brv_astr,برآورد,14,mlt_heit_s,mlt_heit_s,,DataGridViewTextBoxColumn,55,,MiddleCenter,,,,,
Zrpy_brv_astr,برآورد,15,mlt_loca_s,mlt_loca_s,,DataGridViewTextBoxColumn,60,35,MiddleCenter,,,,,
Zrpy_brv_fact,برآورد,1,mlt_rad,mlt_rad,ردیف,DataGridViewTextBoxColumn,37,30,MiddleCenter,,,,,
Zrpy_brv_fact,برآورد,2,mlt_Prnuse,mlt_Prnuse,فصل پایه,DataGridViewTextBoxColumn,40,35,MiddleCenter,False,,Programmatic,,
Zrpy_brv_fact,برآورد,3,mlt_nuse,mlt_nuse,فصل,DataGridViewTextBoxColumn,40,35,MiddleCenter,,,Programmatic,,
Zrpy_brv_fact,برآورد,4,mlt_name,mlt_name,شرح فصل,DataGridViewTextBoxColumn,160,,MiddleLeft,,,,,Fill
Zrpy_brv_fact,برآورد,5,mlt_SubCount,mlt_SubCount,تعداد زیرفصل,DataGridViewTextBoxColumn,50,40,MiddleCenter,,true,Programmatic,تعداد زیرفصل,None
Zrpy_brv_fact,برآورد,6,mlt_sumz_fc,mlt_sumz_fc,حاصلضرایب,DataGridViewTextBoxColumn,95,,MiddleCenter,,True,,,
Zrpy_brv_fact,برآورد,7,mlt_oth3_fc,mlt_oth3_fc,,DataGridViewTextBoxColumn,60,,MiddleCenter,,,,,
Zrpy_brv_fact,برآورد,8,mlt_oth2_fc,mlt_oth2_fc,,DataGridViewTextBoxColumn,60,,MiddleCenter,,,,,
Zrpy_brv_fact,برآورد,9,mlt_oth1_fc,mlt_oth1_fc,,DataGridViewTextBoxColumn,60,,MiddleCenter,,,,,
Zrpy_brv_fact,برآورد,10,mlt_ovhd_fc,mlt_ovhd_fc,,DataGridViewTextBoxColumn,55,,MiddleCenter,,,,,
Zrpy_brv_fact,برآورد,11,mlt_tatb_fc,mlt_tatb_fc,,DataGridViewTextBoxColumn,55,,MiddleCenter,,,,,
Zrpy_brv_fact,برآورد,12,mlt_hard_fc,mlt_hard_fc,,DataGridViewTextBoxColumn,55,,MiddleCenter,,,,,
Zrpy_brv_fact,برآورد,13,mlt_taba_fc,mlt_taba_fc,,DataGridViewTextBoxColumn,55,,MiddleCenter,,,,,
Zrpy_brv_fact,برآورد,14,mlt_heit_fc,mlt_heit_fc,,DataGridViewTextBoxColumn,55,,MiddleCenter,,,,,
Zrpy_brv_fact,برآورد,15,mlt_loca_fc,mlt_loca_fc,,DataGridViewTextBoxColumn,60,40,MiddleCenter,,,,,
zrpy_psn_norm,پیشنهاد / پیمان,1,mlt_rad,mlt_rad,ردیف,DataGridViewTextBoxColumn,37,30,MiddleCenter,,,,,
zrpy_psn_norm,پیشنهاد / پیمان,2,mlt_Prnuse,mlt_Prnuse,فصل پایه,DataGridViewTextBoxColumn,40,30,MiddleCenter,False,,Programmatic,,
zrpy_psn_norm,پیشنهاد / پیمان,3,mlt_nuse,mlt_nuse,فصل,DataGridViewTextBoxColumn,40,35,MiddleCenter,,,Programmatic,,
zrpy_psn_norm,پیشنهاد / پیمان,4,mlt_name,mlt_name,شرح فصل,DataGridViewTextBoxColumn,160,,MiddleLeft,,,,,Fill
zrpy_psn_norm,پیشنهاد / پیمان,5,mlt_SubCount,mlt_SubCount,تعداد زیرفصل,DataGridViewTextBoxColumn,50,40,MiddleCenter,,true,Programmatic,تعداد زیرفصل,None
zrpy_psn_norm,پیشنهاد / پیمان,6,mlt_sumz_psn,mlt_sumz_psn,حاصلضرایب,DataGridViewTextBoxColumn,95,,MiddleCenter,,True,,,
zrpy_psn_norm,پیشنهاد / پیمان,7,mlt_oth3_psn,mlt_oth3_psn,,DataGridViewTextBoxColumn,60,,MiddleCenter,,,,,
zrpy_psn_norm,پیشنهاد / پیمان,8,mlt_oth2_psn,mlt_oth2_psn,,DataGridViewTextBoxColumn,60,,MiddleCenter,,,,,
zrpy_psn_norm,پیشنهاد / پیمان,9,mlt_oth1_psn,mlt_oth1_psn,,DataGridViewTextBoxColumn,60,,MiddleCenter,,,,,
zrpy_psn_norm,پیشنهاد / پیمان,10,mlt_ovhd_psn,mlt_ovhd_psn,,DataGridViewTextBoxColumn,55,,MiddleCenter,,,,,
zrpy_psn_norm,پیشنهاد / پیمان,11,mlt_tatb_psn,mlt_tatb_psn,,DataGridViewTextBoxColumn,55,,MiddleCenter,,,,,
zrpy_psn_norm,پیشنهاد / پیمان,12,mlt_hard_psn,mlt_hard_psn,,DataGridViewTextBoxColumn,55,,MiddleCenter,,,,,
zrpy_psn_norm,پیشنهاد / پیمان,13,mlt_taba_psn,mlt_taba_psn,,DataGridViewTextBoxColumn,55,,MiddleCenter,,,,,
zrpy_psn_norm,پیشنهاد / پیمان,14,mlt_heit_psn,mlt_heit_psn,,DataGridViewTextBoxColumn,55,,MiddleCenter,,,,,
zrpy_psn_norm,پیشنهاد / پیمان,15,mlt_loca_psn,mlt_loca_psn,,DataGridViewTextBoxColumn,60,40,MiddleCenter,,,,,
zrpy_psn_astr,پیشنهاد / پیمان,1,mlt_rad,mlt_rad,ردیف,DataGridViewTextBoxColumn,37,35,MiddleCenter,,,,,
zrpy_psn_astr,پیشنهاد / پیمان,2,mlt_Prnuse,mlt_Prnuse,فصل پایه,DataGridViewTextBoxColumn,40,35,MiddleCenter,False,,Programmatic,,
zrpy_psn_astr,پیشنهاد / پیمان,3,mlt_nuse,mlt_nuse,فصل,DataGridViewTextBoxColumn,40,35,MiddleCenter,,,,,
zrpy_psn_astr,پیشنهاد / پیمان,4,mlt_name,mlt_name,شرح فصل,DataGridViewTextBoxColumn,160,,MiddleLeft,,,Programmatic,,Fill
zrpy_psn_astr,پیشنهاد / پیمان,5,mlt_SubCount,mlt_SubCount,تعداد زیرفصل,DataGridViewTextBoxColumn,50,40,MiddleCenter,,true,Programmatic,تعداد زیرفصل,None
zrpy_psn_astr,پیشنهاد / پیمان,6,mlt_sumz_s_psn,mlt_sumz_s_psn,حاصلضرایب,DataGridViewTextBoxColumn,95,,MiddleCenter,,True,,,
zrpy_psn_astr,پیشنهاد / پیمان,7,mlt_oth3_s_psn,mlt_oth3_s_psn,,DataGridViewTextBoxColumn,60,,MiddleCenter,,,,,
zrpy_psn_astr,پیشنهاد / پیمان,8,mlt_oth2_s_psn,mlt_oth2_s_psn,,DataGridViewTextBoxColumn,60,,MiddleCenter,,,,,
zrpy_psn_astr,پیشنهاد / پیمان,9,mlt_oth1_s_psn,mlt_oth1_s_psn,,DataGridViewTextBoxColumn,60,,MiddleCenter,,,,,
zrpy_psn_astr,پیشنهاد / پیمان,10,mlt_ovhd_s_psn,mlt_ovhd_s_psn,,DataGridViewTextBoxColumn,55,,MiddleCenter,,,,,
zrpy_psn_astr,پیشنهاد / پیمان,11,mlt_tatb_s_psn,mlt_tatb_s_psn,,DataGridViewTextBoxColumn,55,,MiddleCenter,,,,,
zrpy_psn_astr,پیشنهاد / پیمان,12,mlt_hard_s_psn,mlt_hard_s_psn,,DataGridViewTextBoxColumn,55,,MiddleCenter,,,,,
zrpy_psn_astr,پیشنهاد / پیمان,13,mlt_taba_s_psn,mlt_taba_s_psn,,DataGridViewTextBoxColumn,55,,MiddleCenter,,,,,
zrpy_psn_astr,پیشنهاد / پیمان,14,mlt_heit_s_psn,mlt_heit_s_psn,,DataGridViewTextBoxColumn,55,,MiddleCenter,,,,,
zrpy_psn_astr,پیشنهاد / پیمان,15,mlt_loca_s_psn,mlt_loca_s_psn,,DataGridViewTextBoxColumn,60,35,MiddleCenter,,,,,
zrpy_psn_fact,پیشنهاد / پیمان,1,mlt_rad,mlt_rad,ردیف,DataGridViewTextBoxColumn,37,30,MiddleCenter,,,,,
zrpy_psn_fact,پیشنهاد / پیمان,2,mlt_Prnuse,mlt_Prnuse,فصل پایه,DataGridViewTextBoxColumn,40,35,MiddleCenter,False,,Programmatic,,
zrpy_psn_fact,پیشنهاد / پیمان,3,mlt_nuse,mlt_nuse,فصل,DataGridViewTextBoxColumn,40,35,MiddleCenter,,,,,
zrpy_psn_fact,پیشنهاد / پیمان,4,mlt_name,mlt_name,شرح فصل,DataGridViewTextBoxColumn,160,,MiddleLeft,,,Programmatic,,Fill
zrpy_psn_fact,پیشنهاد / پیمان,5,mlt_SubCount,mlt_SubCount,تعداد زیرفصل,DataGridViewTextBoxColumn,50,40,MiddleCenter,,true,Programmatic,تعداد زیرفصل,None
zrpy_psn_fact,پیشنهاد / پیمان,6,mlt_sumz_fc_psn,mlt_sumz_fc_psn,حاصلضرایب,DataGridViewTextBoxColumn,95,,MiddleCenter,,True,,,
zrpy_psn_fact,پیشنهاد / پیمان,7,mlt_oth3_fc_psn,mlt_oth3_fc_psn,,DataGridViewTextBoxColumn,60,,MiddleCenter,,,,,
zrpy_psn_fact,پیشنهاد / پیمان,8,mlt_oth2_fc_psn,mlt_oth2_fc_psn,,DataGridViewTextBoxColumn,60,,MiddleCenter,,,,,
zrpy_psn_fact,پیشنهاد / پیمان,9,mlt_oth1_fc_psn,mlt_oth1_fc_psn,,DataGridViewTextBoxColumn,60,,MiddleCenter,,,,,
zrpy_psn_fact,پیشنهاد / پیمان,10,mlt_ovhd_fc_psn,mlt_ovhd_fc_psn,,DataGridViewTextBoxColumn,55,,MiddleCenter,,,,,
zrpy_psn_fact,پیشنهاد / پیمان,11,mlt_tatb_fc_psn,mlt_tatb_fc_psn,,DataGridViewTextBoxColumn,55,,MiddleCenter,,,,,
zrpy_psn_fact,پیشنهاد / پیمان,12,mlt_hard_fc_psn,mlt_hard_fc_psn,,DataGridViewTextBoxColumn,55,,MiddleCenter,,,,,
zrpy_psn_fact,پیشنهاد / پیمان,13,mlt_taba_fc_psn,mlt_taba_fc_psn,,DataGridViewTextBoxColumn,55,,MiddleCenter,,,,,
zrpy_psn_fact,پیشنهاد / پیمان,14,mlt_heit_fc_psn,mlt_heit_fc_psn,,DataGridViewTextBoxColumn,55,,MiddleCenter,,,,,
zrpy_psn_fact,پیشنهاد / پیمان,15,mlt_loca_fc_psn,mlt_loca_fc_psn,,DataGridViewTextBoxColumn,60,40,MiddleCenter,,,,,
zrpy_svz_karkard_norm,صورت‌وضعیت / کارکرد,1,mlt_rad,mlt_rad,ردیف,DataGridViewTextBoxColumn,35,30,MiddleCenter,,,,,
zrpy_svz_karkard_norm,صورت‌وضعیت / کارکرد,2,mlt_Prnuse,mlt_Prnuse,فصل پایه,DataGridViewTextBoxColumn,40,30,MiddleCenter,False,,Programmatic,,
zrpy_svz_karkard_norm,صورت‌وضعیت / کارکرد,3,mlt_nuse,mlt_nuse,فصل,DataGridViewTextBoxColumn,40,30,MiddleCenter,,,Programmatic,,
zrpy_svz_karkard_norm,صورت‌وضعیت / کارکرد,4,mlt_SubCount,mlt_SubCount,تعداد زیرفصل,DataGridViewTextBoxColumn,50,40,MiddleCenter,,true,Programmatic,تعداد زیرفصل,None
zrpy_svz_karkard_norm,صورت‌وضعیت / کارکرد,5,mlt_sumz,mlt_sumz,حاصلضرایب,DataGridViewTextBoxColumn,160,,MiddleCenter,,True,,,Fill
zrpy_svz_karkard_norm,صورت‌وضعیت / کارکرد,6,mlt_oth3,mlt_oth3,,DataGridViewTextBoxColumn,61,,MiddleCenter,,,,,
zrpy_svz_karkard_norm,صورت‌وضعیت / کارکرد,7,mlt_oth2,mlt_oth2,,DataGridViewTextBoxColumn,61,,MiddleCenter,,,,,
zrpy_svz_karkard_norm,صورت‌وضعیت / کارکرد,8,mlt_oth1,mlt_oth1,,DataGridViewTextBoxColumn,61,,MiddleCenter,,,,,
zrpy_svz_karkard_norm,صورت‌وضعیت / کارکرد,9,mlt_ovhd,mlt_ovhd,,DataGridViewTextBoxColumn,56,,MiddleCenter,,,,,
zrpy_svz_karkard_norm,صورت‌وضعیت / کارکرد,10,mlt_tatb,mlt_tatb,,DataGridViewTextBoxColumn,56,,MiddleCenter,,,,,
zrpy_svz_karkard_norm,صورت‌وضعیت / کارکرد,11,mlt_hard,mlt_hard,,DataGridViewTextBoxColumn,56,,MiddleCenter,,,,,
zrpy_svz_karkard_norm,صورت‌وضعیت / کارکرد,12,mlt_taba,mlt_taba,,DataGridViewTextBoxColumn,56,,MiddleCenter,,,,,
zrpy_svz_karkard_norm,صورت‌وضعیت / کارکرد,13,mlt_heit,mlt_heit,,DataGridViewTextBoxColumn,56,,MiddleCenter,,,,,
zrpy_svz_karkard_norm,صورت‌وضعیت / کارکرد,14,mlt_loca,mlt_loca,,DataGridViewTextBoxColumn,61,,MiddleCenter,,,,,
zrpy_svz_karkard_norm,صورت‌وضعیت / کارکرد,15,mlt_plmu,mlt_plmu,,DataGridViewTextBoxColumn,61,35,MiddleCenter,,,,,
zrpy_svz_karkard_astr,صورت‌وضعیت / کارکرد,1,mlt_rad,mlt_rad,ردیف,DataGridViewTextBoxColumn,35,30,MiddleCenter,,,,,
zrpy_svz_karkard_astr,صورت‌وضعیت / کارکرد,2,mlt_Prnuse,mlt_Prnuse,فصل پایه,DataGridViewTextBoxColumn,40,35,MiddleCenter,False,,Programmatic,,
zrpy_svz_karkard_astr,صورت‌وضعیت / کارکرد,3,mlt_nuse,mlt_nuse,فصل,DataGridViewTextBoxColumn,40,35,MiddleCenter,,,Programmatic,,
zrpy_svz_karkard_astr,صورت‌وضعیت / کارکرد,4,mlt_SubCount,mlt_SubCount,تعداد زیرفصل,DataGridViewTextBoxColumn,50,40,MiddleCenter,,true,Programmatic,تعداد زیرفصل,None
zrpy_svz_karkard_astr,صورت‌وضعیت / کارکرد,5,mlt_sumz_s,mlt_sumz_s,حاصلضرایب,DataGridViewTextBoxColumn,160,,MiddleCenter,,True,,,Fill
zrpy_svz_karkard_astr,صورت‌وضعیت / کارکرد,6,mlt_oth3_s,mlt_oth3_s,,DataGridViewTextBoxColumn,61,,MiddleCenter,,,,,
zrpy_svz_karkard_astr,صورت‌وضعیت / کارکرد,7,mlt_oth2_s,mlt_oth2_s,,DataGridViewTextBoxColumn,61,,MiddleCenter,,,,,
zrpy_svz_karkard_astr,صورت‌وضعیت / کارکرد,8,mlt_oth1_s,mlt_oth1_s,,DataGridViewTextBoxColumn,61,,MiddleCenter,,,,,
zrpy_svz_karkard_astr,صورت‌وضعیت / کارکرد,9,mlt_ovhd_s,mlt_ovhd_s,,DataGridViewTextBoxColumn,56,,MiddleCenter,,,,,
zrpy_svz_karkard_astr,صورت‌وضعیت / کارکرد,10,mlt_tatb_s,mlt_tatb_s,,DataGridViewTextBoxColumn,56,,MiddleCenter,,,,,
zrpy_svz_karkard_astr,صورت‌وضعیت / کارکرد,11,mlt_hard_s,mlt_hard_s,,DataGridViewTextBoxColumn,56,,MiddleCenter,,,,,
zrpy_svz_karkard_astr,صورت‌وضعیت / کارکرد,12,mlt_taba_s,mlt_taba_s,,DataGridViewTextBoxColumn,56,,MiddleCenter,,,,,
zrpy_svz_karkard_astr,صورت‌وضعیت / کارکرد,13,mlt_heit_s,mlt_heit_s,,DataGridViewTextBoxColumn,56,,MiddleCenter,,,,,
zrpy_svz_karkard_astr,صورت‌وضعیت / کارکرد,14,mlt_loca_s,mlt_loca_s,,DataGridViewTextBoxColumn,61,,MiddleCenter,,,,,
zrpy_svz_karkard_astr,صورت‌وضعیت / کارکرد,15,mlt_plmu_s,mlt_plmu_s,,DataGridViewTextBoxColumn,61,35,MiddleCenter,,,,,
zrpy_svz_karkard_fact,صورت‌وضعیت / کارکرد,1,mlt_rad,mlt_rad,ردیف,DataGridViewTextBoxColumn,35,30,MiddleCenter,,,,,
zrpy_svz_karkard_fact,صورت‌وضعیت / کارکرد,2,mlt_Prnuse,mlt_Prnuse,فصل پایه,DataGridViewTextBoxColumn,40,35,MiddleCenter,False,,Programmatic,,
zrpy_svz_karkard_fact,صورت‌وضعیت / کارکرد,3,mlt_nuse,mlt_nuse,فصل,DataGridViewTextBoxColumn,40,35,MiddleCenter,,,Programmatic,,
zrpy_svz_karkard_fact,صورت‌وضعیت / کارکرد,4,mlt_SubCount,mlt_SubCount,تعداد زیرفصل,DataGridViewTextBoxColumn,50,40,MiddleCenter,,true,Programmatic,تعداد زیرفصل,None
zrpy_svz_karkard_fact,صورت‌وضعیت / کارکرد,5,mlt_sumz_fc,mlt_sumz_fc,حاصلضرایب,DataGridViewTextBoxColumn,160,,MiddleCenter,,True,,,Fill
zrpy_svz_karkard_fact,صورت‌وضعیت / کارکرد,6,mlt_oth3_fc,mlt_oth3_fc,,DataGridViewTextBoxColumn,61,,MiddleCenter,,,,,
zrpy_svz_karkard_fact,صورت‌وضعیت / کارکرد,7,mlt_oth2_fc,mlt_oth2_fc,,DataGridViewTextBoxColumn,61,,MiddleCenter,,,,,
zrpy_svz_karkard_fact,صورت‌وضعیت / کارکرد,8,mlt_oth1_fc,mlt_oth1_fc,,DataGridViewTextBoxColumn,61,,MiddleCenter,,,,,
zrpy_svz_karkard_fact,صورت‌وضعیت / کارکرد,9,mlt_ovhd_fc,mlt_ovhd_fc,,DataGridViewTextBoxColumn,56,,MiddleCenter,,,,,
zrpy_svz_karkard_fact,صورت‌وضعیت / کارکرد,10,mlt_tatb_fc,mlt_tatb_fc,,DataGridViewTextBoxColumn,56,,MiddleCenter,,,,,
zrpy_svz_karkard_fact,صورت‌وضعیت / کارکرد,11,mlt_hard_fc,mlt_hard_fc,,DataGridViewTextBoxColumn,56,,MiddleCenter,,,,,
zrpy_svz_karkard_fact,صورت‌وضعیت / کارکرد,12,mlt_taba_fc,mlt_taba_fc,,DataGridViewTextBoxColumn,56,,MiddleCenter,,,,,
zrpy_svz_karkard_fact,صورت‌وضعیت / کارکرد,13,mlt_heit_fc,mlt_heit_fc,,DataGridViewTextBoxColumn,56,,MiddleCenter,,,,,
zrpy_svz_karkard_fact,صورت‌وضعیت / کارکرد,14,mlt_loca_fc,mlt_loca_fc,,DataGridViewTextBoxColumn,61,,MiddleCenter,,,,,
zrpy_svz_karkard_fact,صورت‌وضعیت / کارکرد,15,mlt_plmu_fc,mlt_plmu_fc,,DataGridViewTextBoxColumn,61,40,MiddleCenter,,,,,
zrpy_svz_paikar_norm,صورت‌وضعیت / کارکرد,1,mlt_rad,mlt_rad,ردیف,DataGridViewTextBoxColumn,35,30,MiddleCenter,,,,,
zrpy_svz_paikar_norm,صورت‌وضعیت / کارکرد,2,mlt_Prnuse,mlt_Prnuse,فصل پایه,DataGridViewTextBoxColumn,40,40,MiddleCenter,False,,Programmatic,,
zrpy_svz_paikar_norm,صورت‌وضعیت / کارکرد,3,mlt_nuse,mlt_nuse,فصل,DataGridViewTextBoxColumn,40,40,MiddleCenter,,,Programmatic,,
zrpy_svz_paikar_norm,صورت‌وضعیت / کارکرد,4,mlt_SubCount,mlt_SubCount,تعداد زیرفصل,DataGridViewTextBoxColumn,50,40,MiddleCenter,,true,Programmatic,تعداد زیرفصل,None
zrpy_svz_paikar_norm,صورت‌وضعیت / کارکرد,5,mlt_sumz_mp,mlt_sumz_mp,حاصلضرایب,DataGridViewTextBoxColumn,160,,MiddleCenter,,True,,,Fill
zrpy_svz_paikar_norm,صورت‌وضعیت / کارکرد,6,mlt_zrmp_70_mp,mlt_zrmp_70_mp,70%,DataGridViewTextBoxColumn,50,35,MiddleCenter,,,,,
zrpy_svz_paikar_norm,صورت‌وضعیت / کارکرد,7,mlt_zrmp_mp,mlt_zrmp_mp,پایکار,DataGridViewTextBoxColumn,50,,MiddleCenter,,,,,
zrpy_svz_paikar_norm,صورت‌وضعیت / کارکرد,8,mlt_oth3_mp,mlt_oth3_mp,,DataGridViewTextBoxColumn,61,,MiddleCenter,,,,,
zrpy_svz_paikar_norm,صورت‌وضعیت / کارکرد,9,mlt_oth2_mp,mlt_oth2_mp,,DataGridViewTextBoxColumn,61,,MiddleCenter,,,,,
zrpy_svz_paikar_norm,صورت‌وضعیت / کارکرد,10,mlt_oth1_mp,mlt_oth1_mp,,DataGridViewTextBoxColumn,61,,MiddleCenter,,,,,
zrpy_svz_paikar_norm,صورت‌وضعیت / کارکرد,11,mlt_ovhd_mp,mlt_ovhd_mp,,DataGridViewTextBoxColumn,56,,MiddleCenter,,,,,
zrpy_svz_paikar_norm,صورت‌وضعیت / کارکرد,12,mlt_tatb_mp,mlt_tatb_mp,,DataGridViewTextBoxColumn,56,,MiddleCenter,,,,,
zrpy_svz_paikar_norm,صورت‌وضعیت / کارکرد,13,mlt_hard_mp,mlt_hard_mp,,DataGridViewTextBoxColumn,56,,MiddleCenter,,,,,
zrpy_svz_paikar_norm,صورت‌وضعیت / کارکرد,14,mlt_taba_mp,mlt_taba_mp,,DataGridViewTextBoxColumn,56,,MiddleCenter,,,,,
zrpy_svz_paikar_norm,صورت‌وضعیت / کارکرد,15,mlt_heit_mp,mlt_heit_mp,,DataGridViewTextBoxColumn,56,,MiddleCenter,,,,,
zrpy_svz_paikar_norm,صورت‌وضعیت / کارکرد,16,mlt_loca_mp,mlt_loca_mp,,DataGridViewTextBoxColumn,61,,MiddleCenter,,,,,
zrpy_svz_paikar_norm,صورت‌وضعیت / کارکرد,17,mlt_plmu_mp,mlt_plmu_mp,,DataGridViewTextBoxColumn,61,40,MiddleCenter,,,,,
zrpy_svz_paikar_astr,صورت‌وضعیت / کارکرد,1,mlt_rad,mlt_rad,ردیف,DataGridViewTextBoxColumn,35,30,MiddleCenter,,,,,
zrpy_svz_paikar_astr,صورت‌وضعیت / کارکرد,2,mlt_Prnuse,mlt_Prnuse,فصل پایه,DataGridViewTextBoxColumn,40,30,MiddleCenter,False,,Programmatic,,
zrpy_svz_paikar_astr,صورت‌وضعیت / کارکرد,3,mlt_nuse,mlt_nuse,فصل,DataGridViewTextBoxColumn,40,35,MiddleCenter,,,Programmatic,,
zrpy_svz_paikar_astr,صورت‌وضعیت / کارکرد,4,mlt_SubCount,mlt_SubCount,تعداد زیرفصل,DataGridViewTextBoxColumn,50,40,MiddleCenter,,true,Programmatic,تعداد زیرفصل,None
zrpy_svz_paikar_astr,صورت‌وضعیت / کارکرد,5,mlt_sumz_s_mp,mlt_sumz_s_mp,حاصلضرایب,DataGridViewTextBoxColumn,160,,MiddleCenter,,True,,,Fill
zrpy_svz_paikar_astr,صورت‌وضعیت / کارکرد,6,mlt_zrmp_70_s_mp,mlt_zrmp_70_s_mp,70%,DataGridViewTextBoxColumn,50,35,MiddleCenter,,,,,
zrpy_svz_paikar_astr,صورت‌وضعیت / کارکرد,7,mlt_zrmp_s_mp,mlt_zrmp_s_mp,پایکار,DataGridViewTextBoxColumn,50,,MiddleCenter,,,,,
zrpy_svz_paikar_astr,صورت‌وضعیت / کارکرد,8,mlt_oth3_s_mp,mlt_oth3_s_mp,,DataGridViewTextBoxColumn,61,,MiddleCenter,,,,,
zrpy_svz_paikar_astr,صورت‌وضعیت / کارکرد,9,mlt_oth2_s_mp,mlt_oth2_s_mp,,DataGridViewTextBoxColumn,61,,MiddleCenter,,,,,
zrpy_svz_paikar_astr,صورت‌وضعیت / کارکرد,10,mlt_oth1_s_mp,mlt_oth1_s_mp,,DataGridViewTextBoxColumn,61,,MiddleCenter,,,,,
zrpy_svz_paikar_astr,صورت‌وضعیت / کارکرد,11,mlt_ovhd_s_mp,mlt_ovhd_s_mp,,DataGridViewTextBoxColumn,56,,MiddleCenter,,,,,
zrpy_svz_paikar_astr,صورت‌وضعیت / کارکرد,12,mlt_tatb_s_mp,mlt_tatb_s_mp,,DataGridViewTextBoxColumn,56,,MiddleCenter,,,,,
zrpy_svz_paikar_astr,صورت‌وضعیت / کارکرد,13,mlt_hard_s_mp,mlt_hard_s_mp,,DataGridViewTextBoxColumn,56,,MiddleCenter,,,,,
zrpy_svz_paikar_astr,صورت‌وضعیت / کارکرد,14,mlt_taba_s_mp,mlt_taba_s_mp,,DataGridViewTextBoxColumn,56,,MiddleCenter,,,,,
zrpy_svz_paikar_astr,صورت‌وضعیت / کارکرد,15,mlt_heit_s_mp,mlt_heit_s_mp,,DataGridViewTextBoxColumn,56,,MiddleCenter,,,,,
zrpy_svz_paikar_astr,صورت‌وضعیت / کارکرد,16,mlt_loca_s_mp,mlt_loca_s_mp,,DataGridViewTextBoxColumn,61,,MiddleCenter,,,,,
zrpy_svz_paikar_astr,صورت‌وضعیت / کارکرد,17,mlt_plmu_s_mp,mlt_plmu_s_mp,,DataGridViewTextBoxColumn,61,35,MiddleCenter,,,,,
zrpy_svz_paikar_fact,صورت‌وضعیت / کارکرد,1,mlt_rad,mlt_rad,ردیف,DataGridViewTextBoxColumn,35,30,MiddleCenter,,,,,
zrpy_svz_paikar_fact,صورت‌وضعیت / کارکرد,2,mlt_Prnuse,mlt_Prnuse,فصل پایه,DataGridViewTextBoxColumn,40,35,MiddleCenter,False,,Programmatic,,
zrpy_svz_paikar_fact,صورت‌وضعیت / کارکرد,3,mlt_nuse,mlt_nuse,فصل,DataGridViewTextBoxColumn,40,35,MiddleCenter,,,Programmatic,,
zrpy_svz_paikar_fact,صورت‌وضعیت / کارکرد,4,mlt_SubCount,mlt_SubCount,تعداد زیرفصل,DataGridViewTextBoxColumn,50,40,MiddleCenter,,true,Programmatic,تعداد زیرفصل,None
zrpy_svz_paikar_fact,صورت‌وضعیت / کارکرد,5,mlt_sumz_fc_mp,mlt_sumz_fc_mp,حاصلضرایب,DataGridViewTextBoxColumn,160,,MiddleCenter,,True,,,Fill
zrpy_svz_paikar_fact,صورت‌وضعیت / کارکرد,6,mlt_zrmp_70_fc_mp,mlt_zrmp_70_fc_mp,70%,DataGridViewTextBoxColumn,50,35,MiddleCenter,,,,,
zrpy_svz_paikar_fact,صورت‌وضعیت / کارکرد,7,mlt_zrmp_fc_mp,mlt_zrmp_fc_mp,پایکار,DataGridViewTextBoxColumn,50,,MiddleCenter,,,,,
zrpy_svz_paikar_fact,صورت‌وضعیت / کارکرد,8,mlt_oth3_fc_mp,mlt_oth3_fc_mp,,DataGridViewTextBoxColumn,61,,MiddleCenter,,,,,
zrpy_svz_paikar_fact,صورت‌وضعیت / کارکرد,9,mlt_oth2_fc_mp,mlt_oth2_fc_mp,,DataGridViewTextBoxColumn,61,,MiddleCenter,,,,,
zrpy_svz_paikar_fact,صورت‌وضعیت / کارکرد,10,mlt_oth1_fc_mp,mlt_oth1_fc_mp,,DataGridViewTextBoxColumn,61,,MiddleCenter,,,,,
zrpy_svz_paikar_fact,صورت‌وضعیت / کارکرد,11,mlt_ovhd_fc_mp,mlt_ovhd_fc_mp,,DataGridViewTextBoxColumn,56,,MiddleCenter,,,,,
zrpy_svz_paikar_fact,صورت‌وضعیت / کارکرد,12,mlt_tatb_fc_mp,mlt_tatb_fc_mp,,DataGridViewTextBoxColumn,56,,MiddleCenter,,,,,
zrpy_svz_paikar_fact,صورت‌وضعیت / کارکرد,13,mlt_hard_fc_mp,mlt_hard_fc_mp,,DataGridViewTextBoxColumn,56,,MiddleCenter,,,,,
zrpy_svz_paikar_fact,صورت‌وضعیت / کارکرد,14,mlt_taba_fc_mp,mlt_taba_fc_mp,,DataGridViewTextBoxColumn,56,,MiddleCenter,,,,,
zrpy_svz_paikar_fact,صورت‌وضعیت / کارکرد,15,mlt_heit_fc_mp,mlt_heit_fc_mp,,DataGridViewTextBoxColumn,56,,MiddleCenter,,,,,
zrpy_svz_paikar_fact,صورت‌وضعیت / کارکرد,16,mlt_loca_fc_mp,mlt_loca_fc_mp,,DataGridViewTextBoxColumn,61,,MiddleCenter,,,,,
zrpy_svz_paikar_fact,صورت‌وضعیت / کارکرد,17,mlt_plmu_fc_mp,mlt_plmu_fc_mp,,DataGridViewTextBoxColumn,61,40,MiddleCenter,,,,,
KhMetre,متره / ریزمتره,1,kmt_raj,kmt_raj,زیر,DataGridViewTextBoxColumn,30,30,MiddleCenter,,,,,
KhMetre,متره / ریزمتره,2,kmt_rad,kmt_rad,ردیف,DataGridViewTextBoxColumn,35,35,MiddleCenter,,,,,
KhMetre,متره / ریزمتره,3,kmt_coac,kmt_coac,فعالیت,DataGridViewTextBoxColumn,40,40,MiddleCenter,,,,,
KhMetre,متره / ریزمتره,4,kmt_dtsj,kmt_dtsj,تاریخ صورتمجلس,DataGridViewTextBoxColumn,60,60,MiddleCenter,,,,,
KhMetre,متره / ریزمتره,5,kmt_nusj,kmt_nusj,شماره صورتمجلس,DataGridViewTextBoxColumn,60,60,MiddleCenter,,,,,
KhMetre,متره / ریزمتره,6,ity_Summ,ity_Summ,ن,DataGridViewTextBoxColumn,,25,MiddleCenter,,true,,نوع فصل آیتم (مصالح = م ، دستمزد = د ، عادی),None
KhMetre,متره / ریزمتره,7,kmt_cofh,kmt_cofh,کدفهرست,DataGridViewTextBoxColumn,60,60,MiddleCenter,,,,,
KhMetre,متره / ریزمتره,8,fbh_astr_str,fbh_astr_str,*,DataGridViewTextBoxColumn,22,22,MiddleCenter,,,,,None
KhMetre,متره / ریزمتره,9,kmt_nagl_rzmt,kmt_nagl_rzmt,نقل از,DataGridViewTextBoxColumn,40,40,MiddleCenter,,,,,
KhMetre,متره / ریزمتره,10,kmt_link_mog,kmt_link_mog,موقعیت,DataGridViewComboBoxColumn,220,,,,,,,
KhMetre,متره / ریزمتره,11,kmt_sumj,kmt_sumj,جمع جزیی,DataGridViewTextBoxColumn,95,95,,,,,,
KhMetre,متره / ریزمتره,12,mog_zrib,mog_zrib,ضریب,DataGridViewTextBoxColumn,55,55,MiddleCenter,,true,,,
KhMetre,متره / ریزمتره,13,kmt_sujz,kmt_sujz,جزیی با ضریب,DataGridViewTextBoxColumn,95,95,,,true,,,
KhMetre,متره / ریزمتره,14,kmt_sumt,kmt_sumt,جمع کلی,DataGridViewTextBoxColumn,100,100,,,true,,,
KhMetre,متره / ریزمتره,15,kmt_dsmo,kmt_dsmo,ملاحظات,DataGridViewTextBoxColumn,160,,,,,,,
list_brv,برآورد,1,bgm_rad,bgm_rad,ردیف,DataGridViewTextBoxColumn,,32,MiddleCenter,,,,,
list_brv,برآورد,2,ity_Summ,ity_Summ,ن,DataGridViewTextBoxColumn,,25,MiddleCenter,,true,,نوع فصل آیتم (مصالح = م ، دستمزد = د ، عادی),None
list_brv,برآورد,3,bgm_cofh,bgm_cofh,کد فهرست,DataGridViewTextBoxColumn,,60,MiddleCenter,,,,,
list_brv,برآورد,4,fbh_astr_str,fbh_astr_str,*,DataGridViewTextBoxColumn,22,22,MiddleCenter,,,,,None
list_brv,برآورد,5,fbh_abst,fbh_abst,شرح مختصر,DataGridViewTextBoxColumn,,,,,,,,
list_brv,برآورد,6,fbh_desc,fbh_desc,شرح کامل,DataGridViewTextBoxColumn,,,,,,,,
list_brv,برآورد,7,fbh_unit,fbh_unit,واحد کار,DataGridViewTextBoxColumn,,40,MiddleCenter,,,,,
list_brv,برآورد,8,fbh_pcun,fbh_pcun,ریال واحد,DataGridViewTextBoxColumn,,60,,,,,,
list_brv,برآورد,9,bgm_quan,bgm_quan,مقدار برآوردی,DataGridViewTextBoxColumn,,80,,,,,,
list_brv,برآورد,10,bgm_pcal,bgm_pcal,مبلغ برآوردی,DataGridViewTextBoxColumn,,80,,,,,,
list_brv,برآورد,11,bgm_dscf,bgm_dscf,ملاحظات,DataGridViewTextBoxColumn,,,,,,,,
list_acti_brv,برآورد,1,bgm_rad,bgm_rad,ردیف,DataGridViewTextBoxColumn,,32,MiddleCenter,,,,,
list_acti_brv,برآورد,2,bgm_coac,bgm_coac,فعالیت,DataGridViewTextBoxColumn,40,40,MiddleCenter,,,,,
list_acti_brv,برآورد,3,ity_Summ,ity_Summ,ن,DataGridViewTextBoxColumn,,25,MiddleCenter,,true,,نوع فصل آیتم (مصالح = م ، دستمزد = د ، عادی),None
list_acti_brv,برآورد,4,bgm_cofh,bgm_cofh,کد فهرست,DataGridViewTextBoxColumn,,65,MiddleCenter,,,,,
list_acti_brv,برآورد,5,fbh_astr_str,fbh_astr_str,*,DataGridViewTextBoxColumn,22,22,MiddleCenter,,,,,None
list_acti_brv,برآورد,6,fbh_abst,fbh_abst,شرح مختصر,DataGridViewTextBoxColumn,,,,,,,,
list_acti_brv,برآورد,7,fbh_desc,fbh_desc,شرح کامل,DataGridViewTextBoxColumn,,,,,,,,
list_acti_brv,برآورد,8,fbh_unit,fbh_unit,واحد کار,DataGridViewTextBoxColumn,,,MiddleCenter,,,,,
list_acti_brv,برآورد,9,fbh_pcun,fbh_pcun,ریال واحد,DataGridViewTextBoxColumn,,95,,,,,,
list_acti_brv,برآورد,10,bgm_quan,bgm_quan,مقدار برآوردی,DataGridViewTextBoxColumn,,105,,,,,,
list_acti_brv,برآورد,11,bgm_pcal,bgm_pcal,مبلغ برآوردی,DataGridViewTextBoxColumn,,110,,,,,,
list_acti_brv,برآورد,12,bgm_dscf,bgm_dscf,ملاحظات,DataGridViewTextBoxColumn,,,,,,,,
nozooli_brv,برآورد,1,fhp_abst,fhp_abst,فهرست بهای رشته,DataGridViewTextBoxColumn,,,,,,,,
nozooli_brv,برآورد,2,mlt_name_and_nuse,mlt_name_and_nuse,عنوان فصل,DataGridViewTextBoxColumn,,,,,,,,
nozooli_brv,برآورد,3,bgm_swf2,bgm_swf2,80,DataGridViewCheckBoxColumn,20,20,,,,,,
nozooli_brv,برآورد,4,bgm_cofh,bgm_cofh,شماره,DataGridViewTextBoxColumn,,65,MiddleCenter,,,,,
nozooli_brv,برآورد,5,fbh_astr_str,fbh_astr_str,*,DataGridViewTextBoxColumn,22,22,MiddleCenter,,,,,None
nozooli_brv,برآورد,6,fbh_desc,fbh_desc,شرح ردیف,DataGridViewTextBoxColumn,,,,,,,,
nozooli_brv,برآورد,7,bgm_pcaf_dscr,bgm_pcaf_dscr,+,DataGridViewTextBoxColumn,,60,,,,,,
nozooli_brv,برآورد,8,bgm_pcaf,bgm_pcaf,بهای کل ردیف,DataGridViewTextBoxColumn,,110,,,,,,
nozooli_acti_brv,برآورد,1,fhp_abst,fhp_abst,فهرست بهای رشته,DataGridViewTextBoxColumn,,,,,,,,
nozooli_acti_brv,برآورد,2,mlt_name_and_nuse,mlt_name_and_nuse,عنوان فصل,DataGridViewTextBoxColumn,,,,,,,,
nozooli_acti_brv,برآورد,3,bgm_coac,bgm_coac,فعالیت,DataGridViewTextBoxColumn,,40,MiddleCenter,,,,,
nozooli_acti_brv,برآورد,4,bgm_swf2,bgm_swf2,80,DataGridViewCheckBoxColumn,20,20,,,,,,
nozooli_acti_brv,برآورد,5,bgm_cofh,bgm_cofh,شماره,DataGridViewTextBoxColumn,,65,MiddleCenter,,,,,
nozooli_acti_brv,برآورد,6,fbh_astr_str,fbh_astr_str,*,DataGridViewTextBoxColumn,22,22,MiddleCenter,,,,,None
nozooli_acti_brv,برآورد,7,fbh_desc,fbh_desc,شرح ردیف,DataGridViewTextBoxColumn,,,,,,,,
nozooli_acti_brv,برآورد,8,bgm_pcaf_dscr,bgm_pcaf_dscr,+,DataGridViewTextBoxColumn,,60,,,,,,
nozooli_acti_brv,برآورد,9,bgm_pcaf,bgm_pcaf,بهای کل ردیف,DataGridViewTextBoxColumn,,110,,,,,,
percent65_brv,برآورد,1,mlt_name_and_nuse,mlt_name_and_nuse,عنوان فصل,DataGridViewTextBoxColumn,,,,,,,,
percent65_brv,برآورد,2,bgm_cofh,bgm_cofh,شماره,DataGridViewTextBoxColumn,,65,MiddleCenter,,,,,
percent65_brv,برآورد,3,fbh_astr_str,fbh_astr_str,*,DataGridViewTextBoxColumn,22,22,MiddleCenter,,,,,None
percent65_brv,برآورد,4,fbh_desc,fbh_desc,شرح ردیف,DataGridViewTextBoxColumn,,,,,,,,
percent65_brv,برآورد,5,fbh_unit,fbh_unit,واحد,DataGridViewTextBoxColumn,,,MiddleCenter,,,,,
percent65_brv,برآورد,6,bgm_pcuf,bgm_pcuf,بهای واحد,DataGridViewTextBoxColumn,,95,,,,,,
percent65_brv,برآورد,7,bgm_quan,bgm_quan,مقدار,DataGridViewTextBoxColumn,,95,,,,,,
percent65_brv,برآورد,8,bgm_pcaf,bgm_pcaf,بهای کل ردیف,DataGridViewTextBoxColumn,,95,,,,,,
percent65_brv,برآورد,9,bgm_przf,bgm_przf,%ازکل,DataGridViewTextBoxColumn,,45,MiddleCenter,,,,,
percent65_acti_brv,برآورد,1,mlt_name_and_nuse,mlt_name_and_nuse,عنوان فصل,DataGridViewTextBoxColumn,,,,,,,,
percent65_acti_brv,برآورد,2,bgm_coac,bgm_coac,فعالیت,DataGridViewTextBoxColumn,,40,MiddleCenter,,,,,
percent65_acti_brv,برآورد,3,bgm_cofh,bgm_cofh,شماره,DataGridViewTextBoxColumn,,65,MiddleCenter,,,,,
percent65_acti_brv,برآورد,4,fbh_astr_str,fbh_astr_str,*,DataGridViewTextBoxColumn,22,22,MiddleCenter,,,,,None
percent65_acti_brv,برآورد,5,fbh_desc,fbh_desc,شرح ردیف,DataGridViewTextBoxColumn,,,,,,,,
percent65_acti_brv,برآورد,6,fbh_unit,fbh_unit,واحد,DataGridViewTextBoxColumn,,,MiddleCenter,,,,,
percent65_acti_brv,برآورد,7,bgm_pcuf,bgm_pcuf,بهای واحد,DataGridViewTextBoxColumn,,95,,,,,,
percent65_acti_brv,برآورد,8,bgm_quan,bgm_quan,مقدار,DataGridViewTextBoxColumn,,95,,,,,,
percent65_acti_brv,برآورد,9,bgm_pcaf,bgm_pcaf,بهای کل ردیف,DataGridViewTextBoxColumn,,95,,,,,,
percent65_acti_brv,برآورد,10,bgm_przf,bgm_przf,%ازکل,DataGridViewTextBoxColumn,,45,MiddleCenter,,,,,
doing_brv,برآورد,1,bgm_prcn,bgm_prcn,% اجرا,DataGridViewTextBoxColumn,,45,MiddleCenter,,,,,
doing_brv,برآورد,2,bgm_pcst,bgm_pcst,مبلغ اجراشده,DataGridViewTextBoxColumn,,99,,,,,,
doing_brv,برآورد,3,bgm_qust,bgm_qust,مقداراجراشده,DataGridViewTextBoxColumn,,95,,,,,,
doing_brv,برآورد,4,bgm_rad,bgm_rad,ردیف,DataGridViewTextBoxColumn,,35,MiddleCenter,,,,,
doing_brv,برآورد,5,bgm_cofh,bgm_cofh,کد فهرست,DataGridViewTextBoxColumn,,67,MiddleCenter,,,,,
doing_brv,برآورد,6,fbh_astr_str,fbh_astr_str,*,DataGridViewTextBoxColumn,22,22,MiddleCenter,,,,,None
doing_brv,برآورد,7,fbh_abst,fbh_abst,شرح مختصر,DataGridViewTextBoxColumn,,,,,,,,
doing_brv,برآورد,8,fbh_desc,fbh_desc,شرح کامل,DataGridViewTextBoxColumn,,,,,,,,
doing_brv,برآورد,9,fbh_pcun,fbh_pcun,بهای واحد,DataGridViewTextBoxColumn,,100,,,,,,
doing_brv,برآورد,10,bgm_quan,bgm_quan,مقدار برآوردی,DataGridViewTextBoxColumn,,110,,,,,,
doing_brv,برآورد,11,bgm_pcal,bgm_pcal,مبلغ برآوردی,DataGridViewTextBoxColumn,,120,,,,,,
doing_brv,برآورد,12,bgm_dscf,bgm_dscf,شرح ملاحظات,DataGridViewTextBoxColumn,,,,,,,,
doing_acti_brv,برآورد,1,bgm_prcn,bgm_prcn,% اجرا,DataGridViewTextBoxColumn,,45,MiddleCenter,,,,,
doing_acti_brv,برآورد,2,bgm_pcst,bgm_pcst,مبلغ اجراشده,DataGridViewTextBoxColumn,,99,,,,,,
doing_acti_brv,برآورد,3,bgm_qust,bgm_qust,مقداراجراشده,DataGridViewTextBoxColumn,,95,,,,,,
doing_acti_brv,برآورد,4,bgm_rad,bgm_rad,ردیف,DataGridViewTextBoxColumn,,35,MiddleCenter,,,,,
doing_acti_brv,برآورد,5,bgm_coac,bgm_coac,فعالیت,DataGridViewTextBoxColumn,,40,MiddleCenter,,,,,
doing_acti_brv,برآورد,6,bgm_cofh,bgm_cofh,کد فهرست,DataGridViewTextBoxColumn,,67,MiddleCenter,,,,,
doing_acti_brv,برآورد,7,fbh_astr_str,fbh_astr_str,*,DataGridViewTextBoxColumn,22,22,MiddleCenter,,,,,None
doing_acti_brv,برآورد,8,fbh_abst,fbh_abst,شرح مختصر,DataGridViewTextBoxColumn,,,,,,,,
doing_acti_brv,برآورد,9,fbh_desc,fbh_desc,شرح کامل,DataGridViewTextBoxColumn,,,,,,,,
doing_acti_brv,برآورد,10,fbh_pcun,fbh_pcun,بهای واحد,DataGridViewTextBoxColumn,,100,,,,,,
doing_acti_brv,برآورد,11,bgm_quan,bgm_quan,مقدار برآوردی,DataGridViewTextBoxColumn,,110,,,,,,
doing_acti_brv,برآورد,12,bgm_pcal,bgm_pcal,مبلغ برآوردی,DataGridViewTextBoxColumn,,120,,,,,,
doing_acti_brv,برآورد,13,bgm_dscf,bgm_dscf,شرح ملاحظات,DataGridViewTextBoxColumn,,,,,,,,
afzayesh_kahesh_brv,برآورد,1,bgm_rad,bgm_rad,ردیف,DataGridViewTextBoxColumn,,35,MiddleCenter,,,,,
afzayesh_kahesh_brv,برآورد,2,bgm_cofh,bgm_cofh,کد فهرست,DataGridViewTextBoxColumn,,65,MiddleCenter,,,,,
afzayesh_kahesh_brv,برآورد,3,fbh_astr_str,fbh_astr_str,*,DataGridViewTextBoxColumn,22,22,MiddleCenter,,,,,None
afzayesh_kahesh_brv,برآورد,4,fbh_abst,fbh_abst,شرح مختصر,DataGridViewTextBoxColumn,,,,,,,,
afzayesh_kahesh_brv,برآورد,5,fbh_desc,fbh_desc,شرح کامل,DataGridViewTextBoxColumn,,,,,,,,
afzayesh_kahesh_brv,برآورد,6,fbh_unit,fbh_unit,واحد,DataGridViewTextBoxColumn,,,MiddleCenter,,,,,
afzayesh_kahesh_brv,برآورد,7,bgm_quan,bgm_quan,مقدار اولیه,DataGridViewTextBoxColumn,,93,,,,,,
afzayesh_kahesh_brv,برآورد,8,bgm_qust,bgm_qust,مقدار محاسبه شده,DataGridViewTextBoxColumn,,97,,,,,,
afzayesh_kahesh_brv,برآورد,9,bgm_qufz,bgm_qufz,مقدار افزایش یافته,DataGridViewTextBoxColumn,,93,,,,,,
afzayesh_kahesh_brv,برآورد,10,bgm_qukh,bgm_qukh,مقدار کاهش یافته,DataGridViewTextBoxColumn,,93,,,,,,
afzayesh_kahesh_brv,برآورد,11,fbh_pcun,fbh_pcun,قیمت واحد پایه,DataGridViewTextBoxColumn,,95,,,,,,
afzayesh_kahesh_brv,برآورد,12,bgm_pcfz,bgm_pcfz,مبلغ افزایش یافته,DataGridViewTextBoxColumn,,101,,,,,,
afzayesh_kahesh_brv,برآورد,13,bgm_pckh,bgm_pckh,مبلغ کاهش یافته,DataGridViewTextBoxColumn,,101,,,,,,
afzayesh_kahesh_acti_brv,برآورد,1,bgm_rad,bgm_rad,ردیف,DataGridViewTextBoxColumn,,35,MiddleCenter,,,,,
afzayesh_kahesh_acti_brv,برآورد,2,bgm_coac,bgm_coac,فعالیت,DataGridViewTextBoxColumn,,40,MiddleCenter,,,,,
afzayesh_kahesh_acti_brv,برآورد,3,bgm_cofh,bgm_cofh,کد فهرست,DataGridViewTextBoxColumn,,65,MiddleCenter,,,,,
afzayesh_kahesh_acti_brv,برآورد,4,fbh_astr_str,fbh_astr_str,*,DataGridViewTextBoxColumn,22,22,MiddleCenter,,,,,None
afzayesh_kahesh_acti_brv,برآورد,5,fbh_abst,fbh_abst,شرح مختصر,DataGridViewTextBoxColumn,,,,,,,,
afzayesh_kahesh_acti_brv,برآورد,6,fbh_desc,fbh_desc,شرح کامل,DataGridViewTextBoxColumn,,,,,,,,
afzayesh_kahesh_acti_brv,برآورد,7,bgm_quan,bgm_quan,مقدار اولیه,DataGridViewTextBoxColumn,,93,,,,,,
afzayesh_kahesh_acti_brv,برآورد,8,bgm_qust,bgm_qust,مقدار محاسبه شده,DataGridViewTextBoxColumn,,97,,,,,,
afzayesh_kahesh_acti_brv,برآورد,9,bgm_qufz,bgm_qufz,مقدار افزایش یافته,DataGridViewTextBoxColumn,,93,,,,,,
afzayesh_kahesh_acti_brv,برآورد,10,bgm_qukh,bgm_qukh,مقدار کاهش یافته,DataGridViewTextBoxColumn,,93,,,,,,
afzayesh_kahesh_acti_brv,برآورد,11,fbh_pcun,fbh_pcun,قیمت واحد پایه,DataGridViewTextBoxColumn,,95,,,,,,
afzayesh_kahesh_acti_brv,برآورد,12,bgm_pcfz,bgm_pcfz,مبلغ افزایش یافته,DataGridViewTextBoxColumn,,101,,,,,,
afzayesh_kahesh_acti_brv,برآورد,13,bgm_pckh,bgm_pckh,مبلغ کاهش یافته,DataGridViewTextBoxColumn,,101,,,,,,
list_tdil_brv,برآورد,1,bgm_rad,bgm_rad,ردیف,DataGridViewTextBoxColumn,,35,MiddleCenter,,,,,
list_tdil_brv,برآورد,2,bgm_cofh,bgm_cofh,کدفهرست,DataGridViewTextBoxColumn,,60,MiddleCenter,,,,,
list_tdil_brv,برآورد,3,fbh_astr_str,fbh_astr_str,*,DataGridViewTextBoxColumn,22,22,MiddleCenter,,,,,None
list_tdil_brv,برآورد,4,fbh_abst,fbh_abst,شرح مختصر,DataGridViewTextBoxColumn,,,,,,,,
list_tdil_brv,برآورد,5,fbh_desc,fbh_desc,شرح کامل,DataGridViewTextBoxColumn,,,,,,,,
list_tdil_brv,برآورد,6,fbh_unit,fbh_unit,واحد,DataGridViewTextBoxColumn,,,MiddleCenter,,,,,
list_tdil_brv,برآورد,7,fbh_pcun,fbh_pcun,بهای واحد,DataGridViewTextBoxColumn,,95,,,,,,
list_tdil_brv,برآورد,8,bgm_quan,bgm_quan,مقدار برآوردی,DataGridViewTextBoxColumn,,95,,,,,,
list_tdil_brv,برآورد,9,bgm_pcal,bgm_pcal,مبلغ برآوردی,DataGridViewTextBoxColumn,,99,,,,,,
list_tdil_brv,برآورد,10,bgm_pcal_tdil_exp,bgm_pcal_tdil_exp,برآوردی+تعدیل,DataGridViewTextBoxColumn,,,,,,,,
list_tdil_brv,برآورد,11,bgm_dscf,bgm_dscf,ملاحظات,DataGridViewTextBoxColumn,,,,,,,,
list_tdil_acti_brv,برآورد,1,bgm_rad,bgm_rad,ردیف,DataGridViewTextBoxColumn,,,MiddleCenter,,,,,
list_tdil_acti_brv,برآورد,2,bgm_coac,bgm_coac,فعالیت,DataGridViewTextBoxColumn,,,MiddleCenter,,,,,
list_tdil_acti_brv,برآورد,3,bgm_cofh,bgm_cofh,کدفهرست,DataGridViewTextBoxColumn,,60,MiddleCenter,,,,,
list_tdil_acti_brv,برآورد,4,fbh_astr_str,fbh_astr_str,*,DataGridViewTextBoxColumn,22,22,MiddleCenter,,,,,None
list_tdil_acti_brv,برآورد,5,fbh_abst,fbh_abst,شرح مختصر,DataGridViewTextBoxColumn,,,,,,,,
list_tdil_acti_brv,برآورد,6,fbh_desc,fbh_desc,شرح کامل,DataGridViewTextBoxColumn,,,,,,,,
list_tdil_acti_brv,برآورد,7,fbh_unit,fbh_unit,واحد,DataGridViewTextBoxColumn,,,MiddleCenter,,,,,
list_tdil_acti_brv,برآورد,8,fbh_pcun,fbh_pcun,بهای واحد,DataGridViewTextBoxColumn,,95,,,,,,
list_tdil_acti_brv,برآورد,9,bgm_quan,bgm_quan,مقدار برآوردی,DataGridViewTextBoxColumn,,95,,,,,,
list_tdil_acti_brv,برآورد,10,bgm_pcal,bgm_pcal,مبلغ برآوردی,DataGridViewTextBoxColumn,,99,,,,,,
list_tdil_acti_brv,برآورد,11,bgm_pcal_tdil_exp,bgm_pcal_tdil_exp,برآوردی+تعدیل,DataGridViewTextBoxColumn,,102,,,,,,
list_tdil_acti_brv,برآورد,12,bgm_dscf,bgm_dscf,ملاحظات,DataGridViewTextBoxColumn,,,,,,,,
list_10000_brv,برآورد,1,bgm_rad,bgm_rad,ردیف,DataGridViewTextBoxColumn,,35,MiddleCenter,,,,,
list_10000_brv,برآورد,2,bgm_cofh,bgm_cofh,کدفهرست,DataGridViewTextBoxColumn,,60,MiddleCenter,,,,,
list_10000_brv,برآورد,3,fbh_astr_str,fbh_astr_str,*,DataGridViewTextBoxColumn,22,22,MiddleCenter,,,,,None
list_10000_brv,برآورد,4,fbh_abst,fbh_abst,شرح مختصر,DataGridViewTextBoxColumn,,,,,,,,
list_10000_brv,برآورد,5,fbh_desc,fbh_desc,شرح کامل,DataGridViewTextBoxColumn,,,,,,,,
list_10000_brv,برآورد,6,fbh_unit,fbh_unit,واحد,DataGridViewTextBoxColumn,,,MiddleCenter,,,,,
list_10000_brv,برآورد,7,fbh_pcun,fbh_pcun,بهای واحد,DataGridViewTextBoxColumn,,95,,,,,,
list_10000_brv,برآورد,8,bgm_quan,bgm_quan,مقدار برآوردی,DataGridViewTextBoxColumn,,95,,,,,,
list_10000_brv,برآورد,9,bgm_pcal,bgm_pcal,مبلغ برآوردی,DataGridViewTextBoxColumn,,99,,,,,,
list_10000_brv,برآورد,10,bgm_pcal10000,bgm_pcal10000,برآوردی*ضریب تعدیل کل,DataGridViewTextBoxColumn,,,,,,,,
list_10000_brv,برآورد,11,bgm_dscf,bgm_dscf,ملاحظات,DataGridViewTextBoxColumn,,,,,,,,
list_srjm_acti_brv,برآورد,1,bgm_rad,bgm_rad,ردیف,DataGridViewTextBoxColumn,,,MiddleCenter,,,,,
list_srjm_acti_brv,برآورد,2,bgm_coac,bgm_coac,فعالیت,DataGridViewTextBoxColumn,,,MiddleCenter,,,,,
list_srjm_acti_brv,برآورد,3,bgm_cofh,bgm_cofh,کدفهرست,DataGridViewTextBoxColumn,,60,MiddleCenter,,,,,
list_srjm_acti_brv,برآورد,4,fbh_astr_str,fbh_astr_str,*,DataGridViewTextBoxColumn,22,22,MiddleCenter,,,,,None
list_srjm_acti_brv,برآورد,5,fbh_abst,fbh_abst,شرح مختصر,DataGridViewTextBoxColumn,,,,,,,,
list_srjm_acti_brv,برآورد,6,fbh_desc,fbh_desc,شرح کامل,DataGridViewTextBoxColumn,,,,,,,,
list_srjm_acti_brv,برآورد,7,fbh_unit,fbh_unit,واحد,DataGridViewTextBoxColumn,,,MiddleCenter,,,,,
list_srjm_acti_brv,برآورد,8,fbh_pcun,fbh_pcun,بهای واحد,DataGridViewTextBoxColumn,,95,,,,,,
list_srjm_acti_brv,برآورد,9,bgm_quan,bgm_quan,مقدار برآوردی,DataGridViewTextBoxColumn,,95,,,,,,
list_srjm_acti_brv,برآورد,10,bgm_pcal,bgm_pcal,مبلغ برآوردی,DataGridViewTextBoxColumn,,99,,,,,,
list_srjm_acti_brv,برآورد,11,bgm_pcalsrjm,bgm_pcalsrjm,برآوردی*ضریب تعدیل کل,DataGridViewTextBoxColumn,,102,,,,,,
list_srjm_acti_brv,برآورد,12,bgm_dscf,bgm_dscf,ملاحظات,DataGridViewTextBoxColumn,,,,,,,,
list_10000_acti_brv,برآورد,1,bgm_rad,bgm_rad,ردیف,DataGridViewTextBoxColumn,,,MiddleCenter,,,,,
list_10000_acti_brv,برآورد,2,bgm_coac,bgm_coac,فعالیت,DataGridViewTextBoxColumn,,,MiddleCenter,,,,,
list_10000_acti_brv,برآورد,3,bgm_cofh,bgm_cofh,کدفهرست,DataGridViewTextBoxColumn,,60,MiddleCenter,,,,,
list_10000_acti_brv,برآورد,4,fbh_astr_str,fbh_astr_str,*,DataGridViewTextBoxColumn,22,22,MiddleCenter,,,,,None
list_10000_acti_brv,برآورد,5,fbh_abst,fbh_abst,شرح مختصر,DataGridViewTextBoxColumn,,,,,,,,
list_10000_acti_brv,برآورد,6,fbh_desc,fbh_desc,شرح کامل,DataGridViewTextBoxColumn,,,,,,,,
list_10000_acti_brv,برآورد,7,fbh_unit,fbh_unit,واحد,DataGridViewTextBoxColumn,,,MiddleCenter,,,,,
list_10000_acti_brv,برآورد,8,fbh_pcun,fbh_pcun,بهای واحد,DataGridViewTextBoxColumn,,95,,,,,,
list_10000_acti_brv,برآورد,9,bgm_quan,bgm_quan,مقدار برآوردی,DataGridViewTextBoxColumn,,95,,,,,,
list_10000_acti_brv,برآورد,10,bgm_pcal,bgm_pcal,مبلغ برآوردی,DataGridViewTextBoxColumn,,99,,,,,,
list_10000_acti_brv,برآورد,11,bgm_pcal10000,bgm_pcal10000,برآوردی*ضریب تعدیل کل,DataGridViewTextBoxColumn,,102,,,,,,
list_10000_acti_brv,برآورد,12,bgm_dscf,bgm_dscf,ملاحظات,DataGridViewTextBoxColumn,,,,,,,,
list_psn,پیشنهاد / پیمان,1,bgm_rad,bgm_rad,ردیف,DataGridViewTextBoxColumn,,30,MiddleCenter,,,,,
list_psn,پیشنهاد / پیمان,2,ity_Summ,ity_Summ,ن,DataGridViewTextBoxColumn,,25,MiddleCenter,,true,,نوع فصل آیتم (مصالح = م ، دستمزد = د ، عادی),None
list_psn,پیشنهاد / پیمان,3,bgm_cofh,bgm_cofh,کد فهرست,DataGridViewTextBoxColumn,,55,MiddleCenter,,,,,
list_psn,پیشنهاد / پیمان,4,fbh_astr_str,fbh_astr_str,*,DataGridViewTextBoxColumn,22,20,MiddleCenter,,,,,None
list_psn,پیشنهاد / پیمان,5,fbh_unit,fbh_unit,واحد,DataGridViewTextBoxColumn,,50,MiddleCenter,,,,,
list_psn,پیشنهاد / پیمان,6,fbh_abst,fbh_abst,شرح مختصر,DataGridViewTextBoxColumn,,,,,,,,Fill
list_psn,پیشنهاد / پیمان,7,fbh_desc,fbh_desc,شرح کامل,DataGridViewTextBoxColumn,,,,,,,,
list_psn,پیشنهاد / پیمان,8,fbh_pcun,fbh_pcun,ریال واحد,DataGridViewTextBoxColumn,,80,,,,,,
list_psn,پیشنهاد / پیمان,9,bgm_quan,bgm_quan,مقدار برآوردی,DataGridViewTextBoxColumn,,90,,,,,,
list_psn,پیشنهاد / پیمان,10,bgm_pcal,bgm_pcal,مبلغ برآوردی,DataGridViewTextBoxColumn,,90,,,,,,
list_psn,پیشنهاد / پیمان,11,fbh_pcun_psn,fbh_pcun_psn,بها واحد پیشنهادی,DataGridViewTextBoxColumn,,90,,,,,,
list_psn,پیشنهاد / پیمان,12,bgm_pcal_psn,bgm_pcal_psn,مبلغ پیشنهادی,DataGridViewTextBoxColumn,,90,,,,,,
list_psn,پیشنهاد / پیمان,13,fbh_prpn,fbh_prpn,%رشد,DataGridViewTextBoxColumn,,45,MiddleCenter,,,,,
list_psn,پیشنهاد / پیمان,14,bgm_dscf,bgm_dscf,ملاحظات,DataGridViewTextBoxColumn,,45,,,,,,
list_acti_psn,پیشنهاد / پیمان,1,bgm_rad,bgm_rad,ردیف,DataGridViewTextBoxColumn,,25,MiddleCenter,,,,,
list_acti_psn,پیشنهاد / پیمان,2,bgm_coac,bgm_coac,فعالیت,DataGridViewTextBoxColumn,40,35,MiddleCenter,,,,,
list_acti_psn,پیشنهاد / پیمان,3,ity_Summ,ity_Summ,ن,DataGridViewTextBoxColumn,,25,MiddleCenter,,true,,نوع فصل آیتم (مصالح = م ، دستمزد = د ، عادی),None
list_acti_psn,پیشنهاد / پیمان,4,bgm_cofh,bgm_cofh,کد فهرست,DataGridViewTextBoxColumn,,50,MiddleCenter,,,,,
list_acti_psn,پیشنهاد / پیمان,5,fbh_astr_str,fbh_astr_str,*,DataGridViewTextBoxColumn,22,20,MiddleCenter,,,,,None
list_acti_psn,پیشنهاد / پیمان,6,fbh_unit,fbh_unit,واحد,DataGridViewTextBoxColumn,,50,MiddleCenter,,,,,
list_acti_psn,پیشنهاد / پیمان,7,fbh_abst,fbh_abst,شرح مختصر,DataGridViewTextBoxColumn,,,,,,,,
list_acti_psn,پیشنهاد / پیمان,8,fbh_desc,fbh_desc,شرح کامل,DataGridViewTextBoxColumn,,,,,,,,
list_acti_psn,پیشنهاد / پیمان,9,fbh_pcun,fbh_pcun,ریال واحد,DataGridViewTextBoxColumn,,70,,,,,,
list_acti_psn,پیشنهاد / پیمان,10,bgm_quan,bgm_quan,مقدار برآوردی,DataGridViewTextBoxColumn,,80,,,,,,
list_acti_psn,پیشنهاد / پیمان,11,bgm_pcal,bgm_pcal,مبلغ برآوردی,DataGridViewTextBoxColumn,,80,,,,,,
list_acti_psn,پیشنهاد / پیمان,12,fbh_pcun_psn,fbh_pcun_psn,بها واحد پیشنهادی,DataGridViewTextBoxColumn,,90,,,,,,
list_acti_psn,پیشنهاد / پیمان,13,bgm_pcal_psn,bgm_pcal_psn,مبلغ پیشنهادی,DataGridViewTextBoxColumn,,80,,,,,,
list_acti_psn,پیشنهاد / پیمان,14,fbh_prpn,fbh_prpn,%رشد,DataGridViewTextBoxColumn,,45,MiddleCenter,,,,,
list_acti_psn,پیشنهاد / پیمان,15,bgm_dscf,bgm_dscf,ملاحظات,DataGridViewTextBoxColumn,,40,,,,,,
nozooli_psn,پیشنهاد / پیمان,1,fhp_abst,fhp_abst,فهرست بهای رشته,DataGridViewTextBoxColumn,,,,,,,,
nozooli_psn,پیشنهاد / پیمان,2,mlt_name_and_nuse,mlt_name_and_nuse,عنوان فصل,DataGridViewTextBoxColumn,,,,,,,,
nozooli_psn,پیشنهاد / پیمان,3,bgm_swf2,bgm_swf2,80,DataGridViewCheckBoxColumn,20,20,,,,,,
nozooli_psn,پیشنهاد / پیمان,4,bgm_cofh,bgm_cofh,شماره,DataGridViewTextBoxColumn,,65,MiddleCenter,,,,,
nozooli_psn,پیشنهاد / پیمان,5,fbh_astr_str,fbh_astr_str,*,DataGridViewTextBoxColumn,22,22,MiddleCenter,,,,,None
nozooli_psn,پیشنهاد / پیمان,6,fbh_desc,fbh_desc,شرح ردیف,DataGridViewTextBoxColumn,,,,,,,,
nozooli_psn,پیشنهاد / پیمان,7,bgm_pcaf_dscr,bgm_pcaf_dscr,+,DataGridViewTextBoxColumn,,,,,,,,
nozooli_psn,پیشنهاد / پیمان,8,bgm_pcaf,bgm_pcaf,بهای کل ردیف,DataGridViewTextBoxColumn,,110,,,,,,
nozooli_psn,پیشنهاد / پیمان,9,bgm_pcaf_psn,bgm_pcaf_psn,بهای کل پیشنهادی,DataGridViewTextBoxColumn,,110,,,,,,
nozooli_acti_psn,پیشنهاد / پیمان,1,fhp_abst,fhp_abst,فهرست بهای رشته,DataGridViewTextBoxColumn,,,,,,,,
nozooli_acti_psn,پیشنهاد / پیمان,2,mlt_name_and_nuse,mlt_name_and_nuse,عنوان فصل,DataGridViewTextBoxColumn,,,,,,,,
nozooli_acti_psn,پیشنهاد / پیمان,3,bgm_coac,bgm_coac,فعالیت,DataGridViewTextBoxColumn,,40,MiddleCenter,,,,,
nozooli_acti_psn,پیشنهاد / پیمان,4,bgm_swf2,bgm_swf2,80,DataGridViewCheckBoxColumn,20,20,,,,,,
nozooli_acti_psn,پیشنهاد / پیمان,5,bgm_cofh,bgm_cofh,شماره,DataGridViewTextBoxColumn,,65,MiddleCenter,,,,,
nozooli_acti_psn,پیشنهاد / پیمان,6,fbh_astr_str,fbh_astr_str,*,DataGridViewTextBoxColumn,22,22,MiddleCenter,,,,,None
nozooli_acti_psn,پیشنهاد / پیمان,7,fbh_desc,fbh_desc,شرح ردیف,DataGridViewTextBoxColumn,,,,,,,,
nozooli_acti_psn,پیشنهاد / پیمان,8,bgm_pcaf_dscr,bgm_pcaf_dscr,+,DataGridViewTextBoxColumn,,,,,,,,
nozooli_acti_psn,پیشنهاد / پیمان,9,bgm_pcaf,bgm_pcaf,بهای کل ردیف,DataGridViewTextBoxColumn,,110,,,,,,
nozooli_acti_psn,پیشنهاد / پیمان,10,bgm_pcaf_psn,bgm_pcaf_psn,بهای کل پیشنهادی,DataGridViewTextBoxColumn,,110,,,,,,
percent65_psn,پیشنهاد / پیمان,1,mlt_name_and_nuse,mlt_name_and_nuse,فصل,DataGridViewTextBoxColumn,,,,,,,,
percent65_psn,پیشنهاد / پیمان,2,bgm_cofh,bgm_cofh,شماره,DataGridViewTextBoxColumn,,65,MiddleCenter,,,,,
percent65_psn,پیشنهاد / پیمان,3,fbh_astr_str,fbh_astr_str,*,DataGridViewTextBoxColumn,22,22,MiddleCenter,,,,,None
percent65_psn,پیشنهاد / پیمان,4,fbh_desc,fbh_desc,شرح ردیف,DataGridViewTextBoxColumn,,,,,,,,
percent65_psn,پیشنهاد / پیمان,5,fbh_unit,fbh_unit,واحد,DataGridViewTextBoxColumn,,,MiddleCenter,,,,,
percent65_psn,پیشنهاد / پیمان,6,bgm_pcuf,bgm_pcuf,بهای واحد,DataGridViewTextBoxColumn,,90,,,,,,
percent65_psn,پیشنهاد / پیمان,7,bgm_quan,bgm_quan,مقدار,DataGridViewTextBoxColumn,,90,,,,,,
percent65_psn,پیشنهاد / پیمان,8,bgm_pcaf,bgm_pcaf,بهای کل ردیف,DataGridViewTextBoxColumn,,95,,,,,,
percent65_psn,پیشنهاد / پیمان,9,bgm_przf,bgm_przf,%ازکل,DataGridViewTextBoxColumn,,45,MiddleCenter,,,,,
percent65_psn,پیشنهاد / پیمان,10,bgm_pcuf_psn,bgm_pcuf_psn,بهای واحد پیشنهادی,DataGridViewTextBoxColumn,,90,,,,,,
percent65_psn,پیشنهاد / پیمان,11,bgm_pcaf_psn,bgm_pcaf_psn,بهای کل پیشنهادی,DataGridViewTextBoxColumn,,95,,,,,,
percent65_acti_psn,پیشنهاد / پیمان,1,mlt_name_and_nuse,mlt_name_and_nuse,عنوان فصل,DataGridViewTextBoxColumn,,,,,,,,
percent65_acti_psn,پیشنهاد / پیمان,2,bgm_coac,bgm_coac,فعالیت,DataGridViewTextBoxColumn,,40,MiddleCenter,,,,,
percent65_acti_psn,پیشنهاد / پیمان,3,bgm_cofh,bgm_cofh,شماره,DataGridViewTextBoxColumn,,65,MiddleCenter,,,,,
percent65_acti_psn,پیشنهاد / پیمان,4,fbh_astr_str,fbh_astr_str,*,DataGridViewTextBoxColumn,22,22,MiddleCenter,,,,,None
percent65_acti_psn,پیشنهاد / پیمان,5,fbh_desc,fbh_desc,شرح ردیف,DataGridViewTextBoxColumn,,,,,,,,
percent65_acti_psn,پیشنهاد / پیمان,6,fbh_unit,fbh_unit,واحد,DataGridViewTextBoxColumn,,,MiddleCenter,,,,,
percent65_acti_psn,پیشنهاد / پیمان,7,bgm_pcuf,bgm_pcuf,بهای واحد,DataGridViewTextBoxColumn,,95,,,,,,
percent65_acti_psn,پیشنهاد / پیمان,8,bgm_quan,bgm_quan,مقدار,DataGridViewTextBoxColumn,,95,,,,,,
percent65_acti_psn,پیشنهاد / پیمان,9,bgm_pcaf,bgm_pcaf,بهای کل ردیف,DataGridViewTextBoxColumn,,95,,,,,,
percent65_acti_psn,پیشنهاد / پیمان,10,bgm_przf,bgm_przf,%ازکل,DataGridViewTextBoxColumn,,45,MiddleCenter,,,,,
percent65_acti_psn,پیشنهاد / پیمان,11,bgm_pcuf_psn,bgm_pcuf_psn,بهای واحد پیشنهادی,DataGridViewTextBoxColumn,,95,,,,,,
percent65_acti_psn,پیشنهاد / پیمان,12,bgm_pcaf_psn,bgm_pcaf_psn,بهای کل پیشنهادی,DataGridViewTextBoxColumn,,95,,,,,,
list_tdnr_psn,پیشنهاد / پیمان,1,bgm_rad,bgm_rad,ردیف,DataGridViewTextBoxColumn,,35,MiddleCenter,,,,,
list_tdnr_psn,پیشنهاد / پیمان,2,bgm_cofh,bgm_cofh,کدفهرست,DataGridViewTextBoxColumn,,60,MiddleCenter,,,,,
list_tdnr_psn,پیشنهاد / پیمان,3,fbh_astr_str,fbh_astr_str,*,DataGridViewTextBoxColumn,22,22,MiddleCenter,,,,,None
list_tdnr_psn,پیشنهاد / پیمان,4,fbh_abst,fbh_abst,شرح مختصر,DataGridViewTextBoxColumn,,,,,,,,
list_tdnr_psn,پیشنهاد / پیمان,5,fbh_desc,fbh_desc,شرح کامل,DataGridViewTextBoxColumn,,,,,,,,
list_tdnr_psn,پیشنهاد / پیمان,6,fbh_unit,fbh_unit,واحد,DataGridViewTextBoxColumn,,,MiddleCenter,,,,,
list_tdnr_psn,پیشنهاد / پیمان,7,fbh_pcun,fbh_pcun,بهای واحد,DataGridViewTextBoxColumn,,95,,,,,,
list_tdnr_psn,پیشنهاد / پیمان,8,bgm_quan,bgm_quan,مقدار برآوردی,DataGridViewTextBoxColumn,,95,,,,,,
list_tdnr_psn,پیشنهاد / پیمان,9,bgm_pcal,bgm_pcal,مبلغ برآوردی,DataGridViewTextBoxColumn,,99,,,,,,
list_tdnr_psn,پیشنهاد / پیمان,10,bgm_pcal_tdil_exp,bgm_pcal_tdil_exp,برآوردی+تعدیل,DataGridViewTextBoxColumn,,102,,,,,,
list_tdnr_psn,پیشنهاد / پیمان,11,fbh_pcun_psn,fbh_pcun_psn,بها واحد پیشنهادی,DataGridViewTextBoxColumn,,105,,,,,,
list_tdnr_psn,پیشنهاد / پیمان,12,bgm_pcal_psn,bgm_pcal_psn,مبلغ پیشنهادی,DataGridViewTextBoxColumn,,110,,,,,,
list_tdnr_psn,پیشنهاد / پیمان,13,bgm_prpn_tdnr,bgm_prpn_tdnr,%رشد,DataGridViewTextBoxColumn,,45,MiddleCenter,,,,,
list_tdnr_psn,پیشنهاد / پیمان,14,bgm_dscf,bgm_dscf,ملاحظات,DataGridViewTextBoxColumn,,,,,,,,
list_tdnr_acti_psn,پیشنهاد / پیمان,1,bgm_rad,bgm_rad,ردیف,DataGridViewTextBoxColumn,,35,MiddleCenter,,,,,
list_tdnr_acti_psn,پیشنهاد / پیمان,2,bgm_coac,bgm_coac,فعالیت,DataGridViewTextBoxColumn,,40,MiddleCenter,,,,,
list_tdnr_acti_psn,پیشنهاد / پیمان,3,bgm_cofh,bgm_cofh,کدفهرست,DataGridViewTextBoxColumn,,60,MiddleCenter,,,,,
list_tdnr_acti_psn,پیشنهاد / پیمان,4,fbh_astr_str,fbh_astr_str,*,DataGridViewTextBoxColumn,22,22,MiddleCenter,,,,,None
list_tdnr_acti_psn,پیشنهاد / پیمان,5,fbh_abst,fbh_abst,شرح مختصر,DataGridViewTextBoxColumn,,,,,,,,
list_tdnr_acti_psn,پیشنهاد / پیمان,6,fbh_desc,fbh_desc,شرح کامل,DataGridViewTextBoxColumn,,,,,,,,
list_tdnr_acti_psn,پیشنهاد / پیمان,7,fbh_unit,fbh_unit,واحد,DataGridViewTextBoxColumn,,,MiddleCenter,,,,,
list_tdnr_acti_psn,پیشنهاد / پیمان,8,fbh_pcun,fbh_pcun,بهای واحد,DataGridViewTextBoxColumn,,95,,,,,,
list_tdnr_acti_psn,پیشنهاد / پیمان,9,bgm_quan,bgm_quan,مقدار برآوردی,DataGridViewTextBoxColumn,,95,,,,,,
list_tdnr_acti_psn,پیشنهاد / پیمان,10,bgm_pcal,bgm_pcal,مبلغ برآوردی,DataGridViewTextBoxColumn,,99,,,,,,
list_tdnr_acti_psn,پیشنهاد / پیمان,11,bgm_pcal_tdil_exp,bgm_pcal_tdil_exp,برآوردی+تعدیل,DataGridViewTextBoxColumn,,102,,,,,,
list_tdnr_acti_psn,پیشنهاد / پیمان,12,fbh_pcun_psn,fbh_pcun_psn,بها واحد پیشنهادی,DataGridViewTextBoxColumn,,105,,,,,,
list_tdnr_acti_psn,پیشنهاد / پیمان,13,bgm_pcal_psn,bgm_pcal_psn,مبلغ پیشنهادی,DataGridViewTextBoxColumn,,110,,,,,,
list_tdnr_acti_psn,پیشنهاد / پیمان,14,bgm_prpn_tdnr,bgm_prpn_tdnr,%رشد,DataGridViewTextBoxColumn,,45,MiddleCenter,,,,,
list_tdnr_acti_psn,پیشنهاد / پیمان,15,bgm_dscf,bgm_dscf,ملاحظات,DataGridViewTextBoxColumn,,,,,,,,
list_tdnv_psn,پیشنهاد / پیمان,1,bgm_rad,bgm_rad,ردیف,DataGridViewTextBoxColumn,,35,MiddleCenter,,,,,
list_tdnv_psn,پیشنهاد / پیمان,2,bgm_cofh,bgm_cofh,کدفهرست,DataGridViewTextBoxColumn,,60,MiddleCenter,,,,,
list_tdnv_psn,پیشنهاد / پیمان,3,fbh_astr_str,fbh_astr_str,*,DataGridViewTextBoxColumn,22,22,MiddleCenter,,,,,None
list_tdnv_psn,پیشنهاد / پیمان,4,fbh_abst,fbh_abst,شرح مختصر,DataGridViewTextBoxColumn,,,,,,,,
list_tdnv_psn,پیشنهاد / پیمان,5,fbh_desc,fbh_desc,شرح کامل,DataGridViewTextBoxColumn,,,,,,,,
list_tdnv_psn,پیشنهاد / پیمان,6,fbh_unit,fbh_unit,واحد,DataGridViewTextBoxColumn,,,MiddleCenter,,,,,
list_tdnv_psn,پیشنهاد / پیمان,7,fbh_pcun,fbh_pcun,بهای واحد,DataGridViewTextBoxColumn,,95,,,,,,
list_tdnv_psn,پیشنهاد / پیمان,8,bgm_quan,bgm_quan,مقدار برآوردی,DataGridViewTextBoxColumn,,95,,,,,,
list_tdnv_psn,پیشنهاد / پیمان,9,bgm_pcal,bgm_pcal,مبلغ برآوردی,DataGridViewTextBoxColumn,,99,,,,,,
list_tdnv_psn,پیشنهاد / پیمان,10,fbh_pcun_psn,fbh_pcun_psn,بها واحد پیشنهادی,DataGridViewTextBoxColumn,,105,,,,,,
list_tdnv_psn,پیشنهاد / پیمان,11,bgm_pcal_psn,bgm_pcal_psn,مبلغ پیشنهادی,DataGridViewTextBoxColumn,,110,,,,,,
list_tdnv_psn,پیشنهاد / پیمان,12,bgm_pcal_psn_tdil_inv_exp,bgm_pcal_psn_tdil_inv_exp,پیشنهادی - تعدیل,DataGridViewTextBoxColumn,,102,,,,,,
list_tdnv_psn,پیشنهاد / پیمان,13,bgm_prpn_tdnv,bgm_prpn_tdnv,%رشد,DataGridViewTextBoxColumn,,45,MiddleCenter,,,,,
list_tdnv_psn,پیشنهاد / پیمان,14,bgm_dscf,bgm_dscf,ملاحظات,DataGridViewTextBoxColumn,,,,,,,,
list_tdnv_acti_psn,پیشنهاد / پیمان,1,bgm_rad,bgm_rad,ردیف,DataGridViewTextBoxColumn,,35,MiddleCenter,,,,,
list_tdnv_acti_psn,پیشنهاد / پیمان,2,bgm_coac,bgm_coac,فعالیت,DataGridViewTextBoxColumn,,40,MiddleCenter,,,,,
list_tdnv_acti_psn,پیشنهاد / پیمان,3,bgm_cofh,bgm_cofh,کدفهرست,DataGridViewTextBoxColumn,,60,MiddleCenter,,,,,
list_tdnv_acti_psn,پیشنهاد / پیمان,4,fbh_astr_str,fbh_astr_str,*,DataGridViewTextBoxColumn,22,22,MiddleCenter,,,,,None
list_tdnv_acti_psn,پیشنهاد / پیمان,5,fbh_abst,fbh_abst,شرح مختصر,DataGridViewTextBoxColumn,,,,,,,,
list_tdnv_acti_psn,پیشنهاد / پیمان,6,fbh_desc,fbh_desc,شرح کامل,DataGridViewTextBoxColumn,,,,,,,,
list_tdnv_acti_psn,پیشنهاد / پیمان,7,fbh_unit,fbh_unit,واحد,DataGridViewTextBoxColumn,,,MiddleCenter,,,,,
list_tdnv_acti_psn,پیشنهاد / پیمان,8,fbh_pcun,fbh_pcun,بهای واحد,DataGridViewTextBoxColumn,,95,,,,,,
list_tdnv_acti_psn,پیشنهاد / پیمان,9,bgm_quan,bgm_quan,مقدار برآوردی,DataGridViewTextBoxColumn,,95,,,,,,
list_tdnv_acti_psn,پیشنهاد / پیمان,10,bgm_pcal,bgm_pcal,مبلغ برآوردی,DataGridViewTextBoxColumn,,99,,,,,,
list_tdnv_acti_psn,پیشنهاد / پیمان,11,fbh_pcun_psn,fbh_pcun_psn,بها واحد پیشنهادی,DataGridViewTextBoxColumn,,105,,,,,,
list_tdnv_acti_psn,پیشنهاد / پیمان,12,bgm_pcal_psn,bgm_pcal_psn,مبلغ پیشنهادی,DataGridViewTextBoxColumn,,110,,,,,,
list_tdnv_acti_psn,پیشنهاد / پیمان,13,bgm_pcal_psn_tdil_inv_exp,bgm_pcal_psn_tdil_inv_exp,پیشنهادی - تعدیل,DataGridViewTextBoxColumn,,102,,,,,,
list_tdnv_acti_psn,پیشنهاد / پیمان,14,bgm_prpn_tdnv,bgm_prpn_tdnv,%رشد,DataGridViewTextBoxColumn,,45,MiddleCenter,,,,,
list_tdnv_acti_psn,پیشنهاد / پیمان,15,bgm_dscf,bgm_dscf,ملاحظات,DataGridViewTextBoxColumn,,,,,,,,
list_svz,صورت‌وضعیت / کارکرد,1,bgm_rad,bgm_rad,ردیف,DataGridViewTextBoxColumn,,32,MiddleCenter,,,,,
list_svz,صورت‌وضعیت / کارکرد,2,ity_Summ,ity_Summ,ن,DataGridViewTextBoxColumn,,25,MiddleCenter,,true,,نوع فصل آیتم (مصالح = م ، دستمزد = د ، عادی),None
list_svz,صورت‌وضعیت / کارکرد,3,bgm_cofh,bgm_cofh,کد فهرست,DataGridViewTextBoxColumn,,65,MiddleCenter,,,,,
list_svz,صورت‌وضعیت / کارکرد,4,fbh_astr_str,fbh_astr_str,*,DataGridViewTextBoxColumn,22,22,MiddleCenter,,,,,None
list_svz,صورت‌وضعیت / کارکرد,5,fbh_abst,fbh_abst,شرح مختصر,DataGridViewTextBoxColumn,,,,,,,,
list_svz,صورت‌وضعیت / کارکرد,6,fbh_desc,fbh_desc,شرح کامل,DataGridViewTextBoxColumn,,,,,,,,
list_svz,صورت‌وضعیت / کارکرد,7,fbh_unit,fbh_unit,واحد کار,DataGridViewTextBoxColumn,,,MiddleCenter,,,,,
list_svz,صورت‌وضعیت / کارکرد,8,fbh_pcun,fbh_pcun,ریال واحد,DataGridViewTextBoxColumn,,95,,,,,,
list_svz,صورت‌وضعیت / کارکرد,9,bgm_qust,bgm_qust,مقدار,DataGridViewTextBoxColumn,,105,,,,,,
list_svz,صورت‌وضعیت / کارکرد,10,bgm_pcst,bgm_pcst,جمع بریال,DataGridViewTextBoxColumn,,110,,,,,,
list_svz,صورت‌وضعیت / کارکرد,11,bgm_dscf,bgm_dscf,ملاحظات,DataGridViewTextBoxColumn,,,,,,,,
list_acti_svz,صورت‌وضعیت / کارکرد,1,bgm_rad,bgm_rad,ردیف,DataGridViewTextBoxColumn,,32,MiddleCenter,,,,,
list_acti_svz,صورت‌وضعیت / کارکرد,2,bgm_coac,bgm_coac,فعالیت,DataGridViewTextBoxColumn,40,40,MiddleCenter,,,,,
list_acti_svz,صورت‌وضعیت / کارکرد,3,ity_Summ,ity_Summ,ن,DataGridViewTextBoxColumn,,25,MiddleCenter,,true,,نوع فصل آیتم (مصالح = م ، دستمزد = د ، عادی),None
list_acti_svz,صورت‌وضعیت / کارکرد,4,bgm_cofh,bgm_cofh,کد فهرست,DataGridViewTextBoxColumn,,65,MiddleCenter,,,,,
list_acti_svz,صورت‌وضعیت / کارکرد,5,fbh_astr_str,fbh_astr_str,*,DataGridViewTextBoxColumn,22,22,MiddleCenter,,,,,None
list_acti_svz,صورت‌وضعیت / کارکرد,6,fbh_abst,fbh_abst,شرح مختصر,DataGridViewTextBoxColumn,,,,,,,,
list_acti_svz,صورت‌وضعیت / کارکرد,7,fbh_desc,fbh_desc,شرح کامل,DataGridViewTextBoxColumn,,,,,,,,
list_acti_svz,صورت‌وضعیت / کارکرد,8,fbh_unit,fbh_unit,واحد کار,DataGridViewTextBoxColumn,,,MiddleCenter,,,,,
list_acti_svz,صورت‌وضعیت / کارکرد,9,fbh_pcun,fbh_pcun,ریال واحد,DataGridViewTextBoxColumn,,95,,,,,,
list_acti_svz,صورت‌وضعیت / کارکرد,10,bgm_qust,bgm_qust,مقدار,DataGridViewTextBoxColumn,,105,,,,,,
list_acti_svz,صورت‌وضعیت / کارکرد,11,bgm_pcst,bgm_pcst,جمع بریال,DataGridViewTextBoxColumn,,110,,,,,,
list_acti_svz,صورت‌وضعیت / کارکرد,12,bgm_dscf,bgm_dscf,ملاحظات,DataGridViewTextBoxColumn,,,,,,,,
list_and_br_svz,صورت‌وضعیت / کارکرد,1,bgm_prcn,bgm_prcn,%انجام,DataGridViewTextBoxColumn,,45,MiddleCenter,,,,,
list_and_br_svz,صورت‌وضعیت / کارکرد,2,bgm_pcal,bgm_pcal,مبلغ برآوردی,DataGridViewTextBoxColumn,,99,,,,,,
list_and_br_svz,صورت‌وضعیت / کارکرد,3,bgm_quan,bgm_quan,مقداربرآوردی,DataGridViewTextBoxColumn,,95,,,,,,
list_and_br_svz,صورت‌وضعیت / کارکرد,4,bgm_rad,bgm_rad,ردیف,DataGridViewTextBoxColumn,,35,MiddleCenter,,,,,
list_and_br_svz,صورت‌وضعیت / کارکرد,5,bgm_cofh,bgm_cofh,کد فهرست,DataGridViewTextBoxColumn,,67,MiddleCenter,,,,,
list_and_br_svz,صورت‌وضعیت / کارکرد,6,fbh_astr_str,fbh_astr_str,*,DataGridViewTextBoxColumn,22,22,MiddleCenter,,,,,None
list_and_br_svz,صورت‌وضعیت / کارکرد,7,fbh_abst,fbh_abst,شرح مختصر,DataGridViewTextBoxColumn,,,,,,,,
list_and_br_svz,صورت‌وضعیت / کارکرد,8,fbh_desc,fbh_desc,شرح کامل,DataGridViewTextBoxColumn,,,,,,,,
list_and_br_svz,صورت‌وضعیت / کارکرد,9,fbh_pcun,fbh_pcun,بهای واحد,DataGridViewTextBoxColumn,,100,,,,,,
list_and_br_svz,صورت‌وضعیت / کارکرد,10,bgm_qust,bgm_qust,مقدار,DataGridViewTextBoxColumn,,105,,,,,,
list_and_br_svz,صورت‌وضعیت / کارکرد,11,bgm_pcst,bgm_pcst,جمع بریال,DataGridViewTextBoxColumn,,110,,,,,,
list_and_br_svz,صورت‌وضعیت / کارکرد,12,bgm_dscf,bgm_dscf,شرح ملاحظات,DataGridViewTextBoxColumn,,,,,,,,
list_and_br_acti_svz,صورت‌وضعیت / کارکرد,1,bgm_prcn,bgm_prcn,%انجام,DataGridViewTextBoxColumn,,45,MiddleCenter,,,,,
list_and_br_acti_svz,صورت‌وضعیت / کارکرد,2,bgm_pcal,bgm_pcal,مبلغ برآوردی,DataGridViewTextBoxColumn,,99,,,,,,
list_and_br_acti_svz,صورت‌وضعیت / کارکرد,3,bgm_quan,bgm_quan,مقداربرآوردی,DataGridViewTextBoxColumn,,95,,,,,,
list_and_br_acti_svz,صورت‌وضعیت / کارکرد,4,bgm_rad,bgm_rad,ردیف,DataGridViewTextBoxColumn,,35,MiddleCenter,,,,,
list_and_br_acti_svz,صورت‌وضعیت / کارکرد,5,bgm_coac,bgm_coac,فعالیت,DataGridViewTextBoxColumn,,40,MiddleCenter,,,,,
list_and_br_acti_svz,صورت‌وضعیت / کارکرد,6,bgm_cofh,bgm_cofh,کد فهرست,DataGridViewTextBoxColumn,,67,MiddleCenter,,,,,
list_and_br_acti_svz,صورت‌وضعیت / کارکرد,7,fbh_astr_str,fbh_astr_str,*,DataGridViewTextBoxColumn,22,22,MiddleCenter,,,,,None
list_and_br_acti_svz,صورت‌وضعیت / کارکرد,8,fbh_abst,fbh_abst,شرح مختصر,DataGridViewTextBoxColumn,,,,,,,,
list_and_br_acti_svz,صورت‌وضعیت / کارکرد,9,fbh_desc,fbh_desc,شرح کامل,DataGridViewTextBoxColumn,,,,,,,,
list_and_br_acti_svz,صورت‌وضعیت / کارکرد,10,fbh_pcun,fbh_pcun,بهای واحد,DataGridViewTextBoxColumn,,100,,,,,,
list_and_br_acti_svz,صورت‌وضعیت / کارکرد,11,bgm_qust,bgm_qust,مقدار,DataGridViewTextBoxColumn,,105,,,,,,
list_and_br_acti_svz,صورت‌وضعیت / کارکرد,12,bgm_pcst,bgm_pcst,جمع بریال,DataGridViewTextBoxColumn,,110,,,,,,
list_and_br_acti_svz,صورت‌وضعیت / کارکرد,13,bgm_dscf,bgm_dscf,شرح ملاحظات,DataGridViewTextBoxColumn,,,,,,,,
list_and_olbr_svz,صورت‌وضعیت / کارکرد,1,bgm_rad,bgm_rad,ردیف,DataGridViewTextBoxColumn,,35,MiddleCenter,,,,,
list_and_olbr_svz,صورت‌وضعیت / کارکرد,2,bgm_cofh,bgm_cofh,کد فهرست,DataGridViewTextBoxColumn,,67,MiddleCenter,,,,,
list_and_olbr_svz,صورت‌وضعیت / کارکرد,3,fbh_astr_str,fbh_astr_str,*,DataGridViewTextBoxColumn,22,22,MiddleCenter,,,,,None
list_and_olbr_svz,صورت‌وضعیت / کارکرد,4,fbh_unit,fbh_unit,واحد کار,DataGridViewTextBoxColumn,,,MiddleCenter,,,,,
list_and_olbr_svz,صورت‌وضعیت / کارکرد,5,fbh_abst,fbh_abst,شرح مختصر,DataGridViewTextBoxColumn,,,,,,,,
list_and_olbr_svz,صورت‌وضعیت / کارکرد,6,fbh_desc,fbh_desc,شرح کامل,DataGridViewTextBoxColumn,,,,,,,,
list_and_olbr_svz,صورت‌وضعیت / کارکرد,7,fbh_pcun,fbh_pcun,بهای واحد,DataGridViewTextBoxColumn,,100,,,,,,
list_and_olbr_svz,صورت‌وضعیت / کارکرد,8,bgm_quan,bgm_quan,مقداربرآوردی,DataGridViewTextBoxColumn,,95,,,,,,
list_and_olbr_svz,صورت‌وضعیت / کارکرد,9,bgm_pcal,bgm_pcal,مبلغ برآوردی,DataGridViewTextBoxColumn,,99,,,,,,
list_and_olbr_svz,صورت‌وضعیت / کارکرد,10,bgm_qust_ol,bgm_qust_ol,مقدارقبلی,DataGridViewTextBoxColumn,,95,,,,,,
list_and_olbr_svz,صورت‌وضعیت / کارکرد,11,bgm_qust_df,bgm_qust_df,مابه التفاوت,DataGridViewTextBoxColumn,,95,,,,,,
list_and_olbr_svz,صورت‌وضعیت / کارکرد,12,bgm_qust,bgm_qust,مقدارتجمعی,DataGridViewTextBoxColumn,,95,,,,,,
list_and_olbr_svz,صورت‌وضعیت / کارکرد,13,bgm_pcst,bgm_pcst,مبلغ تجمعی,DataGridViewTextBoxColumn,,100,,,,,,
list_and_olbr_svz,صورت‌وضعیت / کارکرد,14,bgm_dscf,bgm_dscf,شرح ملاحظات,DataGridViewTextBoxColumn,,,,,,,,
list_and_olbr_acti_svz,صورت‌وضعیت / کارکرد,1,bgm_rad,bgm_rad,ردیف,DataGridViewTextBoxColumn,,35,MiddleCenter,,,,,
list_and_olbr_acti_svz,صورت‌وضعیت / کارکرد,2,bgm_coac,bgm_coac,فعالیت,DataGridViewTextBoxColumn,,40,MiddleCenter,,,,,
list_and_olbr_acti_svz,صورت‌وضعیت / کارکرد,3,bgm_cofh,bgm_cofh,کد فهرست,DataGridViewTextBoxColumn,,67,MiddleCenter,,,,,
list_and_olbr_acti_svz,صورت‌وضعیت / کارکرد,4,fbh_astr_str,fbh_astr_str,*,DataGridViewTextBoxColumn,22,22,MiddleCenter,,,,,None
list_and_olbr_acti_svz,صورت‌وضعیت / کارکرد,5,fbh_abst,fbh_abst,شرح مختصر,DataGridViewTextBoxColumn,,,,,,,,
list_and_olbr_acti_svz,صورت‌وضعیت / کارکرد,6,fbh_desc,fbh_desc,شرح کامل,DataGridViewTextBoxColumn,,,,,,,,
list_and_olbr_acti_svz,صورت‌وضعیت / کارکرد,7,fbh_pcun,fbh_pcun,بهای واحد,DataGridViewTextBoxColumn,,100,,,,,,
list_and_olbr_acti_svz,صورت‌وضعیت / کارکرد,8,bgm_quan,bgm_quan,مقداربرآوردی,DataGridViewTextBoxColumn,,95,,,,,,
list_and_olbr_acti_svz,صورت‌وضعیت / کارکرد,9,bgm_pcal,bgm_pcal,مبلغ برآوردی,DataGridViewTextBoxColumn,,99,,,,,,
list_and_olbr_acti_svz,صورت‌وضعیت / کارکرد,10,bgm_qust_ol,bgm_qust_ol,مقدارقبلی,DataGridViewTextBoxColumn,,95,,,,,,
list_and_olbr_acti_svz,صورت‌وضعیت / کارکرد,11,bgm_qust_df,bgm_qust_df,مابه التفاوت,DataGridViewTextBoxColumn,,95,,,,,,
list_and_olbr_acti_svz,صورت‌وضعیت / کارکرد,12,bgm_qust,bgm_qust,مقدارتجمعی,DataGridViewTextBoxColumn,,95,,,,,,
list_and_olbr_acti_svz,صورت‌وضعیت / کارکرد,13,bgm_pcst,bgm_pcst,مبلغ تجمعی,DataGridViewTextBoxColumn,,,,,,,,
list_and_olbr_acti_svz,صورت‌وضعیت / کارکرد,14,bgm_dscf,bgm_dscf,شرح ملاحظات,DataGridViewTextBoxColumn,,,,,,,,
afzayesh_kahesh_svz,صورت‌وضعیت / کارکرد,1,bgm_rad,bgm_rad,ردیف,DataGridViewTextBoxColumn,,35,MiddleCenter,,,,,
afzayesh_kahesh_svz,صورت‌وضعیت / کارکرد,2,bgm_cofh,bgm_cofh,کد فهرست,DataGridViewTextBoxColumn,,65,MiddleCenter,,,,,
afzayesh_kahesh_svz,صورت‌وضعیت / کارکرد,3,fbh_astr_str,fbh_astr_str,*,DataGridViewTextBoxColumn,22,22,MiddleCenter,,,,,None
afzayesh_kahesh_svz,صورت‌وضعیت / کارکرد,4,fbh_abst,fbh_abst,شرح مختصر,DataGridViewTextBoxColumn,,,,,,,,
afzayesh_kahesh_svz,صورت‌وضعیت / کارکرد,5,fbh_desc,fbh_desc,شرح کامل,DataGridViewTextBoxColumn,,,,,,,,
afzayesh_kahesh_svz,صورت‌وضعیت / کارکرد,6,fbh_unit,fbh_unit,واحد,DataGridViewTextBoxColumn,,,MiddleCenter,,,,,
afzayesh_kahesh_svz,صورت‌وضعیت / کارکرد,7,bgm_quan,bgm_quan,مقدار اولیه,DataGridViewTextBoxColumn,,93,,,,,,
afzayesh_kahesh_svz,صورت‌وضعیت / کارکرد,8,bgm_qust,bgm_qust,مقدار محاسبه شده,DataGridViewTextBoxColumn,,97,,,,,,
afzayesh_kahesh_svz,صورت‌وضعیت / کارکرد,9,bgm_qufz,bgm_qufz,مقدار افزایش یافته,DataGridViewTextBoxColumn,,93,,,,,,
afzayesh_kahesh_svz,صورت‌وضعیت / کارکرد,10,bgm_qukh,bgm_qukh,مقدار کاهش یافته,DataGridViewTextBoxColumn,,93,,,,,,
afzayesh_kahesh_svz,صورت‌وضعیت / کارکرد,11,fbh_pcun,fbh_pcun,قیمت واحد پایه,DataGridViewTextBoxColumn,,95,,,,,,
afzayesh_kahesh_svz,صورت‌وضعیت / کارکرد,12,bgm_pcfz,bgm_pcfz,مبلغ افزایش یافته,DataGridViewTextBoxColumn,,101,,,,,,
afzayesh_kahesh_svz,صورت‌وضعیت / کارکرد,13,bgm_pckh,bgm_pckh,مبلغ کاهش یافته,DataGridViewTextBoxColumn,,101,,,,,,
afzayesh_kahesh_acti_svz,صورت‌وضعیت / کارکرد,1,bgm_rad,bgm_rad,ردیف,DataGridViewTextBoxColumn,,35,MiddleCenter,,,,,
afzayesh_kahesh_acti_svz,صورت‌وضعیت / کارکرد,2,bgm_coac,bgm_coac,فعالیت,DataGridViewTextBoxColumn,,40,MiddleCenter,,,,,
afzayesh_kahesh_acti_svz,صورت‌وضعیت / کارکرد,3,bgm_cofh,bgm_cofh,کد فهرست,DataGridViewTextBoxColumn,,65,MiddleCenter,,,,,
afzayesh_kahesh_acti_svz,صورت‌وضعیت / کارکرد,4,fbh_astr_str,fbh_astr_str,*,DataGridViewTextBoxColumn,22,22,MiddleCenter,,,,,None
afzayesh_kahesh_acti_svz,صورت‌وضعیت / کارکرد,5,fbh_abst,fbh_abst,شرح مختصر,DataGridViewTextBoxColumn,,,,,,,,
afzayesh_kahesh_acti_svz,صورت‌وضعیت / کارکرد,6,fbh_desc,fbh_desc,شرح کامل,DataGridViewTextBoxColumn,,,,,,,,
afzayesh_kahesh_acti_svz,صورت‌وضعیت / کارکرد,7,fbh_unit,fbh_unit,واحد,DataGridViewTextBoxColumn,,,MiddleCenter,,,,,
afzayesh_kahesh_acti_svz,صورت‌وضعیت / کارکرد,8,bgm_quan,bgm_quan,مقدار اولیه,DataGridViewTextBoxColumn,,93,,,,,,
afzayesh_kahesh_acti_svz,صورت‌وضعیت / کارکرد,9,bgm_qust,bgm_qust,مقدار محاسبه شده,DataGridViewTextBoxColumn,,97,,,,,,
afzayesh_kahesh_acti_svz,صورت‌وضعیت / کارکرد,10,bgm_qufz,bgm_qufz,مقدار افزایش یافته,DataGridViewTextBoxColumn,,93,,,,,,
afzayesh_kahesh_acti_svz,صورت‌وضعیت / کارکرد,11,bgm_qukh,bgm_qukh,مقدار کاهش یافته,DataGridViewTextBoxColumn,,93,,,,,,
afzayesh_kahesh_acti_svz,صورت‌وضعیت / کارکرد,12,fbh_pcun,fbh_pcun,قیمت واحد پایه,DataGridViewTextBoxColumn,,95,,,,,,
afzayesh_kahesh_acti_svz,صورت‌وضعیت / کارکرد,13,bgm_pcfz,bgm_pcfz,مبلغ افزایش یافته,DataGridViewTextBoxColumn,,101,,,,,,
afzayesh_kahesh_acti_svz,صورت‌وضعیت / کارکرد,14,bgm_pckh,bgm_pckh,مبلغ کاهش یافته,DataGridViewTextBoxColumn,,101,,,,,,
list_and_ps_svz,صورت‌وضعیت / کارکرد,1,fbh_prpn,fbh_prpn,% پیشنهاد,DataGridViewTextBoxColumn,,45,MiddleCenter,,,,,
list_and_ps_svz,صورت‌وضعیت / کارکرد,2,bgm_pcst_psn,bgm_pcst_psn,مبلغ پیشنهادی,DataGridViewTextBoxColumn,,99,,,,,,
list_and_ps_svz,صورت‌وضعیت / کارکرد,3,fbh_pcun_psn,fbh_pcun_psn,بها واحد پیشنهادی,DataGridViewTextBoxColumn,,95,,,,,,
list_and_ps_svz,صورت‌وضعیت / کارکرد,4,bgm_rad,bgm_rad,ردیف,DataGridViewTextBoxColumn,,35,MiddleCenter,,,,,
list_and_ps_svz,صورت‌وضعیت / کارکرد,5,bgm_cofh,bgm_cofh,کد فهرست,DataGridViewTextBoxColumn,,67,MiddleCenter,,,,,
list_and_ps_svz,صورت‌وضعیت / کارکرد,6,fbh_astr_str,fbh_astr_str,*,DataGridViewTextBoxColumn,22,22,MiddleCenter,,,,,None
list_and_ps_svz,صورت‌وضعیت / کارکرد,7,fbh_unit,fbh_unit,واحد,DataGridViewTextBoxColumn,,,MiddleCenter,,,,,
list_and_ps_svz,صورت‌وضعیت / کارکرد,8,fbh_abst,fbh_abst,شرح مختصر,DataGridViewTextBoxColumn,,,,,,,,
list_and_ps_svz,صورت‌وضعیت / کارکرد,9,fbh_desc,fbh_desc,شرح کامل,DataGridViewTextBoxColumn,,,,,,,,
list_and_ps_svz,صورت‌وضعیت / کارکرد,10,fbh_pcun,fbh_pcun,بهای واحد,DataGridViewTextBoxColumn,,100,,,,,,
list_and_ps_svz,صورت‌وضعیت / کارکرد,11,bgm_qust,bgm_qust,مقدار,DataGridViewTextBoxColumn,,105,,,,,,
list_and_ps_svz,صورت‌وضعیت / کارکرد,12,bgm_pcst,bgm_pcst,جمع بریال,DataGridViewTextBoxColumn,,110,,,,,,
list_and_ps_svz,صورت‌وضعیت / کارکرد,13,bgm_dscf,bgm_dscf,شرح ملاحظات,DataGridViewTextBoxColumn,,,,,,,,
list_and_ps_acti_svz,صورت‌وضعیت / کارکرد,1,fbh_prpn,fbh_prpn,% پیشنهادی,DataGridViewTextBoxColumn,,45,MiddleCenter,,,,,
list_and_ps_acti_svz,صورت‌وضعیت / کارکرد,2,bgm_pcst_psn,bgm_pcst_psn,مبلغ پیشنهادی,DataGridViewTextBoxColumn,,99,,,,,,
list_and_ps_acti_svz,صورت‌وضعیت / کارکرد,3,fbh_pcun_psn,fbh_pcun_psn,بها واحد پیشنهادی,DataGridViewTextBoxColumn,,95,,,,,,
list_and_ps_acti_svz,صورت‌وضعیت / کارکرد,4,bgm_rad,bgm_rad,ردیف,DataGridViewTextBoxColumn,,35,MiddleCenter,,,,,
list_and_ps_acti_svz,صورت‌وضعیت / کارکرد,5,bgm_coac,bgm_coac,فعالیت,DataGridViewTextBoxColumn,,40,MiddleCenter,,,,,
list_and_ps_acti_svz,صورت‌وضعیت / کارکرد,6,bgm_cofh,bgm_cofh,کد فهرست,DataGridViewTextBoxColumn,,67,MiddleCenter,,,,,
list_and_ps_acti_svz,صورت‌وضعیت / کارکرد,7,fbh_astr_str,fbh_astr_str,*,DataGridViewTextBoxColumn,22,22,MiddleCenter,,,,,None
list_and_ps_acti_svz,صورت‌وضعیت / کارکرد,8,fbh_unit,fbh_unit,واحد,DataGridViewTextBoxColumn,,,MiddleCenter,,,,,
list_and_ps_acti_svz,صورت‌وضعیت / کارکرد,9,fbh_abst,fbh_abst,شرح مختصر,DataGridViewTextBoxColumn,,,,,,,,
list_and_ps_acti_svz,صورت‌وضعیت / کارکرد,10,fbh_desc,fbh_desc,شرح کامل,DataGridViewTextBoxColumn,,,,,,,,
list_and_ps_acti_svz,صورت‌وضعیت / کارکرد,11,fbh_pcun,fbh_pcun,بهای واحد,DataGridViewTextBoxColumn,,100,,,,,,
list_and_ps_acti_svz,صورت‌وضعیت / کارکرد,12,bgm_qust,bgm_qust,مقدار,DataGridViewTextBoxColumn,,105,,,,,,
list_and_ps_acti_svz,صورت‌وضعیت / کارکرد,13,bgm_pcst,bgm_pcst,جمع بریال,DataGridViewTextBoxColumn,,110,,,,,,
list_and_ps_acti_svz,صورت‌وضعیت / کارکرد,14,bgm_dscf,bgm_dscf,شرح ملاحظات,DataGridViewTextBoxColumn,,,,,,,,
list_nozr_brv,برآورد,1,mlt_rad,mlt_rad,ردیف,DataGridViewTextBoxColumn,,40,MiddleCenter,,,,,
list_nozr_brv,برآورد,2,mlt_nuse,mlt_nuse,فصل,DataGridViewTextBoxColumn,,45,MiddleCenter,,,,,
list_nozr_brv,برآورد,3,mlt_name,mlt_name,عنوان فصل,DataGridViewTextBoxColumn,,,,,,,,
list_nozr_brv,برآورد,4,ses_pcfh,ses_pcfh,فهرست بها,DataGridViewTextBoxColumn,,,,,,,,
list_nozr_brv,برآورد,5,ses_pcsx,ses_pcsx,ستاره دار,DataGridViewTextBoxColumn,,,,,,,,
list_nozr_brv,برآورد,6,ses_pctl,ses_pctl,جمع برآوردی,DataGridViewTextBoxColumn,,,,,,,,
list_nozr_brv,برآورد,7,ses_prbv,ses_prbv,%وزنی,DataGridViewTextBoxColumn,,50,MiddleCenter,,,,,
list_nozr_brv,برآورد,8,ses_nura,ses_nura,تعداد,DataGridViewTextBoxColumn,,40,MiddleCenter,,,,تعداد ردیف های برگه مالی,
list_nozr_brv,برآورد,9,ses_nuan,ses_nuan,؟آنالیز,DataGridViewTextBoxColumn,,45,MiddleCenter,,,,,
list_zrib_brv,برآورد,1,mlt_rad,mlt_rad,ردیف,DataGridViewTextBoxColumn,,40,MiddleCenter,,,,,
list_zrib_brv,برآورد,2,mlt_nuse,mlt_nuse,فصل,DataGridViewTextBoxColumn,,45,MiddleCenter,,,,,
list_zrib_brv,برآورد,3,mlt_name,mlt_name,عنوان فصل,DataGridViewTextBoxColumn,,,,,,,,
list_zrib_brv,برآورد,4,ses_pcfh_z,ses_pcfh_z,فهرست بها,DataGridViewTextBoxColumn,,,,,,,,
list_zrib_brv,برآورد,5,ses_pcsx_z,ses_pcsx_z,ستاره دار,DataGridViewTextBoxColumn,,,,,,,,
list_zrib_brv,برآورد,6,ses_pctl_z,ses_pctl_z,جمع برآوردی,DataGridViewTextBoxColumn,,,,,,,,
list_zrib_brv,برآورد,7,ses_prbv_z,ses_prbv_z,%وزنی,DataGridViewTextBoxColumn,,50,MiddleCenter,,,,,
list_zrib_brv,برآورد,8,ses_nura,ses_nura,تعداد,DataGridViewTextBoxColumn,,40,MiddleCenter,,,,تعداد ردیف های برگه مالی,
list_zrib_brv,برآورد,9,ses_nuan,ses_nuan,؟آنالیز,DataGridViewTextBoxColumn,,45,MiddleCenter,,,,,
v4951_brv,برآورد,1,mlt_rad,mlt_rad,ردیف,DataGridViewTextBoxColumn,,40,MiddleCenter,,,,,
v4951_brv,برآورد,2,mlt_nuse,mlt_nuse,فصل,DataGridViewTextBoxColumn,,45,MiddleCenter,,,,,
v4951_brv,برآورد,3,mlt_name,mlt_name,عنوان فصل,DataGridViewTextBoxColumn,,,,,,,,
v4951_brv,برآورد,4,ses_49fh,ses_49fh,برآورد فصل (پایه),DataGridViewTextBoxColumn,,,,,,,,
v4951_brv,برآورد,5,ses_49as,ses_49as,برآورد فصل (غیر پایه),DataGridViewTextBoxColumn,,,,,,,,
v4951_brv,برآورد,6,ses_49tl,ses_49tl,جمع برآوردی فصل,DataGridViewTextBoxColumn,,,,,,,,
v4951_brv,برآورد,7,ses_pr49,ses_pr49,%وزنی,DataGridViewTextBoxColumn,,50,MiddleCenter,,,,,
v4951_brv,برآورد,8,ses_nura,ses_nura,تعداد,DataGridViewTextBoxColumn,,45,MiddleCenter,,,,تعداد ردیف های برگه مالی,
v4951_brv,برآورد,9,ses_nuan,ses_nuan,؟آنالیز,DataGridViewTextBoxColumn,,45,MiddleCenter,,,,,
list_63219_brv,برآورد,1,mlt_rad,mlt_rad,ردیف,DataGridViewTextBoxColumn,,40,MiddleCenter,,,,,
list_63219_brv,برآورد,2,mlt_nuse,mlt_nuse,فصل,DataGridViewTextBoxColumn,,40,MiddleCenter,,,,,
list_63219_brv,برآورد,3,mlt_name,mlt_name,عنوان فصل,DataGridViewTextBoxColumn,,,,,,,,
list_63219_brv,برآورد,4,ses_pctl,ses_pctl,مبلغ فصل,DataGridViewTextBoxColumn,,,,,,,,
list_63219_brv,برآورد,5,ses_pctl_z,ses_pctl_z,مبلغ فصل با احتساب ضرایب,DataGridViewTextBoxColumn,,,,,,,,
doing_nozr_brv,برآورد,1,ses_prwo,ses_prwo,%اجرا,DataGridViewTextBoxColumn,,45,MiddleCenter,,,,,
doing_nozr_brv,برآورد,2,ses_pcwo,ses_pcwo,جمع اجرا شده,DataGridViewTextBoxColumn,,,,,,,,
doing_nozr_brv,برآورد,3,mlt_nuse,mlt_nuse,فصل,DataGridViewTextBoxColumn,,40,MiddleCenter,,,,,
doing_nozr_brv,برآورد,4,mlt_name,mlt_name,عنوان فصل,DataGridViewTextBoxColumn,,,,,,,,
doing_nozr_brv,برآورد,5,ses_pcfh,ses_pcfh,فهرست بها,DataGridViewTextBoxColumn,,,,,,,,
doing_nozr_brv,برآورد,6,ses_pcsx,ses_pcsx,ستاره دار,DataGridViewTextBoxColumn,,,,,,,,
doing_nozr_brv,برآورد,7,ses_pctl,ses_pctl,جمع برآوردی,DataGridViewTextBoxColumn,,,,,,,,
doing_nozr_brv,برآورد,8,ses_prbv,ses_prbv,%وزنی,DataGridViewTextBoxColumn,,50,MiddleCenter,,,,,
doing_nozr_brv,برآورد,9,ses_nura,ses_nura,تعداد,DataGridViewTextBoxColumn,,40,MiddleCenter,,,,تعداد ردیف های برگه مالی,
doing_nozr_brv,برآورد,10,ses_nuan,ses_nuan,؟آنالیز,DataGridViewTextBoxColumn,,45,MiddleCenter,,,,,
doing_zrib_brv,برآورد,1,ses_prwo_z,ses_prwo_z,%اجرا,DataGridViewTextBoxColumn,,45,MiddleCenter,,,,,
doing_zrib_brv,برآورد,2,ses_pcwo_z,ses_pcwo_z,جمع اجرا شده,DataGridViewTextBoxColumn,,,,,,,,
doing_zrib_brv,برآورد,3,mlt_nuse,mlt_nuse,فصل,DataGridViewTextBoxColumn,,40,MiddleCenter,,,,,
doing_zrib_brv,برآورد,4,mlt_name,mlt_name,عنوان فصل,DataGridViewTextBoxColumn,,,,,,,,
doing_zrib_brv,برآورد,5,ses_pcfh_z,ses_pcfh_z,فهرست بها,DataGridViewTextBoxColumn,,,,,,,,
doing_zrib_brv,برآورد,6,ses_pcsx_z,ses_pcsx_z,ستاره دار,DataGridViewTextBoxColumn,,,,,,,,
doing_zrib_brv,برآورد,7,ses_pctl_z,ses_pctl_z,جمع برآوردی,DataGridViewTextBoxColumn,,,,,,,,
doing_zrib_brv,برآورد,8,ses_prbv_z,ses_prbv_z,%وزنی,DataGridViewTextBoxColumn,,50,MiddleCenter,,,,,
doing_zrib_brv,برآورد,9,ses_nura,ses_nura,تعداد,DataGridViewTextBoxColumn,,40,MiddleCenter,,,,تعداد ردیف های برگه مالی,
doing_zrib_brv,برآورد,10,ses_nuan,ses_nuan,؟آنالیز,DataGridViewTextBoxColumn,,45,MiddleCenter,,,,,
afzayesh_kahesh_nozr_brv,برآورد,1,mlt_rad,mlt_rad,ردیف,DataGridViewTextBoxColumn,,40,MiddleCenter,,,,,
afzayesh_kahesh_nozr_brv,برآورد,2,mlt_nuse,mlt_nuse,فصل,DataGridViewTextBoxColumn,,45,MiddleCenter,,,,,
afzayesh_kahesh_nozr_brv,برآورد,3,mlt_name,mlt_name,عنوان فصل,DataGridViewTextBoxColumn,,,,,,,,
afzayesh_kahesh_nozr_brv,برآورد,4,ses_pctl,ses_pctl,جمع برآورد شده,DataGridViewTextBoxColumn,,,,,,,,
afzayesh_kahesh_nozr_brv,برآورد,5,ses_pcwo,ses_pcwo,جمع اجرا شده,DataGridViewTextBoxColumn,,,,,,,,
afzayesh_kahesh_nozr_brv,برآورد,6,ses_pcwo_new,ses_pcwo_new,قیمت جدید,DataGridViewTextBoxColumn,,,,,,,,
afzayesh_kahesh_nozr_brv,برآورد,7,ses_pcwo_afza,ses_pcwo_afza,افزایش یافته,DataGridViewTextBoxColumn,,,,,,,,
afzayesh_kahesh_nozr_brv,برآورد,8,ses_pcwo_fznew,ses_pcwo_fznew,افزایش یافته + قیمت جدید,DataGridViewTextBoxColumn,,,,,,,,
afzayesh_kahesh_nozr_brv,برآورد,9,ses_pcwo_kahe,ses_pcwo_kahe,کاهش یافته,DataGridViewTextBoxColumn,,,,,,,,
afzayesh_kahesh_zrib_brv,برآورد,1,mlt_rad,mlt_rad,ردیف,DataGridViewTextBoxColumn,,40,MiddleCenter,,,,,
afzayesh_kahesh_zrib_brv,برآورد,2,mlt_nuse,mlt_nuse,فصل,DataGridViewTextBoxColumn,,45,MiddleCenter,,,,,
afzayesh_kahesh_zrib_brv,برآورد,3,mlt_name,mlt_name,عنوان فصل,DataGridViewTextBoxColumn,,,,,,,,
afzayesh_kahesh_zrib_brv,برآورد,4,ses_pctl_z,ses_pctl_z,جمع برآوردشده,DataGridViewTextBoxColumn,,,,,,,,
afzayesh_kahesh_zrib_brv,برآورد,5,ses_pcwo_z,ses_pcwo_z,جمع اجرا شده,DataGridViewTextBoxColumn,,,,,,,,
afzayesh_kahesh_zrib_brv,برآورد,6,ses_pcwo_new_z,ses_pcwo_new_z,قیمت جدید,DataGridViewTextBoxColumn,,,,,,,,
afzayesh_kahesh_zrib_brv,برآورد,7,ses_pcwo_afza_z,ses_pcwo_afza_z,افزایش یافته,DataGridViewTextBoxColumn,,,,,,,,
afzayesh_kahesh_zrib_brv,برآورد,8,ses_pcwo_fznew_z,ses_pcwo_fznew_z,افزایش یافته + قیمت جدید,DataGridViewTextBoxColumn,,,,,,,,
afzayesh_kahesh_zrib_brv,برآورد,9,ses_pcwo_kahe_z,ses_pcwo_kahe_z,کاهش یافته,DataGridViewTextBoxColumn,,,,,,,,
list_tdil_nozr_brv,برآورد,1,mlt_rad,mlt_rad,ردیف,DataGridViewTextBoxColumn,,40,MiddleCenter,,,,,
list_tdil_nozr_brv,برآورد,2,mlt_nuse,mlt_nuse_nusu,فصل,DataGridViewTextBoxColumn,,40,MiddleCenter,,true,,,
list_tdil_nozr_brv,برآورد,3,mlt_name,mlt_name,عنوان فصل,DataGridViewTextBoxColumn,,,,,true,,,
list_tdil_nozr_brv,برآورد,4,ses_pcfh_tdil,ses_pcfh_tdil,فهرست بها + تعدیل,DataGridViewTextBoxColumn,,,,,,,,
list_tdil_nozr_brv,برآورد,5,ses_pcsx_tdil,ses_pcsx_tdil,ستاره دار + تعدیل,DataGridViewTextBoxColumn,,,,,,,,
list_tdil_nozr_brv,برآورد,6,ses_pctl_tdil,ses_pctl_tdil,جمع برآوردی + تعدیل,DataGridViewTextBoxColumn,,,,,,,,
list_tdil_nozr_brv,برآورد,7,ses_prbv_tdil,ses_prbv_tdil,%وزنی,DataGridViewTextBoxColumn,,50,MiddleCenter,,,,,
list_tdil_nozr_brv,برآورد,8,shk_pd_m,shk_pd_m,شاخص مبنا,DataGridViewTextBoxColumn,,,MiddleCenter,,,,,
list_tdil_nozr_brv,برآورد,9,shk_pd_j,shk_pd_j,شاخص جاری,DataGridViewTextBoxColumn,,,MiddleCenter,,,,,
list_tdil_zrib_brv,برآورد,1,mlt_rad,mlt_rad,ردیف,DataGridViewTextBoxColumn,,40,MiddleCenter,,,,,
list_tdil_zrib_brv,برآورد,2,mlt_nuse,mlt_nuse_nusu,فصل,DataGridViewTextBoxColumn,,40,MiddleCenter,,true,,,
list_tdil_zrib_brv,برآورد,3,mlt_name,mlt_name,عنوان فصل,DataGridViewTextBoxColumn,,,,,true,,,
list_tdil_zrib_brv,برآورد,4,ses_pcfh_tdil_z,ses_pcfh_tdil_z,فهرست بها + تعدیل,DataGridViewTextBoxColumn,,,,,,,,
list_tdil_zrib_brv,برآورد,5,ses_pcsx_tdil_z,ses_pcsx_tdil_z,ستاره دار + تعدیل,DataGridViewTextBoxColumn,,,,,,,,
list_tdil_zrib_brv,برآورد,6,ses_pctl_tdil_z,ses_pctl_tdil_z,جمع برآوردی + تعدیل,DataGridViewTextBoxColumn,,,,,,,,
list_tdil_zrib_brv,برآورد,7,ses_prbv_tdil_z,ses_prbv_tdil_z,%وزنی,DataGridViewTextBoxColumn,,50,MiddleCenter,,,,,
list_tdil_zrib_brv,برآورد,8,shk_pd_m,shk_pd_m,شاخص مبنا,DataGridViewTextBoxColumn,,,MiddleCenter,,,,,
list_tdil_zrib_brv,برآورد,9,shk_pd_j,shk_pd_j,شاخص جاری,DataGridViewTextBoxColumn,,,MiddleCenter,,,,,
list_seas10000_brv,برآورد,1,mlt_nuse,mlt_nuse,فصل,DataGridViewTextBoxColumn,,40,MiddleCenter,,,,,
list_seas10000_brv,برآورد,2,mlt_name,mlt_name,عنوان فصل,DataGridViewTextBoxColumn,,100,,,,,,
list_seas10000_brv,برآورد,3,shk_pd_m,shk_eblaghi,آخرین شاخص ابلاغی   A,DataGridViewTextBoxColumn,,50,MiddleCenter,,,,,
list_seas10000_brv,برآورد,4,shk_pd_j,shk_pd_m,دوره مبنای فهرست   B,DataGridViewTextBoxColumn,,,MiddleCenter,,,,,
list_seas10000_brv,برآورد,5,shk_pd_j,shk_motanazer,دوره متناظر ابلاغی   C,DataGridViewTextBoxColumn,,,MiddleCenter,,,,,
list_seas10000_brv,برآورد,6,ses_prcn_dore_10000,ses_prcn_dore_10000,درصد رشد هردوره D= 100*(A/C-1)/4,DataGridViewTextBoxColumn,,,MiddleCenter,,,,,
list_seas10000_brv,برآورد,7,ses_zrib_kol_10000,ses_zrib_kol_10000,ضریب رشد کل E1= N*D/100+1,DataGridViewTextBoxColumn,,,MiddleCenter,,,,,
list_seas10000_brv,برآورد,8,ses_tdil_10000,ses_zrib_tdil_10000,ضریب تعدیل کل E= E1*A/B-1,DataGridViewTextBoxColumn,,,MiddleCenter,,,,,
list_seas10000_brv,برآورد,9,ses_pctl,ses_pctl,مبلغ ریالی بدون احتساب ضرایب F,DataGridViewTextBoxColumn,,,,,,,,
list_seas10000_brv,برآورد,10,ses_pctl_z,ses_pctl_z,مبلغ ریالی با احتساب ضرایب F*ضرایب=P,DataGridViewTextBoxColumn,,,,,,,,
list_seas10000_brv,برآورد,11,ses_pctd_10000,ses_pctd_10000,مبلغ تعدیل EQ=E*P,DataGridViewTextBoxColumn,,,,,,,,
list_seas10000_brv,برآورد,12,ses_pctl_10000,ses_pctl_10000,مبلغ ریالی کل C=EQ+P,DataGridViewTextBoxColumn,,,,,,,,
list_nozr_psn,پیشنهاد / پیمان,1,mlt_rad,mlt_rad,ردیف,DataGridViewTextBoxColumn,,35,MiddleCenter,,,,,
list_nozr_psn,پیشنهاد / پیمان,2,mlt_nuse,mlt_nuse,فصل,DataGridViewTextBoxColumn,,35,MiddleCenter,,,,,
list_nozr_psn,پیشنهاد / پیمان,3,mlt_name,mlt_name,عنوان فصل,DataGridViewTextBoxColumn,,,,,,,,
list_nozr_psn,پیشنهاد / پیمان,4,ses_pcfh,ses_pcfh,فهرست بها,DataGridViewTextBoxColumn,,,,,,,,
list_nozr_psn,پیشنهاد / پیمان,5,ses_pcsx,ses_pcsx,ستاره دار,DataGridViewTextBoxColumn,,,,,,,,
list_nozr_psn,پیشنهاد / پیمان,6,ses_pctl,ses_pctl,جمع برآوردی,DataGridViewTextBoxColumn,,,,,,,,
list_nozr_psn,پیشنهاد / پیمان,7,ses_prbv,ses_prbv,%وزنی,DataGridViewTextBoxColumn,,45,MiddleCenter,,,,,
list_nozr_psn,پیشنهاد / پیمان,8,ses_pctl_psn,ses_pctl_psn,جمع پیشنهادی,DataGridViewTextBoxColumn,,,,,,,,
list_nozr_psn,پیشنهاد / پیمان,9,ses_prbv_psn,ses_prbv_psn,%وزنی,DataGridViewTextBoxColumn,,45,MiddleCenter,,,,,
list_nozr_psn,پیشنهاد / پیمان,10,ses_pr_roshd,ses_pr_roshd,%رشد,DataGridViewTextBoxColumn,,50,MiddleCenter,,,,,
list_zrib_psn,پیشنهاد / پیمان,1,mlt_rad,mlt_rad,ردیف,DataGridViewTextBoxColumn,,35,MiddleCenter,,,,,
list_zrib_psn,پیشنهاد / پیمان,2,mlt_nuse,mlt_nuse,فصل,DataGridViewTextBoxColumn,,35,MiddleCenter,,,,,
list_zrib_psn,پیشنهاد / پیمان,3,mlt_name,mlt_name,عنوان فصل,DataGridViewTextBoxColumn,,,,,,,,
list_zrib_psn,پیشنهاد / پیمان,4,ses_pcfh_z,ses_pcfh_z,فهرست بها,DataGridViewTextBoxColumn,,,,,,,,
list_zrib_psn,پیشنهاد / پیمان,5,ses_pcsx_z,ses_pcsx_z,ستاره دار,DataGridViewTextBoxColumn,,,,,,,,
list_zrib_psn,پیشنهاد / پیمان,6,ses_pctl_z,ses_pctl_z,جمع برآوردی,DataGridViewTextBoxColumn,,,,,,,,
list_zrib_psn,پیشنهاد / پیمان,7,ses_prbv_z,ses_prbv_z,%وزنی,DataGridViewTextBoxColumn,,45,MiddleCenter,,,,,
list_zrib_psn,پیشنهاد / پیمان,8,ses_pctl_psn_z,ses_pctl_psn_z,جمع پیشنهادی,DataGridViewTextBoxColumn,,,,,,,,
list_zrib_psn,پیشنهاد / پیمان,9,ses_prbv_psn_z,ses_prbv_psn_z,%وزنی,DataGridViewTextBoxColumn,,45,MiddleCenter,,,,,
list_zrib_psn,پیشنهاد / پیمان,10,ses_pr_roshd_z,ses_pr_roshd_z,%رشد,DataGridViewTextBoxColumn,,50,MiddleCenter,,,,,
v4951_psn,پیشنهاد / پیمان,1,mlt_rad,mlt_rad,ردیف,DataGridViewTextBoxColumn,,35,MiddleCenter,,,,,
v4951_psn,پیشنهاد / پیمان,2,mlt_nuse,mlt_nuse,فصل,DataGridViewTextBoxColumn,,35,MiddleCenter,,,,,
v4951_psn,پیشنهاد / پیمان,3,mlt_name,mlt_name,عنوان فصل,DataGridViewTextBoxColumn,,,,,,,,
v4951_psn,پیشنهاد / پیمان,4,ses_49fh,ses_49fh,برآوردفصل(پایه),DataGridViewTextBoxColumn,,,,,,,,
v4951_psn,پیشنهاد / پیمان,5,ses_49as,ses_49as,برآوردفصل(غیرپایه),DataGridViewTextBoxColumn,,,,,,,,
v4951_psn,پیشنهاد / پیمان,6,ses_49tl,ses_49tl,جمع برآوردی فصل,DataGridViewTextBoxColumn,,,,,,,,
v4951_psn,پیشنهاد / پیمان,7,ses_pr49,ses_pr49,%وزنی,DataGridViewTextBoxColumn,,45,MiddleCenter,,,,,
v4951_psn,پیشنهاد / پیمان,8,ses_nura,ses_nura,تعداد,DataGridViewTextBoxColumn,,45,MiddleCenter,,,,تعداد ردیف های برگه مالی,
v4951_psn,پیشنهاد / پیمان,9,ses_nuan,ses_nuan,؟آنالیز,DataGridViewTextBoxColumn,,45,MiddleCenter,,,,,
v4951_psn,پیشنهاد / پیمان,10,ses_49tl_psn,ses_49tl_psn,پیشنهادی پیمانکار,DataGridViewTextBoxColumn,,,,,,,,
v4951_psn,پیشنهاد / پیمان,11,ses_roshd49,ses_roshd49,%رشد,DataGridViewTextBoxColumn,,55,MiddleCenter,,,,,
list_63219_psn,پیشنهاد / پیمان,1,mlt_nuse,mlt_nuse,فصل,DataGridViewTextBoxColumn,,35,MiddleCenter,,,,,
list_63219_psn,پیشنهاد / پیمان,2,mlt_name,mlt_name,عنوان فصل,DataGridViewTextBoxColumn,,,,,,,,
list_63219_psn,پیشنهاد / پیمان,3,ses_pctl,ses_pctl,مبلغ فصل,DataGridViewTextBoxColumn,,,,,,,,
list_63219_psn,پیشنهاد / پیمان,4,ses_pctl_z,ses_pctl_z,مبلغ فصل با احتساب ضرایب,DataGridViewTextBoxColumn,,,,,,,,
list_63219_psn,پیشنهاد / پیمان,5,ses_pctl_psn_z,ses_pctl_psn_z,پیشنهادی پیمانکار با احتساب ضرایب,DataGridViewTextBoxColumn,,,,,,,,
list_63219_psn,پیشنهاد / پیمان,6,ses_zr_roshd_z,ses_zr_roshd_z,ضریب پیشنهادی جزء,DataGridViewTextBoxColumn,,,MiddleCenter,,,,,
list_tdnr_nozr_psn,پیشنهاد / پیمان,1,mlt_nuse,mlt_nuse_nusu,فصل,DataGridViewTextBoxColumn,,40,MiddleCenter,,true,,,
list_tdnr_nozr_psn,پیشنهاد / پیمان,2,mlt_name,mlt_name,عنوان فصل,DataGridViewTextBoxColumn,,,,,true,,,
list_tdnr_nozr_psn,پیشنهاد / پیمان,3,ses_pcfh_tdil,ses_pcfh_tdil,فهرست بها + تعدیل,DataGridViewTextBoxColumn,,,,,,,,
list_tdnr_nozr_psn,پیشنهاد / پیمان,4,ses_pcsx_tdil,ses_pcsx_tdil,ستاره دار + تعدیل,DataGridViewTextBoxColumn,,,,,,,,
list_tdnr_nozr_psn,پیشنهاد / پیمان,5,ses_pctl_tdil,ses_pctl_tdil,جمع برآوردی + تعدیل,DataGridViewTextBoxColumn,,,,,,,,
list_tdnr_nozr_psn,پیشنهاد / پیمان,6,ses_prbv_tdil,ses_prbv_tdil,%وزنی,DataGridViewTextBoxColumn,,50,MiddleCenter,,,,,
list_tdnr_nozr_psn,پیشنهاد / پیمان,7,ses_pctl_psn,ses_pctl_psn,جمع پیشنهادی,DataGridViewTextBoxColumn,,,,,,,,
list_tdnr_nozr_psn,پیشنهاد / پیمان,8,ses_prbv_psn,ses_prbv_psn,%وزنی,DataGridViewTextBoxColumn,,50,MiddleCenter,,,,,
list_tdnr_nozr_psn,پیشنهاد / پیمان,9,ses_pr_roshd_tdil,ses_pr_roshd_tdil,%رشد,DataGridViewTextBoxColumn,,50,MiddleCenter,,,,,
list_tdnr_nozr_psn,پیشنهاد / پیمان,10,shk_pd_m,shk_pd_m,شاخص مبنا,DataGridViewTextBoxColumn,,,MiddleCenter,,,,,
list_tdnr_nozr_psn,پیشنهاد / پیمان,11,shk_pd_j,shk_pd_j,شاخص جاری,DataGridViewTextBoxColumn,,,MiddleCenter,,,,,
list_tdnr_zrib_psn,پیشنهاد / پیمان,1,mlt_nuse,mlt_nuse_nusu,فصل,DataGridViewTextBoxColumn,,40,MiddleCenter,,true,,,
list_tdnr_zrib_psn,پیشنهاد / پیمان,2,mlt_name,mlt_name,عنوان فصل,DataGridViewTextBoxColumn,,,,,true,,,
list_tdnr_zrib_psn,پیشنهاد / پیمان,3,ses_pcfh_tdil_z,ses_pcfh_tdil_z,فهرست بها + تعدیل,DataGridViewTextBoxColumn,,,,,,,,
list_tdnr_zrib_psn,پیشنهاد / پیمان,4,ses_pcsx_tdil_z,ses_pcsx_tdil_z,ستاره دار + تعدیل,DataGridViewTextBoxColumn,,,,,,,,
list_tdnr_zrib_psn,پیشنهاد / پیمان,5,ses_pctl_tdil_z,ses_pctl_tdil_z,جمع برآوردی + تعدیل,DataGridViewTextBoxColumn,,,,,,,,
list_tdnr_zrib_psn,پیشنهاد / پیمان,6,ses_prbv_tdil_z,ses_prbv_tdil_z,%وزنی,DataGridViewTextBoxColumn,,50,MiddleCenter,,,,,
list_tdnr_zrib_psn,پیشنهاد / پیمان,7,ses_pctl_psn_z,ses_pctl_psn_z,جمع پیشنهادی,DataGridViewTextBoxColumn,,,,,,,,
list_tdnr_zrib_psn,پیشنهاد / پیمان,8,ses_prbv_psn_z,ses_prbv_psn_z,%وزنی,DataGridViewTextBoxColumn,,50,MiddleCenter,,,,,
list_tdnr_zrib_psn,پیشنهاد / پیمان,9,ses_pr_roshd_tdil_z,ses_pr_roshd_tdil_z,%رشد,DataGridViewTextBoxColumn,,50,MiddleCenter,,,,,
list_tdnr_zrib_psn,پیشنهاد / پیمان,10,shk_pd_m,shk_pd_m,شاخص مبنا,DataGridViewTextBoxColumn,,,MiddleCenter,,,,,
list_tdnr_zrib_psn,پیشنهاد / پیمان,11,shk_pd_j,shk_pd_j,شاخص جاری,DataGridViewTextBoxColumn,,,MiddleCenter,,,,,
list_tdnv_nozr_psn,پیشنهاد / پیمان,1,mlt_nuse,mlt_nuse_nusu,فصل,DataGridViewTextBoxColumn,,35,MiddleCenter,,true,,,
list_tdnv_nozr_psn,پیشنهاد / پیمان,2,mlt_name,mlt_name,عنوان فصل,DataGridViewTextBoxColumn,,,,,true,,,
list_tdnv_nozr_psn,پیشنهاد / پیمان,3,ses_pcfh,ses_pcfh,فهرست بها,DataGridViewTextBoxColumn,,,,,,,,
list_tdnv_nozr_psn,پیشنهاد / پیمان,4,ses_pcsx,ses_pcsx,ستاره دار,DataGridViewTextBoxColumn,,,,,,,,
list_tdnv_nozr_psn,پیشنهاد / پیمان,5,ses_pctl,ses_pctl,جمع برآوردی,DataGridViewTextBoxColumn,,,,,,,,
list_tdnv_nozr_psn,پیشنهاد / پیمان,6,ses_prbv,ses_prbv,%وزنی,DataGridViewTextBoxColumn,,50,MiddleCenter,,,,,
list_tdnv_nozr_psn,پیشنهاد / پیمان,7,ses_pctl_tdil_psn,ses_pctl_tdil_psn,پیشنهادی - تعدیل,DataGridViewTextBoxColumn,,,,,,,,
list_tdnv_nozr_psn,پیشنهاد / پیمان,8,ses_prbv_psn,ses_prbv_psn,%وزنی,DataGridViewTextBoxColumn,,50,MiddleCenter,,,,,
list_tdnv_nozr_psn,پیشنهاد / پیمان,9,ses_pr_roshd_tdil_psn,ses_pr_roshd_tdil_psn,%رشد,DataGridViewTextBoxColumn,,50,MiddleCenter,,,,,
list_tdnv_nozr_psn,پیشنهاد / پیمان,10,shk_pd_m,shk_pd_m,شاخص مبنا,DataGridViewTextBoxColumn,,,MiddleCenter,,,,,
list_tdnv_nozr_psn,پیشنهاد / پیمان,11,shk_pd_j,shk_pd_j,شاخص جاری,DataGridViewTextBoxColumn,,,MiddleCenter,,,,,
list_tdnv_zrib_psn,پیشنهاد / پیمان,1,mlt_nuse,mlt_nuse_nusu,فصل,DataGridViewTextBoxColumn,,35,MiddleCenter,,true,,,
list_tdnv_zrib_psn,پیشنهاد / پیمان,2,mlt_name,mlt_name,عنوان فصل,DataGridViewTextBoxColumn,,,,,true,,,
list_tdnv_zrib_psn,پیشنهاد / پیمان,3,ses_pcfh_z,ses_pcfh_z,فهرست بها,DataGridViewTextBoxColumn,,,,,,,,
list_tdnv_zrib_psn,پیشنهاد / پیمان,4,ses_pcsx_z,ses_pcsx_z,ستاره دار,DataGridViewTextBoxColumn,,,,,,,,
list_tdnv_zrib_psn,پیشنهاد / پیمان,5,ses_pctl_z,ses_pctl_z,جمع برآوردی,DataGridViewTextBoxColumn,,,,,,,,
list_tdnv_zrib_psn,پیشنهاد / پیمان,6,ses_prbv_z,ses_prbv_z,%وزنی,DataGridViewTextBoxColumn,,50,MiddleCenter,,,,,
list_tdnv_zrib_psn,پیشنهاد / پیمان,7,ses_pctl_tdil_psn_z,ses_pctl_tdil_psn_z,پیشنهادی - تعدیل,DataGridViewTextBoxColumn,,,,,,,,
list_tdnv_zrib_psn,پیشنهاد / پیمان,8,ses_prbv_psn_z,ses_prbv_psn_z,%وزنی,DataGridViewTextBoxColumn,,50,MiddleCenter,,,,,
list_tdnv_zrib_psn,پیشنهاد / پیمان,9,ses_pr_roshd_tdil_psn_z,ses_pr_roshd_tdil_psn_z,%رشد,DataGridViewTextBoxColumn,,50,MiddleCenter,,,,,
list_tdnv_zrib_psn,پیشنهاد / پیمان,10,shk_pd_m,shk_pd_m,شاخص مبنا,DataGridViewTextBoxColumn,,,MiddleCenter,,,,,
list_tdnv_zrib_psn,پیشنهاد / پیمان,11,shk_pd_j,shk_pd_j,شاخص جاری,DataGridViewTextBoxColumn,,,MiddleCenter,,,,,
list_nozr_svz,صورت‌وضعیت / کارکرد,1,mlt_rad,mlt_rad,ردیف,DataGridViewTextBoxColumn,,40,MiddleCenter,,,,,
list_nozr_svz,صورت‌وضعیت / کارکرد,2,mlt_nuse,mlt_nuse,فصل,DataGridViewTextBoxColumn,,45,MiddleCenter,,,,,
list_nozr_svz,صورت‌وضعیت / کارکرد,3,mlt_name,mlt_name,عنوان فصل,DataGridViewTextBoxColumn,,,,,,,,
list_nozr_svz,صورت‌وضعیت / کارکرد,4,ses_pcfh_work,ses_pcfh_work,فهرست بها,DataGridViewTextBoxColumn,,,,,,,,
list_nozr_svz,صورت‌وضعیت / کارکرد,5,ses_pcsx_work,ses_pcsx_work,ستاره دار,DataGridViewTextBoxColumn,,,,,,,,
list_nozr_svz,صورت‌وضعیت / کارکرد,6,ses_pcfc_work,ses_pcfc_work,فاکتوری,DataGridViewTextBoxColumn,,,,,,,,
list_nozr_svz,صورت‌وضعیت / کارکرد,7,ses_pcmp_work,ses_pcmp_work,مصالح پایکار,DataGridViewTextBoxColumn,,,,,,,,
list_nozr_svz,صورت‌وضعیت / کارکرد,8,ses_pcwo,ses_pcwo,جمع فصل,DataGridViewTextBoxColumn,,,,,,,,
list_nozr_svz,صورت‌وضعیت / کارکرد,9,ses_prcn_wo,ses_prcn_wo,%وزنی,DataGridViewTextBoxColumn,,50,MiddleCenter,,,,,
list_zrib_svz,صورت‌وضعیت / کارکرد,1,mlt_rad,mlt_rad,ردیف,DataGridViewTextBoxColumn,,40,MiddleCenter,,,,,
list_zrib_svz,صورت‌وضعیت / کارکرد,2,mlt_nuse,mlt_nuse,فصل,DataGridViewTextBoxColumn,,45,MiddleCenter,,,,,
list_zrib_svz,صورت‌وضعیت / کارکرد,3,mlt_name,mlt_name,عنوان فصل,DataGridViewTextBoxColumn,,,,,,,,
list_zrib_svz,صورت‌وضعیت / کارکرد,4,ses_pcfh_work_z,ses_pcfh_work_z,فهرست بها,DataGridViewTextBoxColumn,,,,,,,,
list_zrib_svz,صورت‌وضعیت / کارکرد,5,ses_pcsx_work_z,ses_pcsx_work_z,ستاره دار,DataGridViewTextBoxColumn,,,,,,,,
list_zrib_svz,صورت‌وضعیت / کارکرد,6,ses_pcfc_work_z,ses_pcfc_work_z,فاکتوری,DataGridViewTextBoxColumn,,,,,,,,
list_zrib_svz,صورت‌وضعیت / کارکرد,7,ses_pcmp_work_z,ses_pcmp_work_z,مصالح پایکار,DataGridViewTextBoxColumn,,,,,,,,
list_zrib_svz,صورت‌وضعیت / کارکرد,8,ses_pcwo_z,ses_pcwo_z,جمع فصل,DataGridViewTextBoxColumn,,,,,,,,
list_zrib_svz,صورت‌وضعیت / کارکرد,9,ses_prcn_wo_z,ses_prcn_wo_z,%وزنی,DataGridViewTextBoxColumn,,50,MiddleCenter,,,,,
list_and_br_nozr_svz,صورت‌وضعیت / کارکرد,1,ses_prwo,ses_prwo,%انجام,DataGridViewTextBoxColumn,,45,MiddleCenter,,,,%انجام فصل,
list_and_br_nozr_svz,صورت‌وضعیت / کارکرد,2,ses_pctl,ses_pctl,جمع برآوردی,DataGridViewTextBoxColumn,,,,,,,,
list_and_br_nozr_svz,صورت‌وضعیت / کارکرد,3,mlt_nuse,mlt_nuse,فصل,DataGridViewTextBoxColumn,,35,MiddleCenter,,,,,
list_and_br_nozr_svz,صورت‌وضعیت / کارکرد,4,mlt_name,mlt_name,عنوان فصل,DataGridViewTextBoxColumn,,,,,,,,
list_and_br_nozr_svz,صورت‌وضعیت / کارکرد,5,ses_pcfh_work,ses_pcfh_work,فهرست بها,DataGridViewTextBoxColumn,,,,,,,,
list_and_br_nozr_svz,صورت‌وضعیت / کارکرد,6,ses_pcsx_work,ses_pcsx_work,ستاره دار,DataGridViewTextBoxColumn,,,,,,,,
list_and_br_nozr_svz,صورت‌وضعیت / کارکرد,7,ses_pcfc_work,ses_pcfc_work,فاکتوری,DataGridViewTextBoxColumn,,,,,,,,
list_and_br_nozr_svz,صورت‌وضعیت / کارکرد,8,ses_pcmp_work,ses_pcmp_work,مصالح پایکار,DataGridViewTextBoxColumn,,,,,,,,
list_and_br_nozr_svz,صورت‌وضعیت / کارکرد,9,ses_pcwo,ses_pcwo,جمع فصل,DataGridViewTextBoxColumn,,,,,,,,
list_and_br_zrib_svz,صورت‌وضعیت / کارکرد,1,ses_prwo_z,ses_prwo_z,%انجام,DataGridViewTextBoxColumn,,45,MiddleCenter,,,,%انجام فصل,
list_and_br_zrib_svz,صورت‌وضعیت / کارکرد,2,ses_pctl_z,ses_pctl_z,جمع برآوردی,DataGridViewTextBoxColumn,,,,,,,,
list_and_br_zrib_svz,صورت‌وضعیت / کارکرد,3,mlt_nuse,mlt_nuse,فصل,DataGridViewTextBoxColumn,,35,MiddleCenter,,,,,
list_and_br_zrib_svz,صورت‌وضعیت / کارکرد,4,mlt_name,mlt_name,عنوان فصل,DataGridViewTextBoxColumn,,,,,,,,
list_and_br_zrib_svz,صورت‌وضعیت / کارکرد,5,ses_pcfh_work_z,ses_pcfh_work_z,فهرست بها,DataGridViewTextBoxColumn,,,,,,,,
list_and_br_zrib_svz,صورت‌وضعیت / کارکرد,6,ses_pcsx_work_z,ses_pcsx_work_z,ستاره دار,DataGridViewTextBoxColumn,,,,,,,,
list_and_br_zrib_svz,صورت‌وضعیت / کارکرد,7,ses_pcfc_work_z,ses_pcfc_work_z,فاکتوری,DataGridViewTextBoxColumn,,,,,,,,
list_and_br_zrib_svz,صورت‌وضعیت / کارکرد,8,ses_pcmp_work_z,ses_pcmp_work_z,مصالح پایکار,DataGridViewTextBoxColumn,,,,,,,,
list_and_br_zrib_svz,صورت‌وضعیت / کارکرد,9,ses_pcwo_z,ses_pcwo_z,جمع فصل,DataGridViewTextBoxColumn,,,,,,,,
list_and_br_ol_nozr_svz,صورت‌وضعیت / کارکرد,1,mlt_nuse,mlt_nuse,فصل,DataGridViewTextBoxColumn,,35,MiddleCenter,,,,,
list_and_br_ol_nozr_svz,صورت‌وضعیت / کارکرد,2,mlt_name,mlt_name,عنوان فصل,DataGridViewTextBoxColumn,,,,,,,,
list_and_br_ol_nozr_svz,صورت‌وضعیت / کارکرد,3,ses_pctl,ses_pctl,مبلغ برآوردی,DataGridViewTextBoxColumn,,,,,,,,
list_and_br_ol_nozr_svz,صورت‌وضعیت / کارکرد,4,ses_pcwo_ol,ses_pcwo_ol,جمع قبلی فصل,DataGridViewTextBoxColumn,,,,,,,,
list_and_br_ol_nozr_svz,صورت‌وضعیت / کارکرد,5,ses_pcwo_df,ses_pcwo_df,مابه التفاوت,DataGridViewTextBoxColumn,,,,,,,,
list_and_br_ol_nozr_svz,صورت‌وضعیت / کارکرد,6,ses_pcwo,ses_pcwo,مبلغ تجمعی فصل,DataGridViewTextBoxColumn,,,,,,,,
list_and_br_ol_nozr_svz,صورت‌وضعیت / کارکرد,7,ses_prcn_wo,ses_prcn_wo,%وزنی,DataGridViewTextBoxColumn,,50,MiddleCenter,,,,,
list_and_br_ol_zrib_svz,صورت‌وضعیت / کارکرد,1,mlt_nuse,mlt_nuse,فصل,DataGridViewTextBoxColumn,,35,MiddleCenter,,,,,
list_and_br_ol_zrib_svz,صورت‌وضعیت / کارکرد,2,mlt_name,mlt_name,عنوان فصل,DataGridViewTextBoxColumn,,,,,,,,
list_and_br_ol_zrib_svz,صورت‌وضعیت / کارکرد,3,ses_pctl_z,ses_pctl_z,مبلغ برآوردی,DataGridViewTextBoxColumn,,,,,,,,
list_and_br_ol_zrib_svz,صورت‌وضعیت / کارکرد,4,ses_pcwo_ol_z,ses_pcwo_ol_z,جمع قبلی فصل,DataGridViewTextBoxColumn,,,,,,,,
list_and_br_ol_zrib_svz,صورت‌وضعیت / کارکرد,5,ses_pcwo_df_z,ses_pcwo_df_z,مابه التفاوت,DataGridViewTextBoxColumn,,,,,,,,
list_and_br_ol_zrib_svz,صورت‌وضعیت / کارکرد,6,ses_pcwo_z,ses_pcwo_z,مبلغ تجمعی فصل,DataGridViewTextBoxColumn,,,,,,,,
list_and_br_ol_zrib_svz,صورت‌وضعیت / کارکرد,7,ses_prcn_wo_z,ses_prcn_wo_z,%وزنی,DataGridViewTextBoxColumn,,50,MiddleCenter,,,,,
afzayesh_kahesh_nozr_svz,صورت‌وضعیت / کارکرد,1,mlt_rad,mlt_rad,ردیف,DataGridViewTextBoxColumn,,40,MiddleCenter,,,,,
afzayesh_kahesh_nozr_svz,صورت‌وضعیت / کارکرد,2,mlt_nuse,mlt_nuse,فصل,DataGridViewTextBoxColumn,,45,MiddleCenter,,,,,
afzayesh_kahesh_nozr_svz,صورت‌وضعیت / کارکرد,3,mlt_name,mlt_name,عنوان فصل,DataGridViewTextBoxColumn,,,,,,,,
afzayesh_kahesh_nozr_svz,صورت‌وضعیت / کارکرد,4,ses_pctl,ses_pctl,جمع برآورد شده,DataGridViewTextBoxColumn,,,,,,,,
afzayesh_kahesh_nozr_svz,صورت‌وضعیت / کارکرد,5,ses_pcwo,ses_pcwo,جمع اجرا شده,DataGridViewTextBoxColumn,,,,,,,,
afzayesh_kahesh_nozr_svz,صورت‌وضعیت / کارکرد,6,ses_pcwo_new,ses_pcwo_new,قیمت جدید,DataGridViewTextBoxColumn,,,,,,,,
afzayesh_kahesh_nozr_svz,صورت‌وضعیت / کارکرد,7,ses_pcwo_afza,ses_pcwo_afza,افزایش یافته,DataGridViewTextBoxColumn,,,,,,,,
afzayesh_kahesh_nozr_svz,صورت‌وضعیت / کارکرد,8,ses_pcwo_fznew,ses_pcwo_fznew,افزایش یافته + قیمت جدید,DataGridViewTextBoxColumn,,,,,,,,
afzayesh_kahesh_nozr_svz,صورت‌وضعیت / کارکرد,9,ses_pcwo_kahe,ses_pcwo_kahe,کاهش یافته,DataGridViewTextBoxColumn,,,,,,,,
afzayesh_kahesh_zrib_svz,صورت‌وضعیت / کارکرد,1,mlt_rad,mlt_rad,ردیف,DataGridViewTextBoxColumn,,40,MiddleCenter,,,,,
afzayesh_kahesh_zrib_svz,صورت‌وضعیت / کارکرد,2,mlt_nuse,mlt_nuse,فصل,DataGridViewTextBoxColumn,,45,MiddleCenter,,,,,
afzayesh_kahesh_zrib_svz,صورت‌وضعیت / کارکرد,3,mlt_name,mlt_name,عنوان فصل,DataGridViewTextBoxColumn,,,,,,,,
afzayesh_kahesh_zrib_svz,صورت‌وضعیت / کارکرد,4,ses_pctl_z,ses_pctl_z,جمع برآوردشده,DataGridViewTextBoxColumn,,,,,,,,
afzayesh_kahesh_zrib_svz,صورت‌وضعیت / کارکرد,5,ses_pcwo_z,ses_pcwo_z,جمع اجرا شده,DataGridViewTextBoxColumn,,,,,,,,
afzayesh_kahesh_zrib_svz,صورت‌وضعیت / کارکرد,6,ses_pcwo_new_z,ses_pcwo_new_z,قیمت جدید,DataGridViewTextBoxColumn,,,,,,,,
afzayesh_kahesh_zrib_svz,صورت‌وضعیت / کارکرد,7,ses_pcwo_afza_z,ses_pcwo_afza_z,افزایش یافته,DataGridViewTextBoxColumn,,,,,,,,
afzayesh_kahesh_zrib_svz,صورت‌وضعیت / کارکرد,8,ses_pcwo_fznew_z,ses_pcwo_fznew_z,افزایش یافته + قیمت جدید,DataGridViewTextBoxColumn,,,,,,,,
afzayesh_kahesh_zrib_svz,صورت‌وضعیت / کارکرد,9,ses_pcwo_kahe_z,ses_pcwo_kahe_z,کاهش یافته,DataGridViewTextBoxColumn,,,,,,,,
list_and_ps_nozr_svz,صورت‌وضعیت / کارکرد,1,ses_pr_roshd,ses_pr_roshd,% پیشنهاد,DataGridViewTextBoxColumn,,45,MiddleCenter,,,,,
list_and_ps_nozr_svz,صورت‌وضعیت / کارکرد,2,ses_pctl_psn,ses_pctl_psn,جمع پیشنهادی,DataGridViewTextBoxColumn,,,,,,,,
list_and_ps_nozr_svz,صورت‌وضعیت / کارکرد,3,mlt_nuse,mlt_nuse,فصل,DataGridViewTextBoxColumn,,35,MiddleCenter,,,,,
list_and_ps_nozr_svz,صورت‌وضعیت / کارکرد,4,mlt_name,mlt_name,عنوان فصل,DataGridViewTextBoxColumn,,,,,,,,
list_and_ps_nozr_svz,صورت‌وضعیت / کارکرد,5,ses_pcfh_work,ses_pcfh_work,فهرست بها,DataGridViewTextBoxColumn,,,,,,,,
list_and_ps_nozr_svz,صورت‌وضعیت / کارکرد,6,ses_pcsx_work,ses_pcsx_work,ستاره دار,DataGridViewTextBoxColumn,,,,,,,,
list_and_ps_nozr_svz,صورت‌وضعیت / کارکرد,7,ses_pcfc_work,ses_pcfc_work,فاکتوری,DataGridViewTextBoxColumn,,,,,,,,
list_and_ps_nozr_svz,صورت‌وضعیت / کارکرد,8,ses_pcmp_work,ses_pcmp_work,مصالح پایکار,DataGridViewTextBoxColumn,,,,,,,,
list_and_ps_nozr_svz,صورت‌وضعیت / کارکرد,9,ses_pcwo,ses_pcwo,جمع فصل,DataGridViewTextBoxColumn,,,,,,,,
list_and_ps_zrib_svz,صورت‌وضعیت / کارکرد,1,ses_pr_roshd_z,ses_pr_roshd_z,% پیشنهاد,DataGridViewTextBoxColumn,,45,MiddleCenter,,,,,
list_and_ps_zrib_svz,صورت‌وضعیت / کارکرد,2,ses_pctl_psn_z,ses_pctl_psn_z,جمع پیشنهادی,DataGridViewTextBoxColumn,,,,,,,,
list_and_ps_zrib_svz,صورت‌وضعیت / کارکرد,3,mlt_nuse,mlt_nuse,فصل,DataGridViewTextBoxColumn,,35,MiddleCenter,,,,,
list_and_ps_zrib_svz,صورت‌وضعیت / کارکرد,4,mlt_name,mlt_name,عنوان فصل,DataGridViewTextBoxColumn,,,,,,,,
list_and_ps_zrib_svz,صورت‌وضعیت / کارکرد,5,ses_pcfh_work_z,ses_pcfh_work_z,فهرست بها,DataGridViewTextBoxColumn,,,,,,,,
list_and_ps_zrib_svz,صورت‌وضعیت / کارکرد,6,ses_pcsx_work_z,ses_pcsx_work_z,ستاره دار,DataGridViewTextBoxColumn,,,,,,,,
list_and_ps_zrib_svz,صورت‌وضعیت / کارکرد,7,ses_pcfc_work_z,ses_pcfc_work_z,فاکتوری,DataGridViewTextBoxColumn,,,,,,,,
list_and_ps_zrib_svz,صورت‌وضعیت / کارکرد,8,ses_pcmp_work_z,ses_pcmp_work_z,مصالح پایکار,DataGridViewTextBoxColumn,,,,,,,,
list_and_ps_zrib_svz,صورت‌وضعیت / کارکرد,9,ses_pcwo_z,ses_pcwo_z,جمع فصل,DataGridViewTextBoxColumn,,,,,,,,
list_tdil_nozr_svz,صورت‌وضعیت / کارکرد,1,mlt_rad,mlt_rad,ردیف,DataGridViewTextBoxColumn,,40,MiddleCenter,,,,,
list_tdil_nozr_svz,صورت‌وضعیت / کارکرد,2,mlt_nuse,mlt_nuse_nusu,فصل,DataGridViewTextBoxColumn,,45,MiddleCenter,,true,,,
list_tdil_nozr_svz,صورت‌وضعیت / کارکرد,3,mlt_name,mlt_name,عنوان فصل,DataGridViewTextBoxColumn,,,,,true,,,
list_tdil_nozr_svz,صورت‌وضعیت / کارکرد,4,ses_pcfh_work_tatb,ses_pcfh_work_tatb,فهرست بها,DataGridViewTextBoxColumn,,,,,,,,
list_tdil_nozr_svz,صورت‌وضعیت / کارکرد,5,ses_pcsx_work_tatb,ses_pcsx_work_tatb,ستاره دار,DataGridViewTextBoxColumn,,,,,,,,
list_tdil_nozr_svz,صورت‌وضعیت / کارکرد,6,ses_pcfc_work_tatb,ses_pcfc_work_tatb,فاکتوری,DataGridViewTextBoxColumn,,,,,,,,
list_tdil_nozr_svz,صورت‌وضعیت / کارکرد,7,ses_pcmp_work_tatb,ses_pcmp_work_tatb,مصالح پایکار,DataGridViewTextBoxColumn,,,,,,,,
list_tdil_nozr_svz,صورت‌وضعیت / کارکرد,8,ses_pctl_work_tatb,ses_pctl_work_tatb,جمع فصل,DataGridViewTextBoxColumn,,,,,,,,
list_tdil_nozr_svz,صورت‌وضعیت / کارکرد,9,ses_prcn_wo,ses_prcn_wo,%وزنی,DataGridViewTextBoxColumn,,50,MiddleCenter,,,,,
list_tdil_nozr_svz,صورت‌وضعیت / کارکرد,10,ses_pcwo_HamlItm,ses_pcwo_HamlItm,جمع آیتم های استثنا حمل,DataGridViewTextBoxColumn,,,,,,,مبلغ بخش حمل (آیتم های با واحد مترمکعب کیلومتر),
list_tdil_zrib_svz,صورت‌وضعیت / کارکرد,1,mlt_rad,mlt_rad,ردیف,DataGridViewTextBoxColumn,,40,MiddleCenter,,,,,
list_tdil_zrib_svz,صورت‌وضعیت / کارکرد,2,mlt_nuse,mlt_nuse_nusu,فصل,DataGridViewTextBoxColumn,,,MiddleCenter,,true,,,
list_tdil_zrib_svz,صورت‌وضعیت / کارکرد,3,mlt_name,mlt_name,عنوان فصل,DataGridViewTextBoxColumn,,,,,true,,,
list_tdil_zrib_svz,صورت‌وضعیت / کارکرد,4,ses_pcfh_work_tatb_z,ses_pcfh_work_tatb_z,فهرست بها,DataGridViewTextBoxColumn,,,,,,,,
list_tdil_zrib_svz,صورت‌وضعیت / کارکرد,5,ses_pcsx_work_tatb_z,ses_pcsx_work_tatb_z,ستاره دار,DataGridViewTextBoxColumn,,,,,,,,
list_tdil_zrib_svz,صورت‌وضعیت / کارکرد,6,ses_pcfc_work_tatb_z,ses_pcfc_work_tatb_z,فاکتوری,DataGridViewTextBoxColumn,,,,,,,,
list_tdil_zrib_svz,صورت‌وضعیت / کارکرد,7,ses_pcmp_work_tatb_z,ses_pcmp_work_tatb_z,مصالح پایکار,DataGridViewTextBoxColumn,,,,,,,,
list_tdil_zrib_svz,صورت‌وضعیت / کارکرد,8,ses_pctl_work_tatb_z,ses_pctl_work_tatb_z,جمع فصل,DataGridViewTextBoxColumn,,,,,,,,
list_tdil_zrib_svz,صورت‌وضعیت / کارکرد,9,ses_prcn_wo_z,ses_prcn_wo_z,%وزنی,DataGridViewTextBoxColumn,,50,MiddleCenter,,,,,
list_tdil_zrib_svz,صورت‌وضعیت / کارکرد,10,ses_pcwo_z_HamlItm,ses_pcwo_z_HamlItm,جمع آیتم‌های استثنا حمل,DataGridViewTextBoxColumn,,,,,,,مبلغ بخش حمل (آیتم‌های با واحد مترمکعب کیلومتر),
Note_list_nozr_brv,برآورد,1,fhp_rad,fhp_rad,ردیف,DataGridViewTextBoxColumn,,40,MiddleCenter,,,,,
Note_list_nozr_brv,برآورد,2,fhp_abst,fhp_abst,عنوان دفترچه,DataGridViewTextBoxColumn,,,MiddleLeft,,,,,
Note_list_nozr_brv,برآورد,3,fhp_mbfh,fhp_mbfh,فهرست بها,DataGridViewTextBoxColumn,,,MiddleLeft,,,,,
Note_list_nozr_brv,برآورد,4,fhp_mbsx,fhp_mbsx,ستاره دار,DataGridViewTextBoxColumn,,,MiddleLeft,,,,,
Note_list_nozr_brv,برآورد,5,fhp_mb_fhsx,fhp_mb_fhsx,جمع برآوردی,DataGridViewTextBoxColumn,,,MiddleLeft,,,,,
Note_list_nozr_brv,برآورد,6,fhp_mbtj,fhp_mbtj,تجهیزباضرایب,DataGridViewTextBoxColumn,,,MiddleLeft,,,,تجهیز بااحتساب ضرایب,
Note_list_nozr_brv,برآورد,7,fhp_mb_totl,fhp_mb_totl,جمع برآوردی کل,DataGridViewTextBoxColumn,,,MiddleLeft,,,,,
Note_list_nozr_brv,برآورد,8,fhp_mbfc,fhp_mbfc,اقلام فاکتوری,DataGridViewTextBoxColumn,,,MiddleLeft,,,,,
Note_list_zrib_brv,برآورد,1,fhp_rad,fhp_rad,ردیف,DataGridViewTextBoxColumn,,40,MiddleCenter,,,,,
Note_list_zrib_brv,برآورد,2,fhp_abst,fhp_abst,عنوان دفترچه,DataGridViewTextBoxColumn,,,MiddleLeft,,,,,
Note_list_zrib_brv,برآورد,3,fhp_mbfh_z,fhp_mbfh_z,فهرست بها,DataGridViewTextBoxColumn,,,MiddleLeft,,,,,
Note_list_zrib_brv,برآورد,4,fhp_mbsx_z,fhp_mbsx_z,ستاره دار,DataGridViewTextBoxColumn,,,MiddleLeft,,,,,
Note_list_zrib_brv,برآورد,5,fhp_mb_fhsx_z,fhp_mb_fhsx_z,جمع برآوردی,DataGridViewTextBoxColumn,,,MiddleLeft,,,,,
Note_list_zrib_brv,برآورد,6,fhp_mbtj,fhp_mbtj,مبلغ تجهیز,DataGridViewTextBoxColumn,,,MiddleLeft,,,,,
Note_list_zrib_brv,برآورد,7,fhp_mb_totl_z,fhp_mb_totl_z,جمع برآوردی کل,DataGridViewTextBoxColumn,,,MiddleLeft,,,,,
Note_list_zrib_brv,برآورد,8,fhp_mb_astr_z_darsad,fhp_mb_astr_z_darsad,% ستاره دار,DataGridViewTextBoxColumn,,,MiddleLeft,,,,,
Note_list_zrib_brv,برآورد,9,fhp_mbfc_z,fhp_mbfc_z,اقلام فاکتوری,DataGridViewTextBoxColumn,,,MiddleLeft,,,,,
note_list_nozr_tsil_brv,برآورد,1,fhp_rad,fhp_rad,ردیف,DataGridViewTextBoxColumn,,40,MiddleCenter,,,,,
note_list_nozr_tsil_brv,برآورد,2,fhp_abst,fhp_abst,عنوان دفترچه,DataGridViewTextBoxColumn,,,MiddleLeft,,,,,
note_list_nozr_tsil_brv,برآورد,3,fhp_mbfh,fhp_mbfh,فهرست بها,DataGridViewTextBoxColumn,,,MiddleLeft,,,,,
note_list_nozr_tsil_brv,برآورد,4,fhp_mbsx,fhp_mbsx,ستاره دار,DataGridViewTextBoxColumn,,,MiddleLeft,,,,,
note_list_nozr_tsil_brv,برآورد,5,fhp_mb_fhsx,fhp_mb_fhsx,جمع برآوردی,DataGridViewTextBoxColumn,,,MiddleLeft,,,,,
note_list_nozr_tsil_brv,برآورد,6,fhp_mbtj,fhp_mbtj,تجهیزباضرایب,DataGridViewTextBoxColumn,,,MiddleLeft,,,,تجهیز بااحتساب ضرایب,
note_list_nozr_tsil_brv,برآورد,7,fhp_mb_totl_tjts,fhp_mb_totl_tjts,جمع کل,DataGridViewTextBoxColumn,,,MiddleLeft,,,,,
note_list_zrib_tsil_brv,برآورد,1,fhp_rad,fhp_rad,ردیف,DataGridViewTextBoxColumn,,40,MiddleCenter,,,,,
note_list_zrib_tsil_brv,برآورد,2,fhp_abst,fhp_abst,عنوان دفترچه,DataGridViewTextBoxColumn,,,MiddleLeft,,,,,
note_list_zrib_tsil_brv,برآورد,3,fhp_mbfh_z,fhp_mbfh_z,فهرست بها,DataGridViewTextBoxColumn,,,MiddleLeft,,,,,
note_list_zrib_tsil_brv,برآورد,4,fhp_mbsx_z,fhp_mbsx_z,ستاره دار,DataGridViewTextBoxColumn,,,MiddleLeft,,,,,
note_list_zrib_tsil_brv,برآورد,5,fhp_mb_fhsx_z,fhp_mb_fhsx_z,جمع برآوردی,DataGridViewTextBoxColumn,,,MiddleLeft,,,,,
note_list_zrib_tsil_brv,برآورد,6,fhp_mbtj,fhp_mbtj,مبلغ تجهیز,DataGridViewTextBoxColumn,,,MiddleLeft,,,,,
note_list_zrib_tsil_brv,برآورد,7,fhp_mb_totl_tjts_z,fhp_mb_totl_tjts_z,جمع کل,DataGridViewTextBoxColumn,,,MiddleLeft,,,,,
Note_v4951_brv,برآورد,1,fhp_rad,fhp_rad,ردیف,DataGridViewTextBoxColumn,,40,MiddleCenter,,,,,
Note_v4951_brv,برآورد,2,fhp_abst,fhp_abst,عنوان دفترچه,DataGridViewTextBoxColumn,,,MiddleLeft,,,,,
Note_v4951_brv,برآورد,3,fhp_mb49,fhp_mb49,جمع فصلها,DataGridViewTextBoxColumn,,,MiddleLeft,,,,,
Note_v4951_brv,برآورد,4,fhp_mb_ovhd,fhp_mb_ovhd,هزینه بالاسری,DataGridViewTextBoxColumn,,,MiddleLeft,,,,,
Note_v4951_brv,برآورد,5,fhp_mbtj,fhp_mbtj,هزینه تجهیز و ...,DataGridViewTextBoxColumn,,,MiddleLeft,,,,تجهیز بااحتساب ضرایب,
Note_v4951_brv,برآورد,6,fhp_tl49,fhp_tl49,جمع (برآورد کل),DataGridViewTextBoxColumn,,,MiddleLeft,,,,,
Note_v4951_brv,برآورد,7,fhp_prbv_49,fhp_prbv_49,% وزنی,DataGridViewTextBoxColumn,,50,MiddleCenter,,,,,
Note_63219_brv,برآورد,1,fhp_abst,fhp_abst,عنوان دفترچه,DataGridViewTextBoxColumn,,,MiddleLeft,,,,,
Note_63219_brv,برآورد,2,fhp_mb_fhsx_z,fhp_mb_fhsx_z,مبلغ برآوردی با احتساب ضرایب,DataGridViewTextBoxColumn,,,MiddleLeft,,,,,
Note_63219_brv,برآورد,3,fhp_mbtj,fhp_mbtj,هزینه تجهیز برآوردی,DataGridViewTextBoxColumn,,,MiddleLeft,,,,تجهیز بااحتساب ضرایب,
Note_63219_brv,برآورد,4,fhp_mb_fhsx_z_mbtj,fhp_mb_fhsx_z_mbtj,برآوردی با ضرایب + تجهیز,DataGridViewTextBoxColumn,,,MiddleLeft,,,,جمع مبلغ برآوردی با احتساب ضرایب و هزینه تجهیز برآوردی,
Note_sarjam_brv,برآورد,1,fhp_abst,fhp_abst,عنوان دفترچه,DataGridViewTextBoxColumn,,,MiddleLeft,,,,,
Note_sarjam_brv,برآورد,2,shk_eblaghi,shk_eblaghi,آخرین شاخص رشته ای ابلاغی E,DataGridViewTextBoxColumn,,,MiddleCenter,,,,,
Note_sarjam_brv,برآورد,3,shk_pd_m,shk_pd_m,شاخص رشته ای دوره مبنای فهرست M,DataGridViewTextBoxColumn,,,MiddleCenter,,,,,
Note_sarjam_brv,برآورد,4,shk_motanazer,shk_motanazer,شاخص رشته ای دوره متناظر ابلاغی N,DataGridViewTextBoxColumn,,,MiddleCenter,,,,,
Note_sarjam_brv,برآورد,5,fhp_prcn_dore_srjm,fhp_prcn_dore_srjm,درصد تغییر متوسط یک دوره 3 ماهه C=[E/N-1]/4,DataGridViewTextBoxColumn,,,MiddleCenter,,,,,
Note_sarjam_brv,برآورد,6,fhp_zrib_hamtaraz_srjm,fhp_zrib_hamtaraz_srjm,ضریب هم ترازی B,DataGridViewTextBoxColumn,,,MiddleCenter,,,,,
Note_sarjam_brv,برآورد,7,fhp_pctl_srjm,fhp_pctl_srjm,مبلغ برآورد کار براساس آخرین فهرست بهای پایه ابلاغی A,DataGridViewTextBoxColumn,,,MiddleLeft,,,,,
Note_sarjam_brv,برآورد,8,fhp_zrib_tdil_srjm,fhp_zrib_tdil_srjm,ضریب تعدیل رشته ای نهایی B*[C*D+1],DataGridViewTextBoxColumn,,,MiddleCenter,,,,,
Note_sarjam_brv,برآورد,9,fhp_pctd_srjm,fhp_pctd_srjm,مبلغ برآورد بهنگام شده تا زمان برگزاری مناقصه و زمان اجرای کار F=(A*B)*[C*D+1],DataGridViewTextBoxColumn,,,MiddleLeft,,,,,
Note_sarjam_brv,برآورد,10,fhp_tjhz_srjm,fhp_tjhz_srjm,هزینه تجهیز برآوردی ویژه سرجمع,DataGridViewTextBoxColumn,,,MiddleLeft,,,,تجهیز بااحتساب ضرایب,
Note_sarjam_brv,برآورد,11,fhp_mbfc_z,fhp_mbfc_z,اقلام فاکتوری,DataGridViewTextBoxColumn,,,MiddleLeft,,,,,
Note_10000_brv,برآورد,1,fhp_abst,fhp_abst,عنوان دفترچه,DataGridViewTextBoxColumn,,,MiddleLeft,,,,,
Note_10000_brv,برآورد,2,fhp_mb_fhsx_z,fhp_mb_fhsx_z,مبلغ برآوردی با احتساب ضرایب,DataGridViewTextBoxColumn,,,MiddleLeft,,,,,
Note_10000_brv,برآورد,3,fhp_mb_tdil_10000,fhp_mb_tdil_10000,مبلغ تعدیل,DataGridViewTextBoxColumn,,,MiddleLeft,,,,,
Note_10000_brv,برآورد,4,fhp_mb_10000_z,fhp_mb_10000_z,مبلغ ریالی کل,DataGridViewTextBoxColumn,,,MiddleLeft,,,,,
Note_10000_brv,برآورد,5,fhp_mbtj,fhp_mbtj,هزینه تجهیز برآوردی,DataGridViewTextBoxColumn,,,MiddleLeft,,,,تجهیز بااحتساب ضرایب,
Note_10000_brv,برآورد,6,fhp_mbfc_z,fhp_mbfc_z,اقلام فاکتوری,DataGridViewTextBoxColumn,,,MiddleLeft,,,,,
note_doing_nozr_brv,برآورد,1,fhp_pr_work,fhp_pr_work,%اجرا,DataGridViewTextBoxColumn,,,MiddleCenter,,,,,
note_doing_nozr_brv,برآورد,2,fhp_mb_work,fhp_mb_work,جمع اجرا شده,DataGridViewTextBoxColumn,,,MiddleLeft,,,,,
note_doing_nozr_brv,برآورد,3,fhp_mbtj_work,fhp_mbtj_work,تجهیزاجراباضرایب,DataGridViewTextBoxColumn,,,MiddleLeft,,,,تجهیز بااحتساب ضرایب,
note_doing_nozr_brv,برآورد,4,fhp_rad,fhp_rad,ردیف,DataGridViewTextBoxColumn,,40,MiddleCenter,,,,,
note_doing_nozr_brv,برآورد,5,fhp_abst,fhp_abst,عنوان دفترچه,DataGridViewTextBoxColumn,,,MiddleLeft,,,,,
note_doing_nozr_brv,برآورد,6,fhp_mbfh,fhp_mbfh,فهرست بها,DataGridViewTextBoxColumn,,,MiddleLeft,,,,,
note_doing_nozr_brv,برآورد,7,fhp_mbsx,fhp_mbsx,ستاره دار,DataGridViewTextBoxColumn,,,MiddleLeft,,,,,
note_doing_nozr_brv,برآورد,8,fhp_mbtj,fhp_mbtj,تجهیزباضرایب,DataGridViewTextBoxColumn,,,MiddleLeft,,,,تجهیز بااحتساب ضرایب,
note_doing_nozr_brv,برآورد,9,fhp_mb_totl,fhp_mb_totl,جمع برآوردی,DataGridViewTextBoxColumn,,,MiddleLeft,,,,,
note_doing_nozr_brv,برآورد,10,fhp_prbv,fhp_prbv,% وزنی,DataGridViewTextBoxColumn,,50,MiddleCenter,,,,,
Note_doing_zrib_brv,برآورد,1,fhp_pr_work_z,fhp_pr_work_z,%اجرا,DataGridViewTextBoxColumn,,50,MiddleCenter,,,,,
Note_doing_zrib_brv,برآورد,2,fhp_mb_work_z,fhp_mb_work_z,جمع اجرا شده,DataGridViewTextBoxColumn,,,MiddleLeft,,,,,
Note_doing_zrib_brv,برآورد,3,fhp_mbtj_work,fhp_mbtj_work,تجهیز اجرا,DataGridViewTextBoxColumn,,,MiddleLeft,,,,,
Note_doing_zrib_brv,برآورد,4,fhp_rad,fhp_rad,ردیف,DataGridViewTextBoxColumn,,40,MiddleCenter,,,,,
Note_doing_zrib_brv,برآورد,5,fhp_abst,fhp_abst,عنوان دفترچه,DataGridViewTextBoxColumn,,,MiddleLeft,,,,,
Note_doing_zrib_brv,برآورد,6,fhp_mbfh_z,fhp_mbfh_z,فهرست بها,DataGridViewTextBoxColumn,,,MiddleLeft,,,,,
Note_doing_zrib_brv,برآورد,7,fhp_mbsx_z,fhp_mbsx_z,ستاره دار,DataGridViewTextBoxColumn,,,MiddleLeft,,,,,
Note_doing_zrib_brv,برآورد,8,fhp_mbtj,fhp_mbtj,مبلغ تجهیز,DataGridViewTextBoxColumn,,,MiddleLeft,,,,,
Note_doing_zrib_brv,برآورد,9,fhp_mb_totl_z,fhp_mb_totl_z,جمع برآوردی,DataGridViewTextBoxColumn,,,MiddleLeft,,,,,
Note_doing_zrib_brv,برآورد,10,fhp_prbv_z,fhp_prbv_z,% وزنی,DataGridViewTextBoxColumn,,50,MiddleCenter,,,,,
note_afzayesh_kahesh_nozr_brv,برآورد,1,fhp_rad,fhp_rad,ردیف,DataGridViewTextBoxColumn,,40,MiddleCenter,,,,,
note_afzayesh_kahesh_nozr_brv,برآورد,2,fhp_abst,fhp_abst,عنوان دفترچه,DataGridViewTextBoxColumn,,100,MiddleLeft,,,,,
note_afzayesh_kahesh_nozr_brv,برآورد,3,fhp_mb_totl,fhp_mb_totl,مبلغ برآوردی,DataGridViewTextBoxColumn,,,MiddleLeft,,,,,
note_afzayesh_kahesh_nozr_brv,برآورد,4,fhp_mb_work,fhp_mb_work,اجرا شده,DataGridViewTextBoxColumn,,,MiddleLeft,,,,,
note_afzayesh_kahesh_nozr_brv,برآورد,5,fhp_fzkh_new,fhp_fzkh_new,قیمت جدید,DataGridViewTextBoxColumn,,,MiddleLeft,,,,,
note_afzayesh_kahesh_nozr_brv,برآورد,6,fhp_fzkh,fhp_fzkh,افزایش یافته,DataGridViewTextBoxColumn,,,MiddleLeft,,,,,
note_afzayesh_kahesh_nozr_brv,برآورد,7,fhp_fzkh_fznew,fhp_fzkh_fznew,افزایش یافته + قیمت جدید,DataGridViewTextBoxColumn,,,MiddleLeft,,,,,
note_afzayesh_kahesh_nozr_brv,برآورد,8,fhp_fzkh_kh,fhp_fzkh_kh,کاهش یافته,DataGridViewTextBoxColumn,,,MiddleLeft,,,,,
note_afzayesh_kahesh_zrib_brv,برآورد,1,fhp_rad,fhp_rad,ردیف,DataGridViewTextBoxColumn,,40,MiddleCenter,,,,,
note_afzayesh_kahesh_zrib_brv,برآورد,2,fhp_abst,fhp_abst,عنوان دفترچه,DataGridViewTextBoxColumn,,100,MiddleLeft,,,,,
note_afzayesh_kahesh_zrib_brv,برآورد,3,fhp_mb_totl_z,fhp_mb_totl_z,مبلغ برآوردی,DataGridViewTextBoxColumn,,,MiddleLeft,,,,,
note_afzayesh_kahesh_zrib_brv,برآورد,4,fhp_mb_work_z,fhp_mb_work_z,اجرا شده,DataGridViewTextBoxColumn,,,MiddleLeft,,,,,
note_afzayesh_kahesh_zrib_brv,برآورد,5,fhp_fzkh_new_z,fhp_fzkh_new_z,قیمت جدید,DataGridViewTextBoxColumn,,,MiddleLeft,,,,,
note_afzayesh_kahesh_zrib_brv,برآورد,6,fhp_fzkh_new_z_percent,fhp_fzkh_new_z_percent,% جدید,DataGridViewTextBoxColumn,,,MiddleCenter,,,,,
note_afzayesh_kahesh_zrib_brv,برآورد,7,fhp_fzkh_z,fhp_fzkh_z,افزایش یافته,DataGridViewTextBoxColumn,,,MiddleLeft,,,,,
note_afzayesh_kahesh_zrib_brv,برآورد,8,fhp_fzkh_fznew_z,fhp_fzkh_fznew_z,افزایش یافته + قیمت جدید,DataGridViewTextBoxColumn,,,MiddleLeft,,,,,
note_afzayesh_kahesh_zrib_brv,برآورد,9,fhp_fzkh_fznew_z_percent,fhp_fzkh_fznew_z_percent,% افزایش,DataGridViewTextBoxColumn,,,MiddleCenter,,,,% افزایش یافته + قیمت جدید,
note_afzayesh_kahesh_zrib_brv,برآورد,10,fhp_fzkh_kh_z,fhp_fzkh_kh_z,کاهش یافته,DataGridViewTextBoxColumn,,,MiddleLeft,,,,,
note_afzayesh_kahesh_zrib_brv,برآورد,11,fhp_fzkh_kh_z_percent,fhp_fzkh_kh_z_percent,% کاهش,DataGridViewTextBoxColumn,,,MiddleCenter,,,,,
Note_tdil_nozr_brv,برآورد,1,fhp_rad,fhp_rad,ردیف,DataGridViewTextBoxColumn,,45,MiddleCenter,,,,,
Note_tdil_nozr_brv,برآورد,2,fhp_abst,fhp_abst,عنوان دفترچه,DataGridViewTextBoxColumn,,,MiddleLeft,,,,,
Note_tdil_nozr_brv,برآورد,3,fhp_mbfh_tdil,fhp_mbfh_tdil,فهرست بها + تعدیل,DataGridViewTextBoxColumn,,,MiddleLeft,,,,,
Note_tdil_nozr_brv,برآورد,4,fhp_mbsx_tdil,fhp_mbsx_tdil,ستاره دار + تعدیل,DataGridViewTextBoxColumn,,,MiddleLeft,,,,,
Note_tdil_nozr_brv,برآورد,5,fhp_mbsx_mbfh_tdil,fhp_mbsx_mbfh_tdil,جمع برآورد + تعدیل,DataGridViewTextBoxColumn,,,MiddleLeft,,,,,
Note_tdil_nozr_brv,برآورد,6,fhp_mbtj_tdil,fhp_mbtj_tdil,تجهیزباضرایب + تعدیل,DataGridViewTextBoxColumn,,,MiddleLeft,,,,تجهیز بااحتساب ضرایب,
Note_tdil_nozr_brv,برآورد,7,fhp_mb_totl_tdil,fhp_mb_totl_tdil,جمع برآوردی کل + تعدیل,DataGridViewTextBoxColumn,,,MiddleLeft,,,,,
Note_tdil_nozr_brv,برآورد,8,fhp_prbv_tdil,fhp_prbv_tdil,%وزنی,DataGridViewTextBoxColumn,,50,MiddleCenter,,,,,
Note_tdil_nozr_brv,برآورد,9,shk_pd_m,shk_pd_m,شاخص مبنا,DataGridViewTextBoxColumn,,,MiddleCenter,,,,,
Note_tdil_nozr_brv,برآورد,10,shk_pd_j,shk_pd_j,شاخص جاری,DataGridViewTextBoxColumn,,,MiddleCenter,,,,,
Note_tdil_zrib_brv,برآورد,1,fhp_rad,fhp_rad,ردیف,DataGridViewTextBoxColumn,,45,MiddleCenter,,,,,
Note_tdil_zrib_brv,برآورد,2,fhp_abst,fhp_abst,عنوان دفترچه,DataGridViewTextBoxColumn,,,MiddleLeft,,,,,
Note_tdil_zrib_brv,برآورد,3,fhp_mbfh_tdil_z,fhp_mbfh_tdil_z,فهرست بها + تعدیل,DataGridViewTextBoxColumn,,,MiddleLeft,,,,,
Note_tdil_zrib_brv,برآورد,4,fhp_mbsx_tdil_z,fhp_mbsx_tdil_z,ستاره دار + تعدیل,DataGridViewTextBoxColumn,,,MiddleLeft,,,,,
Note_tdil_zrib_brv,برآورد,5,fhp_mbsx_mbfh_tdil_z,fhp_mbsx_mbfh_tdil_z,جمع برآورد + تعدیل,DataGridViewTextBoxColumn,,,MiddleLeft,,,,,
Note_tdil_zrib_brv,برآورد,6,fhp_mbtj_tdil,fhp_mbtj_tdil,هزینه تجهیز برآوردی + تعدیل,DataGridViewTextBoxColumn,,,MiddleLeft,,,,,
Note_tdil_zrib_brv,برآورد,7,fhp_mb_totl_tdil_z,fhp_mb_totl_tdil_z,جمع برآوردی کل + تعدیل,DataGridViewTextBoxColumn,,,MiddleLeft,,,,,
Note_tdil_zrib_brv,برآورد,8,fhp_prbv_tdil_z,fhp_prbv_tdil_z,% وزنی,DataGridViewTextBoxColumn,,50,MiddleCenter,,,,,
Note_tdil_zrib_brv,برآورد,9,shk_pd_m,shk_pd_m,شاخص مبنا,DataGridViewTextBoxColumn,,,MiddleCenter,,,,,
Note_tdil_zrib_brv,برآورد,10,shk_pd_j,shk_pd_j,شاخص جاری,DataGridViewTextBoxColumn,,,MiddleCenter,,,,,
Note_list_argham_brv,برآورد,1,fhp_abst,fhp_abst,دفترچه,DataGridViewTextBoxColumn,,,MiddleLeft,,,,,
Note_list_argham_brv,برآورد,2,fhp_mb_fhsx,fhp_mb_fhsx,جمع خالص,DataGridViewTextBoxColumn,,,MiddleLeft,,,,,
Note_list_argham_brv,برآورد,3,fhp_mb_loca,fhp_mb_loca,منطقه ای,DataGridViewTextBoxColumn,,,MiddleLeft,,,,,
Note_list_argham_brv,برآورد,4,fhp_mb_heit,fhp_mb_heit,ارتفاع,DataGridViewTextBoxColumn,,,MiddleLeft,,,,,
Note_list_argham_brv,برآورد,5,fhp_mb_taba,fhp_mb_taba,طبقات,DataGridViewTextBoxColumn,,,MiddleLeft,,,,,
Note_list_argham_brv,برآورد,6,fhp_mb_hard,fhp_mb_hard,صعوبت,DataGridViewTextBoxColumn,,,MiddleLeft,,,,,
Note_list_argham_brv,برآورد,7,fhp_mb_tatb,fhp_mb_tatb,تطبیق,DataGridViewTextBoxColumn,,,MiddleLeft,,,,,
Note_list_argham_brv,برآورد,8,fhp_mb_ovhd,fhp_mb_ovhd,بالا سری,DataGridViewTextBoxColumn,,,MiddleLeft,,,,,
Note_list_argham_brv,برآورد,9,fhp_mbtj,fhp_mbtj,تجهیز,DataGridViewTextBoxColumn,,,MiddleLeft,,,,تجهیز بااحتساب ضرایب,
Note_list_argham_brv,برآورد,10,fhp_mb_sumz,fhp_mb_sumz,جمع کل,DataGridViewTextBoxColumn,,,MiddleLeft,,,,,
Note_list_argham_brv,برآورد,11,fhp_mbfc_z,fhp_mbfc_z,اقلام فاکتوری,DataGridViewTextBoxColumn,,,MiddleLeft,,,,,
Note_list_argham_s_brv,برآورد,1,fhp_abst,fhp_abst,دفترچه,DataGridViewTextBoxColumn,,,MiddleLeft,,,,,
Note_list_argham_s_brv,برآورد,2,fhp_mb_totl,fhp_mb_fhsx,جمع خالص,DataGridViewTextBoxColumn,,,MiddleLeft,,,,,
Note_list_argham_s_brv,برآورد,3,fhp_mb_loca,fhp_mb_loca,منطقه ای,DataGridViewTextBoxColumn,,,MiddleLeft,,,,,
Note_list_argham_s_brv,برآورد,4,fhp_mb_heit,fhp_mb_heit,ارتفاع,DataGridViewTextBoxColumn,,,MiddleLeft,,,,,
Note_list_argham_s_brv,برآورد,5,fhp_mb_taba,fhp_mb_taba,طبقات,DataGridViewTextBoxColumn,,,MiddleLeft,,,,,
Note_list_argham_s_brv,برآورد,6,fhp_mb_hard,fhp_mb_hard,صعوبت,DataGridViewTextBoxColumn,,,MiddleLeft,,,,,
Note_list_argham_s_brv,برآورد,7,fhp_mb_tatb,fhp_mb_tatb,تطبیق,DataGridViewTextBoxColumn,,,MiddleLeft,,,,,
Note_list_argham_s_brv,برآورد,8,fhp_mb_oth1,fhp_mb_oth1,سایر1,DataGridViewTextBoxColumn,,,MiddleLeft,,,,,
Note_list_argham_s_brv,برآورد,9,fhp_mb_oth2,fhp_mb_oth2,سایر2,DataGridViewTextBoxColumn,,,MiddleLeft,,,,,
Note_list_argham_s_brv,برآورد,10,fhp_mb_oth3,fhp_mb_oth3,سایر3,DataGridViewTextBoxColumn,,,MiddleLeft,,,,,
Note_list_argham_s_brv,برآورد,11,fhp_mb_ovhd,fhp_mb_ovhd,بالا سری,DataGridViewTextBoxColumn,,,MiddleLeft,,,,,
Note_list_argham_s_brv,برآورد,12,fhp_mbtj,fhp_mbtj,تجهیز,DataGridViewTextBoxColumn,,,MiddleLeft,,,,تجهیز بااحتساب ضرایب,
Note_list_argham_s_brv,برآورد,13,fhp_mb_yargh_zr,fhp_mb_yargh_zr,اقلام فاکتوری,DataGridViewTextBoxColumn,,,MiddleLeft,,,,,
Note_list_argham_s_brv,برآورد,14,fhp_mb_totl_z,fhp_mb_totl_z,جمع کل,DataGridViewTextBoxColumn,,,MiddleLeft,,,,,
note_list_argham_tdil_brv,برآورد,1,fhp_abst,fhp_abst,دفترچه,DataGridViewTextBoxColumn,,,MiddleLeft,,,,,
note_list_argham_tdil_brv,برآورد,2,fhp_mb_totl,fhp_mb_fhsx_tdil,جمع خالص,DataGridViewTextBoxColumn,,,MiddleLeft,,,,,
note_list_argham_tdil_brv,برآورد,3,fhp_loca,fhp_loca,منطقه ای,DataGridViewTextBoxColumn,,,MiddleLeft,,,,,
note_list_argham_tdil_brv,برآورد,4,fhp_heit,fhp_heit,ارتفاع,DataGridViewTextBoxColumn,,,MiddleLeft,,,,,
note_list_argham_tdil_brv,برآورد,5,fhp_taba,fhp_taba,طبقات,DataGridViewTextBoxColumn,,,MiddleLeft,,,,,
note_list_argham_tdil_brv,برآورد,6,fhp_hard,fhp_hard,صعوبت,DataGridViewTextBoxColumn,,,MiddleLeft,,,,,
note_list_argham_tdil_brv,برآورد,7,fhp_tatb,fhp_tatb,تطبیق,DataGridViewTextBoxColumn,,,MiddleLeft,,,,,
note_list_argham_tdil_brv,برآورد,8,fhp_ovhd,fhp_ovhd,بالا سری,DataGridViewTextBoxColumn,,,MiddleLeft,,,,,
note_list_argham_tdil_brv,برآورد,9,fhp_mbtj,fhp_mbtj_tdil,تجهیز,DataGridViewTextBoxColumn,,,MiddleLeft,,,,تجهیز بااحتساب ضرایب,
note_list_argham_tdil_brv,برآورد,10,fhp_mb_yargh_zr,fhp_mb_yargh_zr,اقلام فاکتوری,DataGridViewTextBoxColumn,,,MiddleLeft,,,,,
note_list_argham_tdil_brv,برآورد,11,fhp_mb_totl_tdil_z,fhp_mb_totl_tdil_z,جمع کل,DataGridViewTextBoxColumn,,,MiddleLeft,,,,,
note_list_argham_s_tdil_brv,برآورد,1,fhp_abst,fhp_abst,دفترچه,DataGridViewTextBoxColumn,,,MiddleLeft,,,,,
note_list_argham_s_tdil_brv,برآورد,2,fhp_mb_totl,fhp_mb_fhsx_tdil,جمع خالص,DataGridViewTextBoxColumn,,,MiddleLeft,,,,,
note_list_argham_s_tdil_brv,برآورد,3,fhp_loca,fhp_loca,منطقه ای,DataGridViewTextBoxColumn,,,MiddleLeft,,,,,
note_list_argham_s_tdil_brv,برآورد,4,fhp_heit,fhp_heit,ارتفاع,DataGridViewTextBoxColumn,,,MiddleLeft,,,,,
note_list_argham_s_tdil_brv,برآورد,5,fhp_taba,fhp_taba,طبقات,DataGridViewTextBoxColumn,,,MiddleLeft,,,,,
note_list_argham_s_tdil_brv,برآورد,6,fhp_hard,fhp_hard,صعوبت,DataGridViewTextBoxColumn,,,MiddleLeft,,,,,
note_list_argham_s_tdil_brv,برآورد,7,fhp_tatb,fhp_tatb,تطبیق,DataGridViewTextBoxColumn,,,MiddleLeft,,,,,
note_list_argham_s_tdil_brv,برآورد,8,fhp_ovhd,fhp_ovhd,بالا سری,DataGridViewTextBoxColumn,,,MiddleLeft,,,,,
note_list_argham_s_tdil_brv,برآورد,9,fhp_oth1,fhp_oth1,سایر1,DataGridViewTextBoxColumn,,,MiddleLeft,,,,,
note_list_argham_s_tdil_brv,برآورد,10,fhp_oth2,fhp_oth2,سایر2,DataGridViewTextBoxColumn,,,MiddleLeft,,,,,
note_list_argham_s_tdil_brv,برآورد,11,fhp_oth3,fhp_oth3,سایر3,DataGridViewTextBoxColumn,,,MiddleLeft,,,,,
note_list_argham_s_tdil_brv,برآورد,12,fhp_mbtj,fhp_mbtj_tdil,تجهیز,DataGridViewTextBoxColumn,,,MiddleLeft,,,,تجهیز بااحتساب ضرایب,
note_list_argham_s_tdil_brv,برآورد,13,fhp_mb_yargh_zr,fhp_mb_yargh_zr,اقلام فاکتوری,DataGridViewTextBoxColumn,,,MiddleLeft,,,,,
note_list_argham_s_tdil_brv,برآورد,14,fhp_mb_totl_tdil_z,fhp_mb_totl_tdil_z,جمع کل,DataGridViewTextBoxColumn,,,MiddleLeft,,,,,
Note_list_nozr_psn,پیشنهاد / پیمان,1,fhp_rad,fhp_rad,ردیف,DataGridViewTextBoxColumn,,40,MiddleCenter,,,,,
Note_list_nozr_psn,پیشنهاد / پیمان,2,fhp_abst,fhp_abst,عنوان دفترچه,DataGridViewTextBoxColumn,,,MiddleLeft,,,,,
Note_list_nozr_psn,پیشنهاد / پیمان,3,fhp_mbfh,fhp_mbfh,فهرست بها,DataGridViewTextBoxColumn,,,MiddleLeft,,,,,
Note_list_nozr_psn,پیشنهاد / پیمان,4,fhp_mbsx,fhp_mbsx,ستاره دار,DataGridViewTextBoxColumn,,,MiddleLeft,,,,,
Note_list_nozr_psn,پیشنهاد / پیمان,5,fhp_mbtj,fhp_mbtj,تجهیزبرآوردباضرایب,DataGridViewTextBoxColumn,,,MiddleLeft,,,,تجهیز بااحتساب ضرایب,
Note_list_nozr_psn,پیشنهاد / پیمان,6,fhp_mb_totl,fhp_mb_totl,جمع برآوردی,DataGridViewTextBoxColumn,,,MiddleLeft,,,,,
Note_list_nozr_psn,پیشنهاد / پیمان,7,fhp_mbtj_psn,fhp_mbtj_psn,تجهیزپیشنهادباضرایب,DataGridViewTextBoxColumn,,,MiddleLeft,,,,تجهیز بااحتساب ضرایب,
Note_list_nozr_psn,پیشنهاد / پیمان,8,fhp_mb_totl_psn,fhp_mb_totl_psn,جمع پیشنهادی,DataGridViewTextBoxColumn,,,MiddleLeft,,,,,
Note_list_nozr_psn,پیشنهاد / پیمان,9,fhp_roshd,fhp_roshd,%رشد,DataGridViewTextBoxColumn,,50,MiddleCenter,,,,,
Note_list_zrib_psn,پیشنهاد / پیمان,1,fhp_rad,fhp_rad,ردیف,DataGridViewTextBoxColumn,,40,MiddleCenter,,,,,
Note_list_zrib_psn,پیشنهاد / پیمان,2,fhp_abst,fhp_abst,عنوان دفترچه,DataGridViewTextBoxColumn,,,MiddleLeft,,,,,
Note_list_zrib_psn,پیشنهاد / پیمان,3,fhp_mbfh_z,fhp_mbfh_z,فهرست بها,DataGridViewTextBoxColumn,,,MiddleLeft,,,,,
Note_list_zrib_psn,پیشنهاد / پیمان,4,fhp_mbsx_z,fhp_mbsx_z,ستاره دار,DataGridViewTextBoxColumn,,,MiddleLeft,,,,,
Note_list_zrib_psn,پیشنهاد / پیمان,5,fhp_mbtj,fhp_mbtj,تجهیز برآوردی,DataGridViewTextBoxColumn,,,MiddleLeft,,,,,
Note_list_zrib_psn,پیشنهاد / پیمان,6,fhp_mb_totl_z,fhp_mb_totl_z,جمع برآوردی,DataGridViewTextBoxColumn,,,MiddleLeft,,,,,
Note_list_zrib_psn,پیشنهاد / پیمان,7,fhp_mbtj_psn,fhp_mbtj_psn,تجهیز پیشنهادی,DataGridViewTextBoxColumn,,,MiddleLeft,,,,,
Note_list_zrib_psn,پیشنهاد / پیمان,8,fhp_mb_totl_psn_z,fhp_mb_totl_psn_z,جمع پیشنهادی,DataGridViewTextBoxColumn,,,MiddleLeft,,,,,
Note_list_zrib_psn,پیشنهاد / پیمان,9,fhp_roshd_z,fhp_roshd_z,%رشد,DataGridViewTextBoxColumn,,50,MiddleCenter,,,,,
Note_v4951_psn,پیشنهاد / پیمان,1,fhp_abst,fhp_abst,عنوان دفترچه,DataGridViewTextBoxColumn,,,MiddleLeft,,,,,
Note_v4951_psn,پیشنهاد / پیمان,2,fhp_mb49,fhp_mb49,جمع فصلها,DataGridViewTextBoxColumn,,,MiddleLeft,,,,,
Note_v4951_psn,پیشنهاد / پیمان,3,fhp_mb_ovhd,fhp_mb_ovhd,هزینه بالاسری,DataGridViewTextBoxColumn,,,MiddleLeft,,,,,
Note_v4951_psn,پیشنهاد / پیمان,4,fhp_mbtj,fhp_mbtj,هزینه تجهیز برآوردی,DataGridViewTextBoxColumn,,,MiddleLeft,,,,تجهیز بااحتساب ضرایب,
Note_v4951_psn,پیشنهاد / پیمان,5,fhp_tl49,fhp_tl49,جمع (برآوردکل),DataGridViewTextBoxColumn,,,MiddleLeft,,,,,
Note_v4951_psn,پیشنهاد / پیمان,6,fhp_mb49_psn,fhp_mb49_psn,جمع فصلهای پیشنهادی,DataGridViewTextBoxColumn,,,MiddleLeft,,,,,
Note_v4951_psn,پیشنهاد / پیمان,7,fhp_mb_ovhd_psn,fhp_mb_ovhd_psn,بالاسری پیشنهادی,DataGridViewTextBoxColumn,,,MiddleLeft,,,,,
Note_v4951_psn,پیشنهاد / پیمان,8,fhp_mbtj_psn,fhp_mbtj_psn,هزینه تجهیز پیشنهادی,DataGridViewTextBoxColumn,,,MiddleLeft,,,,تجهیز بااحتساب ضرایب,
Note_v4951_psn,پیشنهاد / پیمان,9,fhp_tl49_psn,fhp_tl49_psn,جمع (پیشنهادکل),DataGridViewTextBoxColumn,,,MiddleLeft,,,,,
Note_v4951_psn,پیشنهاد / پیمان,10,fhp_roshd_49,fhp_roshd_49,%رشد,DataGridViewTextBoxColumn,,50,MiddleCenter,,,,,
Note_63219_psn,پیشنهاد / پیمان,1,fhp_abst,fhp_abst,عنوان دفترچه,DataGridViewTextBoxColumn,,,MiddleLeft,,,,,
Note_63219_psn,پیشنهاد / پیمان,2,fhp_mb_fhsx_z,fhp_mb_fhsx_z,مبلغ برآوردی با احتساب ضرایب,DataGridViewTextBoxColumn,,,MiddleLeft,,,,,
Note_63219_psn,پیشنهاد / پیمان,3,fhp_mbtj,fhp_mbtj,هزینه تجهیز برآوردی,DataGridViewTextBoxColumn,,,MiddleLeft,,,,تجهیز بااحتساب ضرایب,
Note_63219_psn,پیشنهاد / پیمان,4,fhp_mb_fhsx_z_mbtj,fhp_mb_fhsx_z_mbtj,برآوردی با ضرایب + تجهیز,DataGridViewTextBoxColumn,,,MiddleLeft,,,,جمع مبلغ برآوردی با احتساب ضرایب و هزینه تجهیز برآوردی,
Note_63219_psn,پیشنهاد / پیمان,5,fhp_mb_totl_z,fhp_mb_totl_z,مبلغ برآوردی با احتساب ضرایب,DataGridViewTextBoxColumn,,,MiddleLeft,,,,,
Note_63219_psn,پیشنهاد / پیمان,6,fhp_mb_fhsx_psn_z,fhp_mb_fhsx_psn_z,مبلغ پیشنهادی با احتساب ضرایب,DataGridViewTextBoxColumn,,,MiddleLeft,,,,,
Note_63219_psn,پیشنهاد / پیمان,7,fhp_mbtj_psn,fhp_mbtj_psn,هزینه تجهیز پیشنهادی,DataGridViewTextBoxColumn,,,MiddleLeft,,,,تجهیز بااحتساب ضرایب,
Note_63219_psn,پیشنهاد / پیمان,8,fhp_mb_fhsx_psn_z_mbtj_psn,fhp_mb_fhsx_psn_z_mbtj_psn,پیشنهادی با ضرایب + تجهیز,DataGridViewTextBoxColumn,,,MiddleLeft,,,,جمع مبلغ پیشنهادی با احتساب ضرایب و هزینه تجهیز پیشنهادی,
Note_63219_psn,پیشنهاد / پیمان,9,fhp_mb_totl_psn_z,fhp_mb_totl_psn_z,مبلغ پیشنهادی با احتساب ضرایب,DataGridViewTextBoxColumn,,,MiddleLeft,,,,,
Note_63219_psn,پیشنهاد / پیمان,10,fhp_zrib_z,fhp_zrib_z,ضریب پیشنهادی,DataGridViewTextBoxColumn,,,MiddleCenter,,,,,
note_tdnr_nozr_psn,پیشنهاد / پیمان,1,fhp_abst,fhp_abst,عنوان دفترچه,DataGridViewTextBoxColumn,,,MiddleLeft,,,,,
note_tdnr_nozr_psn,پیشنهاد / پیمان,2,fhp_mbfh_tdil,fhp_mbfh_tdil,فهرست بها + تعدیل,DataGridViewTextBoxColumn,,,MiddleLeft,,,,,
note_tdnr_nozr_psn,پیشنهاد / پیمان,3,fhp_mbsx_tdil,fhp_mbsx_tdil,ستاره دار + تعدیل,DataGridViewTextBoxColumn,,,MiddleLeft,,,,,
note_tdnr_nozr_psn,پیشنهاد / پیمان,4,fhp_mbtj,fhp_mbtj,تجهیزبرآوردباضرایب,DataGridViewTextBoxColumn,,,MiddleLeft,,,,تجهیز بااحتساب ضرایب,
note_tdnr_nozr_psn,پیشنهاد / پیمان,5,fhp_mb_totl_tdil,fhp_mb_totl_tdil,جمع برآوردی کل + تعدیل,DataGridViewTextBoxColumn,,,MiddleLeft,,,,,
note_tdnr_nozr_psn,پیشنهاد / پیمان,6,fhp_mbtj_psn,fhp_mbtj_psn,تجهیزپیشنهادباضرایب,DataGridViewTextBoxColumn,,,MiddleLeft,,,,تجهیز بااحتساب ضرایب,
note_tdnr_nozr_psn,پیشنهاد / پیمان,7,fhp_mb_totl_psn,fhp_mb_totl_psn,جمع پیشنهادی کل,DataGridViewTextBoxColumn,,,MiddleLeft,,,,,
note_tdnr_nozr_psn,پیشنهاد / پیمان,8,fhp_roshd_tdil,fhp_roshd_tdil,%رشد,DataGridViewTextBoxColumn,,50,MiddleCenter,,,,,
note_tdnr_nozr_psn,پیشنهاد / پیمان,9,shk_pd_m,shk_pd_m,شاخص مبنا,DataGridViewTextBoxColumn,,,MiddleCenter,,,,,
note_tdnr_nozr_psn,پیشنهاد / پیمان,10,shk_pd_j,shk_pd_j,شاخص جاری,DataGridViewTextBoxColumn,,,MiddleCenter,,,,,
note_tdnr_zrib_psn,پیشنهاد / پیمان,1,fhp_abst,fhp_abst,عنوان دفترچه,DataGridViewTextBoxColumn,,,MiddleLeft,,,,,
note_tdnr_zrib_psn,پیشنهاد / پیمان,2,fhp_mbfh_tdil_z,fhp_mbfh_tdil_z,فهرست بها + تعدیل,DataGridViewTextBoxColumn,,,MiddleLeft,,,,,
note_tdnr_zrib_psn,پیشنهاد / پیمان,3,fhp_mbsx_tdil_z,fhp_mbsx_tdil_z,ستاره دار + تعدیل,DataGridViewTextBoxColumn,,,MiddleLeft,,,,,
note_tdnr_zrib_psn,پیشنهاد / پیمان,4,fhp_mbtj,fhp_mbtj,تجهیز برآوردی,DataGridViewTextBoxColumn,,,MiddleLeft,,,,,
note_tdnr_zrib_psn,پیشنهاد / پیمان,5,fhp_mb_totl_tdil_z,fhp_mb_totl_tdil_z,جمع برآوردی کل + تعدیل,DataGridViewTextBoxColumn,,,MiddleLeft,,,,,
note_tdnr_zrib_psn,پیشنهاد / پیمان,6,fhp_mbtj_psn,fhp_mbtj_psn,تجهیز پیشنهادی,DataGridViewTextBoxColumn,,,MiddleLeft,,,,,
note_tdnr_zrib_psn,پیشنهاد / پیمان,7,fhp_mb_totl_psn_z,fhp_mb_totl_psn_z,جمع پیشنهادی کل,DataGridViewTextBoxColumn,,,MiddleLeft,,,,,
note_tdnr_zrib_psn,پیشنهاد / پیمان,8,fhp_roshd_tdil_z,fhp_roshd_tdil_z,%رشد,DataGridViewTextBoxColumn,,50,MiddleCenter,,,,,
note_tdnr_zrib_psn,پیشنهاد / پیمان,9,shk_pd_m,shk_pd_m,شاخص مبنا,DataGridViewTextBoxColumn,,,MiddleCenter,,,,,
note_tdnr_zrib_psn,پیشنهاد / پیمان,10,shk_pd_j,shk_pd_j,شاخص جاری,DataGridViewTextBoxColumn,,,MiddleCenter,,,,,
Note_tdnv_nozr_psn,پیشنهاد / پیمان,1,fhp_abst,fhp_abst,عنوان دفترچه,DataGridViewTextBoxColumn,,,MiddleLeft,,,,,
Note_tdnv_nozr_psn,پیشنهاد / پیمان,2,fhp_mbfh,fhp_mbfh,فهرست بها,DataGridViewTextBoxColumn,,,MiddleLeft,,,,,
Note_tdnv_nozr_psn,پیشنهاد / پیمان,3,fhp_mbsx,fhp_mbsx,ستاره دار,DataGridViewTextBoxColumn,,,MiddleLeft,,,,,
Note_tdnv_nozr_psn,پیشنهاد / پیمان,4,fhp_mbtj,fhp_mbtj,تجهیز برآوردی,DataGridViewTextBoxColumn,,,MiddleLeft,,,,,
Note_tdnv_nozr_psn,پیشنهاد / پیمان,5,fhp_mb_totl,fhp_mb_totl,جمع برآوردی کل,DataGridViewTextBoxColumn,,,MiddleLeft,,,,,
Note_tdnv_nozr_psn,پیشنهاد / پیمان,6,fhp_mbtj_psn,fhp_mbtj_psn,تجهیز پیشنهادی,DataGridViewTextBoxColumn,,,MiddleLeft,,,,,
Note_tdnv_nozr_psn,پیشنهاد / پیمان,7,fhp_mb_totl_tdil_psn,fhp_mb_totl_tdil_psn,جمع پیشنهادی کل - تعدیل,DataGridViewTextBoxColumn,,,MiddleLeft,,,,,
Note_tdnv_nozr_psn,پیشنهاد / پیمان,8,fhp_roshd_tdil_psn,fhp_roshd_tdil_psn,%رشد,DataGridViewTextBoxColumn,,50,MiddleCenter,,,,,
Note_tdnv_nozr_psn,پیشنهاد / پیمان,9,shk_pd_m,shk_pd_m,شاخص مبنا,DataGridViewTextBoxColumn,,,MiddleCenter,,,,,
Note_tdnv_nozr_psn,پیشنهاد / پیمان,10,shk_pd_j,shk_pd_j,شاخص جاری,DataGridViewTextBoxColumn,,,MiddleCenter,,,,,
Note_tdnv_zrib_psn,پیشنهاد / پیمان,1,fhp_abst,fhp_abst,عنوان دفترچه,DataGridViewTextBoxColumn,,,MiddleLeft,,,,,
Note_tdnv_zrib_psn,پیشنهاد / پیمان,2,fhp_mbfh_z,fhp_mbfh_z,فهرست بها,DataGridViewTextBoxColumn,,,MiddleLeft,,,,,
Note_tdnv_zrib_psn,پیشنهاد / پیمان,3,fhp_mbsx_z,fhp_mbsx_z,ستاره دار,DataGridViewTextBoxColumn,,,MiddleLeft,,,,,
Note_tdnv_zrib_psn,پیشنهاد / پیمان,4,fhp_mbtj,fhp_mbtj,تجهیز برآوردی,DataGridViewTextBoxColumn,,,MiddleLeft,,,,,
Note_tdnv_zrib_psn,پیشنهاد / پیمان,5,fhp_mb_totl_z,fhp_mb_totl_z,جمع برآوردی کل,DataGridViewTextBoxColumn,,,MiddleLeft,,,,,
Note_tdnv_zrib_psn,پیشنهاد / پیمان,6,fhp_mbtj_psn,fhp_mbtj_psn,تجهیز پیشنهادی,DataGridViewTextBoxColumn,,,MiddleLeft,,,,,
Note_tdnv_zrib_psn,پیشنهاد / پیمان,7,fhp_mb_totl_tdil_psn_z,fhp_mb_totl_tdil_psn_z,جمع پیشنهادی کل - تعدیل,DataGridViewTextBoxColumn,,,MiddleLeft,,,,,
Note_tdnv_zrib_psn,پیشنهاد / پیمان,8,fhp_roshd_tdil_psn_z,fhp_roshd_tdil_psn_z,%رشد,DataGridViewTextBoxColumn,,50,MiddleCenter,,,,,
Note_tdnv_zrib_psn,پیشنهاد / پیمان,9,shk_pd_m,shk_pd_m,شاخص مبنا,DataGridViewTextBoxColumn,,,MiddleCenter,,,,,
Note_tdnv_zrib_psn,پیشنهاد / پیمان,10,shk_pd_j,shk_pd_j,شاخص جاری,DataGridViewTextBoxColumn,,,MiddleCenter,,,,,
Note_fact_nozr_psn,پیشنهاد / پیمان,1,fhp_abst,fhp_abst,عنوان دفترچه,DataGridViewTextBoxColumn,,,MiddleLeft,,,,,
Note_fact_nozr_psn,پیشنهاد / پیمان,2,fhp_mbfh,fhp_mbfh,فهرست بها,DataGridViewTextBoxColumn,,,MiddleLeft,,,,,
Note_fact_nozr_psn,پیشنهاد / پیمان,3,fhp_mbsx,fhp_mbsx,ستاره دار,DataGridViewTextBoxColumn,,,MiddleLeft,,,,,
Note_fact_nozr_psn,پیشنهاد / پیمان,4,fhp_mbtj,fhp_mbtj,تجهیزبرآوردباضرایب,DataGridViewTextBoxColumn,,,MiddleLeft,,,,تجهیز بااحتساب ضرایب,
Note_fact_nozr_psn,پیشنهاد / پیمان,5,fhp_mb_totl,fhp_mb_totl,جمع برآوردی,DataGridViewTextBoxColumn,,,MiddleLeft,,,,,
Note_fact_nozr_psn,پیشنهاد / پیمان,6,fhp_mbfc,fhp_mbfc,فاکتوری برآوردی,DataGridViewTextBoxColumn,,,MiddleLeft,,,,,
Note_fact_nozr_psn,پیشنهاد / پیمان,7,fhp_mbtj_psn,fhp_mbtj_psn,تجهیزپیشنهادباضرایب,DataGridViewTextBoxColumn,,,MiddleLeft,,,,تجهیز بااحتساب ضرایب,
Note_fact_nozr_psn,پیشنهاد / پیمان,8,fhp_mb_totl_psn,fhp_mb_totl_psn,جمع پیشنهادی,DataGridViewTextBoxColumn,,,MiddleLeft,,,,,
Note_fact_nozr_psn,پیشنهاد / پیمان,9,fhp_mbfc_psn,fhp_mbfc_psn,فاکتوری پیشنهادی,DataGridViewTextBoxColumn,,,MiddleLeft,,,,,
Note_fact_zrib_psn,پیشنهاد / پیمان,1,fhp_abst,fhp_abst,عنوان دفترچه,DataGridViewTextBoxColumn,,,MiddleLeft,,,,,
Note_fact_zrib_psn,پیشنهاد / پیمان,2,fhp_mbfh_z,fhp_mbfh_z,فهرست بها,DataGridViewTextBoxColumn,,,MiddleLeft,,,,,
Note_fact_zrib_psn,پیشنهاد / پیمان,3,fhp_mbsx_z,fhp_mbsx_z,ستاره دار,DataGridViewTextBoxColumn,,,MiddleLeft,,,,,
Note_fact_zrib_psn,پیشنهاد / پیمان,4,fhp_mbtj,fhp_mbtj,تجهیز برآوردی,DataGridViewTextBoxColumn,,,MiddleLeft,,,,,
Note_fact_zrib_psn,پیشنهاد / پیمان,5,fhp_mb_totl_z,fhp_mb_totl_z,جمع برآوردی,DataGridViewTextBoxColumn,,,MiddleLeft,,,,,
Note_fact_zrib_psn,پیشنهاد / پیمان,6,fhp_mbfc_z,fhp_mbfc_z,فاکتوری برآوردی,DataGridViewTextBoxColumn,,,MiddleLeft,,,,,
Note_fact_zrib_psn,پیشنهاد / پیمان,7,fhp_mbtj_psn,fhp_mbtj_psn,تجهیز پیشنهادی,DataGridViewTextBoxColumn,,,MiddleLeft,,,,,
Note_fact_zrib_psn,پیشنهاد / پیمان,8,fhp_mb_totl_psn_z,fhp_mb_totl_psn_z,جمع پیشنهادی,DataGridViewTextBoxColumn,,,MiddleLeft,,,,,
Note_fact_zrib_psn,پیشنهاد / پیمان,9,fhp_mbfc_psn_z,fhp_mbfc_psn_z,فاکتوری پیشنهادی,DataGridViewTextBoxColumn,,,MiddleLeft,,,,,
Note_list_nozr_svz,صورت‌وضعیت / کارکرد,1,fhp_rad,fhp_rad,ردیف,DataGridViewTextBoxColumn,,40,MiddleCenter,,,,,
Note_list_nozr_svz,صورت‌وضعیت / کارکرد,2,fhp_abst,fhp_abst,عنوان دفترچه,DataGridViewTextBoxColumn,,,MiddleLeft,,,,,
Note_list_nozr_svz,صورت‌وضعیت / کارکرد,3,fhp_mbfh_work,fhp_mbfh_work,فهرست بها,DataGridViewTextBoxColumn,,,MiddleLeft,,,,,
Note_list_nozr_svz,صورت‌وضعیت / کارکرد,4,fhp_mbsx_work,fhp_mbsx_work,ستاره دار,DataGridViewTextBoxColumn,,,MiddleLeft,,,,,
Note_list_nozr_svz,صورت‌وضعیت / کارکرد,5,fhp_mbfc_work,fhp_mbfc_work,فاکتوری,DataGridViewTextBoxColumn,,,MiddleLeft,,,,,
Note_list_nozr_svz,صورت‌وضعیت / کارکرد,6,fhp_mbmp_work,fhp_mbmp_work,مصالح پایکار,DataGridViewTextBoxColumn,,,MiddleLeft,,,,,
Note_list_nozr_svz,صورت‌وضعیت / کارکرد,7,fhp_mbtj_work,fhp_mbtj_work,تجهیزباضرایب,DataGridViewTextBoxColumn,,,MiddleLeft,,,,تجهیز بااحتساب ضرایب,
Note_list_nozr_svz,صورت‌وضعیت / کارکرد,8,fhp_mb_work,fhp_mb_work,مبلغ دفترچه,DataGridViewTextBoxColumn,,,MiddleLeft,,,,,
Note_list_nozr_svz,صورت‌وضعیت / کارکرد,9,fhp_pr_work,fhp_pr_work,% وزنی,DataGridViewTextBoxColumn,,50,MiddleCenter,,,,,
Note_list_zrib_svz,صورت‌وضعیت / کارکرد,1,fhp_rad,fhp_rad,ردیف,DataGridViewTextBoxColumn,,40,MiddleCenter,,,,,
Note_list_zrib_svz,صورت‌وضعیت / کارکرد,2,fhp_abst,fhp_abst,عنوان دفترچه,DataGridViewTextBoxColumn,,,MiddleLeft,,,,,
Note_list_zrib_svz,صورت‌وضعیت / کارکرد,3,fhp_mbfh_work_z,fhp_mbfh_work_z,فهرست بها,DataGridViewTextBoxColumn,,,MiddleLeft,,,,,
Note_list_zrib_svz,صورت‌وضعیت / کارکرد,4,fhp_mbsx_work_z,fhp_mbsx_work_z,ستاره دار,DataGridViewTextBoxColumn,,,MiddleLeft,,,,,
Note_list_zrib_svz,صورت‌وضعیت / کارکرد,5,fhp_mbfc_work_z,fhp_mbfc_work_z,فاکتوری,DataGridViewTextBoxColumn,,,MiddleLeft,,,,,
Note_list_zrib_svz,صورت‌وضعیت / کارکرد,6,fhp_mbmp_work_z,fhp_mbmp_work_z,مصالح پایکار,DataGridViewTextBoxColumn,,,MiddleLeft,,,,,
Note_list_zrib_svz,صورت‌وضعیت / کارکرد,7,fhp_mbtj_work,fhp_mbtj_work,مبلغ تجهیز,DataGridViewTextBoxColumn,,,MiddleLeft,,,,,
Note_list_zrib_svz,صورت‌وضعیت / کارکرد,8,fhp_mb_work_z,fhp_mb_work_z,مبلغ دفترچه,DataGridViewTextBoxColumn,,,MiddleLeft,,,,,
Note_list_zrib_svz,صورت‌وضعیت / کارکرد,9,fhp_pr_work_z,fhp_pr_work_z,% وزنی,DataGridViewTextBoxColumn,,50,MiddleCenter,,,,,
note_list_and_br_nozr_svz,صورت‌وضعیت / کارکرد,1,fhp_mb_totl,fhp_mb_totl,جمع برآوردی,DataGridViewTextBoxColumn,,,MiddleLeft,,,,جمع برآوردی(+تجهیز),
note_list_and_br_nozr_svz,صورت‌وضعیت / کارکرد,2,fhp_mbtj,fhp_mbtj,تجهیزبرآوردباضرایب,DataGridViewTextBoxColumn,,,MiddleLeft,,,,تجهیز بااحتساب ضرایب,
note_list_and_br_nozr_svz,صورت‌وضعیت / کارکرد,3,fhp_abst,fhp_abst,عنوان دفترچه,DataGridViewTextBoxColumn,,,MiddleLeft,,,,,
note_list_and_br_nozr_svz,صورت‌وضعیت / کارکرد,4,fhp_mbfh_work,fhp_mbfh_work,فهرست بها,DataGridViewTextBoxColumn,,,MiddleLeft,,,,,
note_list_and_br_nozr_svz,صورت‌وضعیت / کارکرد,5,fhp_mbsx_work,fhp_mbsx_work,ستاره دار,DataGridViewTextBoxColumn,,,MiddleLeft,,,,,
note_list_and_br_nozr_svz,صورت‌وضعیت / کارکرد,6,fhp_mbfc_work,fhp_mbfc_work,فاکتوری,DataGridViewTextBoxColumn,,,MiddleLeft,,,,,
note_list_and_br_nozr_svz,صورت‌وضعیت / کارکرد,7,fhp_mbmp_work,fhp_mbmp_work,مصالح پایکار,DataGridViewTextBoxColumn,,,MiddleLeft,,,,,
note_list_and_br_nozr_svz,صورت‌وضعیت / کارکرد,8,fhp_mbtj_work,fhp_mbtj_work,تجهیزکارکردباضرایب,DataGridViewTextBoxColumn,,,MiddleLeft,,,,تجهیز بااحتساب ضرایب,
note_list_and_br_nozr_svz,صورت‌وضعیت / کارکرد,9,fhp_mb_work,fhp_mb_work,مبلغ دفترچه,DataGridViewTextBoxColumn,,,MiddleLeft,,,,,
note_list_and_br_zrib_svz,صورت‌وضعیت / کارکرد,1,fhp_mb_totl_z,fhp_mb_totl_z,جمع برآوردی,DataGridViewTextBoxColumn,,,MiddleLeft,,,,جمع برآوردی(+تجهیز),
note_list_and_br_zrib_svz,صورت‌وضعیت / کارکرد,2,fhp_mbtj,fhp_mbtj,تجهیزبرآوردی,DataGridViewTextBoxColumn,,,MiddleLeft,,,,,
note_list_and_br_zrib_svz,صورت‌وضعیت / کارکرد,3,fhp_abst,fhp_abst,عنوان دفترچه,DataGridViewTextBoxColumn,,,MiddleLeft,,,,,
note_list_and_br_zrib_svz,صورت‌وضعیت / کارکرد,4,fhp_mbfh_work_z,fhp_mbfh_work_z,فهرست بها,DataGridViewTextBoxColumn,,,MiddleLeft,,,,,
note_list_and_br_zrib_svz,صورت‌وضعیت / کارکرد,5,fhp_mbsx_work_z,fhp_mbsx_work_z,ستاره دار,DataGridViewTextBoxColumn,,,MiddleLeft,,,,,
note_list_and_br_zrib_svz,صورت‌وضعیت / کارکرد,6,fhp_mbfc_work_z,fhp_mbfc_work_z,فاکتوری,DataGridViewTextBoxColumn,,,MiddleLeft,,,,,
note_list_and_br_zrib_svz,صورت‌وضعیت / کارکرد,7,fhp_mbmp_work_z,fhp_mbmp_work_z,مصالح پایکار,DataGridViewTextBoxColumn,,,MiddleLeft,,,,,
note_list_and_br_zrib_svz,صورت‌وضعیت / کارکرد,8,fhp_mbtj_work,fhp_mbtj_work,تجهیزکارکرد,DataGridViewTextBoxColumn,,,MiddleLeft,,,,,
note_list_and_br_zrib_svz,صورت‌وضعیت / کارکرد,9,fhp_mb_work_z,fhp_mb_work_z,مبلغ دفترچه,DataGridViewTextBoxColumn,,,MiddleLeft,,,,,
note_list_and_br_ol_nozr_svz,صورت‌وضعیت / کارکرد,1,fhp_rad,fhp_rad,ردیف,DataGridViewTextBoxColumn,,40,MiddleCenter,,,,,
note_list_and_br_ol_nozr_svz,صورت‌وضعیت / کارکرد,2,fhp_abst,fhp_abst,عنوان دفترچه,DataGridViewTextBoxColumn,,,MiddleLeft,,,,,
note_list_and_br_ol_nozr_svz,صورت‌وضعیت / کارکرد,3,fhp_mb_totl,fhp_mb_totl,مبلغ برآوردی,DataGridViewTextBoxColumn,,,MiddleLeft,,,,,
note_list_and_br_ol_nozr_svz,صورت‌وضعیت / کارکرد,4,fhp_mb_work_ol,fhp_mb_work_ol,جمع قبلی دفترچه,DataGridViewTextBoxColumn,,,MiddleLeft,,,,,
note_list_and_br_ol_nozr_svz,صورت‌وضعیت / کارکرد,5,fhp_mb_work_df,fhp_mb_work_df,مابه التفاوت,DataGridViewTextBoxColumn,,,MiddleLeft,,,,,
note_list_and_br_ol_nozr_svz,صورت‌وضعیت / کارکرد,6,fhp_mb_work,fhp_mb_work,مبلغ تجمعی دفترچه,DataGridViewTextBoxColumn,,,MiddleLeft,,,,,
note_list_and_br_ol_nozr_svz,صورت‌وضعیت / کارکرد,7,fhp_pr_work,fhp_pr_work,% وزنی,DataGridViewTextBoxColumn,,50,MiddleCenter,,,,,
note_list_and_br_ol_zrib_svz,صورت‌وضعیت / کارکرد,1,fhp_rad,fhp_rad,ردیف,DataGridViewTextBoxColumn,,40,MiddleCenter,,,,,
note_list_and_br_ol_zrib_svz,صورت‌وضعیت / کارکرد,2,fhp_abst,fhp_abst,عنوان دفترچه,DataGridViewTextBoxColumn,,,MiddleLeft,,,,,
note_list_and_br_ol_zrib_svz,صورت‌وضعیت / کارکرد,3,fhp_mb_totl_z,fhp_mb_totl_z,جمع برآوردی,DataGridViewTextBoxColumn,,,MiddleLeft,,,,,
note_list_and_br_ol_zrib_svz,صورت‌وضعیت / کارکرد,4,fhp_mb_work_ol_z,fhp_mb_work_ol_z,جمع قبلی دفترچه,DataGridViewTextBoxColumn,,,MiddleLeft,,,,,
note_list_and_br_ol_zrib_svz,صورت‌وضعیت / کارکرد,5,fhp_mb_work_df_z,fhp_mb_work_df_z,مابه التفاوت,DataGridViewTextBoxColumn,,,MiddleLeft,,,,,
note_list_and_br_ol_zrib_svz,صورت‌وضعیت / کارکرد,6,fhp_mb_work_z,fhp_mb_work_z,مبلغ تجمعی دفترچه,DataGridViewTextBoxColumn,,,MiddleLeft,,,,,
note_list_and_br_ol_zrib_svz,صورت‌وضعیت / کارکرد,7,fhp_pr_work_z,fhp_pr_work_z,% وزنی,DataGridViewTextBoxColumn,,50,MiddleCenter,,,,,
note_afzayesh_kahesh_nozr_svz,صورت‌وضعیت / کارکرد,1,fhp_rad,fhp_rad,ردیف,DataGridViewTextBoxColumn,,40,MiddleCenter,,,,,
note_afzayesh_kahesh_nozr_svz,صورت‌وضعیت / کارکرد,2,fhp_abst,fhp_abst,عنوان دفترچه,DataGridViewTextBoxColumn,,100,MiddleLeft,,,,,
note_afzayesh_kahesh_nozr_svz,صورت‌وضعیت / کارکرد,3,fhp_mb_totl,fhp_mb_totl,مبلغ برآوردی,DataGridViewTextBoxColumn,,,MiddleLeft,,,,مبلغ برآوردی(+تجهیز),
note_afzayesh_kahesh_nozr_svz,صورت‌وضعیت / کارکرد,4,fhp_mb_work,fhp_mb_work,اجرا شده + تجهیز,DataGridViewTextBoxColumn,,,MiddleLeft,,,,تجهیز بااحتساب ضرایب,
note_afzayesh_kahesh_nozr_svz,صورت‌وضعیت / کارکرد,5,fhp_fzkh_new,fhp_fzkh_new,قیمت جدید,DataGridViewTextBoxColumn,,,MiddleLeft,,,,,
note_afzayesh_kahesh_nozr_svz,صورت‌وضعیت / کارکرد,6,fhp_fzkh,fhp_fzkh,افزایش یافته,DataGridViewTextBoxColumn,,,MiddleLeft,,,,,
note_afzayesh_kahesh_nozr_svz,صورت‌وضعیت / کارکرد,7,fhp_fzkh_fznew,fhp_fzkh_fznew,افزایش یافته + قیمت جدید,DataGridViewTextBoxColumn,,,MiddleLeft,,,,,
note_afzayesh_kahesh_nozr_svz,صورت‌وضعیت / کارکرد,8,fhp_fzkh_kh,fhp_fzkh_kh,کاهش یافته,DataGridViewTextBoxColumn,,,MiddleLeft,,,,,
note_afzayesh_kahesh_zrib_svz,صورت‌وضعیت / کارکرد,1,fhp_rad,fhp_rad,ردیف,DataGridViewTextBoxColumn,,40,MiddleCenter,,,,,
note_afzayesh_kahesh_zrib_svz,صورت‌وضعیت / کارکرد,2,fhp_abst,fhp_abst,عنوان دفترچه,DataGridViewTextBoxColumn,,100,MiddleLeft,,,,,
note_afzayesh_kahesh_zrib_svz,صورت‌وضعیت / کارکرد,3,fhp_mb_totl_z,fhp_mb_totl_z,مبلغ برآوردی,DataGridViewTextBoxColumn,,,MiddleLeft,,,,مبلغ برآوردی(+تجهیز),
note_afzayesh_kahesh_zrib_svz,صورت‌وضعیت / کارکرد,4,fhp_mb_work_z,fhp_mb_work_z,اجرا شده + تجهیز,DataGridViewTextBoxColumn,,,MiddleLeft,,,,,
note_afzayesh_kahesh_zrib_svz,صورت‌وضعیت / کارکرد,5,fhp_fzkh_new_z,fhp_fzkh_new_z,قیمت جدید,DataGridViewTextBoxColumn,,,MiddleLeft,,,,,
note_afzayesh_kahesh_zrib_svz,صورت‌وضعیت / کارکرد,6,fhp_fzkh_new_z_percent,fhp_fzkh_new_z_percent,% جدید,DataGridViewTextBoxColumn,,,MiddleCenter,,,,,
note_afzayesh_kahesh_zrib_svz,صورت‌وضعیت / کارکرد,7,fhp_fzkh_z,fhp_fzkh_z,افزایش یافته,DataGridViewTextBoxColumn,,,MiddleLeft,,,,,
note_afzayesh_kahesh_zrib_svz,صورت‌وضعیت / کارکرد,8,fhp_fzkh_fznew_z,fhp_fzkh_fznew_z,افزایش یافته + قیمت جدید,DataGridViewTextBoxColumn,,,MiddleLeft,,,,,
note_afzayesh_kahesh_zrib_svz,صورت‌وضعیت / کارکرد,9,fhp_fzkh_fznew_z_percent,fhp_fzkh_fznew_z_percent,% افزایش,DataGridViewTextBoxColumn,,,MiddleCenter,,,,% افزایش یافته + قیمت جدید,
note_afzayesh_kahesh_zrib_svz,صورت‌وضعیت / کارکرد,10,fhp_fzkh_kh_z,fhp_fzkh_kh_z,کاهش یافته,DataGridViewTextBoxColumn,,,MiddleLeft,,,,,
note_afzayesh_kahesh_zrib_svz,صورت‌وضعیت / کارکرد,11,fhp_fzkh_kh_z_percent,fhp_fzkh_kh_z_percent,% کاهش,DataGridViewTextBoxColumn,,,MiddleCenter,,,,,
note_list_and_ps_nozr_svz,صورت‌وضعیت / کارکرد,1,fhp_roshd,fhp_roshd,% پیشنهاد,DataGridViewTextBoxColumn,,50,MiddleCenter,,,,,
note_list_and_ps_nozr_svz,صورت‌وضعیت / کارکرد,2,fhp_mb_totl_psn,fhp_mb_totl_psn,جمع پیشنهادی,DataGridViewTextBoxColumn,,,MiddleLeft,,,,,
note_list_and_ps_nozr_svz,صورت‌وضعیت / کارکرد,3,fhp_mbtj_psn,fhp_mbtj_psn,تجهیزپیشنهادباضرایب,DataGridViewTextBoxColumn,,,MiddleLeft,,,,تجهیز بااحتساب ضرایب,
note_list_and_ps_nozr_svz,صورت‌وضعیت / کارکرد,4,fhp_abst,fhp_abst,عنوان دفترچه,DataGridViewTextBoxColumn,,100,MiddleLeft,,,,,
note_list_and_ps_nozr_svz,صورت‌وضعیت / کارکرد,5,fhp_mbfh_work,fhp_mbfh_work,فهرست بها,DataGridViewTextBoxColumn,,,MiddleLeft,,,,,
note_list_and_ps_nozr_svz,صورت‌وضعیت / کارکرد,6,fhp_mbsx_work,fhp_mbsx_work,ستاره دار,DataGridViewTextBoxColumn,,,MiddleLeft,,,,,
note_list_and_ps_nozr_svz,صورت‌وضعیت / کارکرد,7,fhp_mbfc_work,fhp_mbfc_work,فاکتوری,DataGridViewTextBoxColumn,,,MiddleLeft,,,,,
note_list_and_ps_nozr_svz,صورت‌وضعیت / کارکرد,8,fhp_mbmp_work,fhp_mbmp_work,مصالح پایکار,DataGridViewTextBoxColumn,,,MiddleLeft,,,,,
note_list_and_ps_nozr_svz,صورت‌وضعیت / کارکرد,9,fhp_mbtj_work,fhp_mbtj_work,تجهیزکارکردباضرایب,DataGridViewTextBoxColumn,,,MiddleLeft,,,,تجهیز بااحتساب ضرایب,
note_list_and_ps_nozr_svz,صورت‌وضعیت / کارکرد,10,fhp_mb_work,fhp_mb_work,مبلغ دفترچه,DataGridViewTextBoxColumn,,,MiddleLeft,,,,,
note_list_and_ps_zrib_svz,صورت‌وضعیت / کارکرد,1,fhp_roshd_z,fhp_roshd_z,% پیشنهاد,DataGridViewTextBoxColumn,,50,MiddleCenter,,,,,
note_list_and_ps_zrib_svz,صورت‌وضعیت / کارکرد,2,fhp_mb_totl_psn_z,fhp_mb_totl_psn_z,جمع پیشنهادی,DataGridViewTextBoxColumn,,,MiddleLeft,,,,,
note_list_and_ps_zrib_svz,صورت‌وضعیت / کارکرد,3,fhp_mbtj_psn,fhp_mbtj_psn,تجهیزپیشنهادی,DataGridViewTextBoxColumn,,,MiddleLeft,,,,,
note_list_and_ps_zrib_svz,صورت‌وضعیت / کارکرد,4,fhp_abst,fhp_abst,عنوان دفترچه,DataGridViewTextBoxColumn,,100,MiddleLeft,,,,,
note_list_and_ps_zrib_svz,صورت‌وضعیت / کارکرد,5,fhp_mbfh_work_z,fhp_mbfh_work_z,فهرست بها,DataGridViewTextBoxColumn,,,MiddleLeft,,,,,
note_list_and_ps_zrib_svz,صورت‌وضعیت / کارکرد,6,fhp_mbsx_work_z,fhp_mbsx_work_z,ستاره دار,DataGridViewTextBoxColumn,,,MiddleLeft,,,,,
note_list_and_ps_zrib_svz,صورت‌وضعیت / کارکرد,7,fhp_mbfc_work_z,fhp_mbfc_work_z,فاکتوری,DataGridViewTextBoxColumn,,,MiddleLeft,,,,,
note_list_and_ps_zrib_svz,صورت‌وضعیت / کارکرد,8,fhp_mbmp_work_z,fhp_mbmp_work_z,مصالح پایکار,DataGridViewTextBoxColumn,,,MiddleLeft,,,,,
note_list_and_ps_zrib_svz,صورت‌وضعیت / کارکرد,9,fhp_mbtj_work,fhp_mbtj_work,تجهیزکارکرد,DataGridViewTextBoxColumn,,,MiddleLeft,,,,,
note_list_and_ps_zrib_svz,صورت‌وضعیت / کارکرد,10,fhp_mb_work_z,fhp_mb_work_z,مبلغ دفترچه,DataGridViewTextBoxColumn,,,MiddleLeft,,,,,
Note_tdil_nozr_svz,صورت‌وضعیت / کارکرد,1,fhp_rad,fhp_rad,ردیف,DataGridViewTextBoxColumn,,40,MiddleCenter,,,,,
Note_tdil_nozr_svz,صورت‌وضعیت / کارکرد,2,fhp_abst,fhp_abst,عنوان دفترچه,DataGridViewTextBoxColumn,,,MiddleLeft,,,,,
Note_tdil_nozr_svz,صورت‌وضعیت / کارکرد,3,fhp_mbfh_work_tatb,fhp_mbfh_work_tatb,فهرست بها,DataGridViewTextBoxColumn,,,MiddleLeft,,,,,
Note_tdil_nozr_svz,صورت‌وضعیت / کارکرد,4,fhp_mbsx_work_tatb,fhp_mbsx_work_tatb,ستاره دار,DataGridViewTextBoxColumn,,,MiddleLeft,,,,,
Note_tdil_nozr_svz,صورت‌وضعیت / کارکرد,5,fhp_mbfc_work_tatb,fhp_mbfc_work_tatb,فاکتوری,DataGridViewTextBoxColumn,,,MiddleLeft,,,,,
Note_tdil_nozr_svz,صورت‌وضعیت / کارکرد,6,fhp_mbmp_work_tatb,fhp_mbmp_work_tatb,مصالح پایکار,DataGridViewTextBoxColumn,,,MiddleLeft,,,,,
Note_tdil_nozr_svz,صورت‌وضعیت / کارکرد,7,fhp_mbtj_work_tatb,fhp_mbtj_work_tatb,تجهیزباضرایب,DataGridViewTextBoxColumn,,,MiddleLeft,,,,تجهیز بااحتساب ضرایب,
Note_tdil_nozr_svz,صورت‌وضعیت / کارکرد,8,fhp_mb_work_tatb,fhp_mb_work_tatb,مبلغ دفترچه,DataGridViewTextBoxColumn,,,MiddleLeft,,,,,
Note_tdil_nozr_svz,صورت‌وضعیت / کارکرد,9,fhp_pr_work,fhp_pr_work,% وزنی,DataGridViewTextBoxColumn,,50,MiddleCenter,,,,,
Note_tdil_zrib_svz,صورت‌وضعیت / کارکرد,1,fhp_rad,fhp_rad,ردیف,DataGridViewTextBoxColumn,,40,MiddleCenter,,,,,
Note_tdil_zrib_svz,صورت‌وضعیت / کارکرد,2,fhp_abst,fhp_abst,عنوان دفترچه,DataGridViewTextBoxColumn,,,MiddleLeft,,,,,
Note_tdil_zrib_svz,صورت‌وضعیت / کارکرد,3,fhp_mbfh_work_tatb_z,fhp_mbfh_work_tatb_z,فهرست بها,DataGridViewTextBoxColumn,,,MiddleLeft,,,,,
Note_tdil_zrib_svz,صورت‌وضعیت / کارکرد,4,fhp_mbsx_work_tatb_z,fhp_mbsx_work_tatb_z,ستاره دار,DataGridViewTextBoxColumn,,,MiddleLeft,,,,,
Note_tdil_zrib_svz,صورت‌وضعیت / کارکرد,5,fhp_mbfc_work_tatb_z,fhp_mbfc_work_tatb_z,فاکتوری,DataGridViewTextBoxColumn,,,MiddleLeft,,,,,
Note_tdil_zrib_svz,صورت‌وضعیت / کارکرد,6,fhp_mbmp_work_tatb_z,fhp_mbmp_work_tatb_z,مصالح پایکار,DataGridViewTextBoxColumn,,,MiddleLeft,,,,,
Note_tdil_zrib_svz,صورت‌وضعیت / کارکرد,7,fhp_mbtj_work_tatb,fhp_mbtj_work_tatb,مبلغ تجهیز,DataGridViewTextBoxColumn,,,MiddleLeft,,,,,
Note_tdil_zrib_svz,صورت‌وضعیت / کارکرد,8,fhp_mb_work_tatb_z,fhp_mb_work_tatb_z,مبلغ دفترچه,DataGridViewTextBoxColumn,,,MiddleLeft,,,,,
Note_tdil_zrib_svz,صورت‌وضعیت / کارکرد,9,fhp_pr_work_z,fhp_pr_work_z,% وزنی,DataGridViewTextBoxColumn,,50,MiddleCenter,,,,,
Haml,منابع / مصالح / حمل,1,hmp_cofh,hmp_cofh,کدفهرست,DataGridViewTextBoxColumn,60,60,MiddleCenter,,true,,,
Haml,منابع / مصالح / حمل,2,fbh_astr_str,fbh_astr_str,*,DataGridViewTextBoxColumn,22,22,MiddleCenter,,,,,
Haml,منابع / مصالح / حمل,3,fbh_abst,fbh_abst,شرح مختصر,DataGridViewTextBoxColumn,200,,MiddleLeft,,,,,
Haml,منابع / مصالح / حمل,4,fbh_unit,fbh_unit,واحد,DataGridViewTextBoxColumn,60,60,MiddleCenter,,,,,
Haml,منابع / مصالح / حمل,5,hmb_zar1,hmb_zar1,k1,DataGridViewTextBoxColumn,55,55,MiddleCenter,,,,,
Haml,منابع / مصالح / حمل,6,hmb_zar2,hmb_zar2,k2,DataGridViewTextBoxColumn,55,55,MiddleCenter,,,,,
Haml,منابع / مصالح / حمل,7,hmb_zar3,hmb_zar3,k3,DataGridViewTextBoxColumn,55,55,MiddleCenter,,,,,
Haml,منابع / مصالح / حمل,8,hmb_zar4,hmb_zar4,k4,DataGridViewTextBoxColumn,55,55,MiddleCenter,,,,,
Haml,منابع / مصالح / حمل,9,hmb_sumz,hmb_sumz,حاصلضرایب,DataGridViewTextBoxColumn,65,65,MiddleCenter,,,,,
Haml,منابع / مصالح / حمل,10,hmp_quan,hmp_quan,مقدار,DataGridViewTextBoxColumn,85,85,MiddleLeft,,true,,,
Haml,منابع / مصالح / حمل,11,hmp_totl,hmp_totl,جمع مصرفی,DataGridViewTextBoxColumn,105,105,MiddleLeft,,true,,,
Ana_haml,آنالیز بها / منابع,1,nmb_rad,nmb_rad,ردیف,DataGridViewTextBoxColumn,,,MiddleCenter,,,,,
Ana_haml,آنالیز بها / منابع,2,nmb_code_amel4,nmb_code_amel,کدعامل,DataGridViewTextBoxColumn,,,MiddleCenter,,,,,
Ana_haml,آنالیز بها / منابع,3,src_dscr,src_dscr,شرح حمل,DataGridViewTextBoxColumn,,,,,,,,
Ana_haml,آنالیز بها / منابع,4,src_unit,src_unit,واحد,DataGridViewTextBoxColumn,,,MiddleCenter,,,,,
Ana_haml,آنالیز بها / منابع,5,nmb_quan,nmb_quan,مقدار,DataGridViewTextBoxColumn,,,,,,,,
Ana_haml,آنالیز بها / منابع,6,nmb_pcun_,,بهای واحد,DataGridViewTextBoxColumn,,,,,,,,
Ana_haml,آنالیز بها / منابع,7,nmb_zrib,nmb_zrib,ضریب,DataGridViewTextBoxColumn,,,,,,,,
Ana_haml,آنالیز بها / منابع,8,nmb_pcal_,,بهای کل,DataGridViewTextBoxColumn,,,,,,,,
Ana_masaleh,آنالیز بها / منابع,1,nmb_rad,nmb_rad,ردیف,DataGridViewTextBoxColumn,,35,MiddleCenter,,,,,
Ana_masaleh,آنالیز بها / منابع,2,nmb_code_amel3,nmb_code_amel,کدعامل,DataGridViewTextBoxColumn,,,MiddleCenter,,,,,
Ana_masaleh,آنالیز بها / منابع,3,src_dscr,src_dscr,شرح مصالح,DataGridViewTextBoxColumn,,,,,,,,
Ana_masaleh,آنالیز بها / منابع,4,src_unit,src_unit,واحد,DataGridViewTextBoxColumn,,,MiddleCenter,,,,,
Ana_masaleh,آنالیز بها / منابع,5,nmb_quan,nmb_quan,مقدار,DataGridViewTextBoxColumn,,,,,,,,
Ana_masaleh,آنالیز بها / منابع,6,nmb_pcun_,,بهای واحد,DataGridViewTextBoxColumn,,,,,,,,
Ana_masaleh,آنالیز بها / منابع,7,nmb_zrib,nmb_zrib,ضریب,DataGridViewTextBoxColumn,,,,,,,,
Ana_masaleh,آنالیز بها / منابع,8,nmb_pcal_,,بهای کل,DataGridViewTextBoxColumn,,,,,,,,
Ana_machine,آنالیز بها / منابع,1,nmb_rad,nmb_rad,ردیف,DataGridViewTextBoxColumn,,35,MiddleCenter,,,,,
Ana_machine,آنالیز بها / منابع,2,nmb_code_amel2,nmb_code_amel,کدعامل,DataGridViewTextBoxColumn,,,MiddleCenter,,,,,
Ana_machine,آنالیز بها / منابع,3,src_dscr,src_dscr,شرح ماشین آلات,DataGridViewTextBoxColumn,,,,,,,,
Ana_machine,آنالیز بها / منابع,4,src_unit,src_unit,واحد,DataGridViewTextBoxColumn,,,MiddleCenter,,,,,
Ana_machine,آنالیز بها / منابع,5,nmb_quan,nmb_quan,مقدار,DataGridViewTextBoxColumn,,,,,,,,
Ana_machine,آنالیز بها / منابع,6,nmb_pcun_,,بهای واحد,DataGridViewTextBoxColumn,,,,,,,,
Ana_machine,آنالیز بها / منابع,7,nmb_zrib,nmb_zrib,ضریب,DataGridViewTextBoxColumn,,,,,,,,
Ana_machine,آنالیز بها / منابع,8,nmb_pcal_,,بهای کل,DataGridViewTextBoxColumn,,,,,,,,
Ana_ensani,آنالیز بها / منابع,1,nmb_rad,nmb_rad,ردیف,DataGridViewTextBoxColumn,,35,MiddleCenter,,,,,
Ana_ensani,آنالیز بها / منابع,2,nmb_code_amel,nmb_code_amel,کدعامل,DataGridViewTextBoxColumn,,,MiddleCenter,,,,,
Ana_ensani,آنالیز بها / منابع,3,src_dscr,src_dscr,شرح نیروی انسانی,DataGridViewTextBoxColumn,,,,,,,,
Ana_ensani,آنالیز بها / منابع,4,src_unit,src_unit,واحد,DataGridViewTextBoxColumn,,,MiddleCenter,,,,,
Ana_ensani,آنالیز بها / منابع,5,nmb_quan,nmb_quan,مقدار,DataGridViewTextBoxColumn,,,,,,,,
Ana_ensani,آنالیز بها / منابع,6,nmb_pcun_,,بهای واحد,DataGridViewTextBoxColumn,,,,,,,,
Ana_ensani,آنالیز بها / منابع,7,nmb_zrib,nmb_zrib,ضریب,DataGridViewTextBoxColumn,,,,,,,,
Ana_ensani,آنالیز بها / منابع,8,nmb_pcal_,,بهای کل,DataGridViewTextBoxColumn,,,,,,,,
ana_haml_4951,آنالیز بها / منابع,1,nmb_rad,nmb_rad,ردیف,DataGridViewTextBoxColumn,,35,MiddleCenter,,,,,
ana_haml_4951,آنالیز بها / منابع,2,nmb_code_amel4,nmb_code_amel,کدعامل,DataGridViewTextBoxColumn,,,MiddleCenter,,,,,
ana_haml_4951,آنالیز بها / منابع,3,src_dscr,src_dscr,شرح حمل,DataGridViewTextBoxColumn,,,,,,,,
ana_haml_4951,آنالیز بها / منابع,4,src_unit,src_unit,واحد,DataGridViewTextBoxColumn,,,MiddleCenter,,,,,
ana_haml_4951,آنالیز بها / منابع,5,nmb_quan,nmb_quan,مقدار,DataGridViewTextBoxColumn,,,,,,,,
ana_haml_4951,آنالیز بها / منابع,6,nmb_pcun_,,بهای واحد,DataGridViewTextBoxColumn,,,,,,,,
ana_haml_4951,آنالیز بها / منابع,7,nmb_zrib,nmb_zrib,ضریب,DataGridViewTextBoxColumn,,,,,,,,
ana_haml_4951,آنالیز بها / منابع,8,nmb_pcal_,,بهای کل,DataGridViewTextBoxColumn,,,,,,,,
ana_masaleh_4951,آنالیز بها / منابع,1,nmb_rad,nmb_rad,ردیف,DataGridViewTextBoxColumn,,35,MiddleCenter,,,,,
ana_masaleh_4951,آنالیز بها / منابع,2,nmb_code_amel3,nmb_code_amel,کدعامل,DataGridViewTextBoxColumn,,,MiddleCenter,,,,,
ana_masaleh_4951,آنالیز بها / منابع,3,src_dscr,src_dscr,شرح مصالح,DataGridViewTextBoxColumn,,,,,,,,
ana_masaleh_4951,آنالیز بها / منابع,4,src_unit,src_unit,واحد,DataGridViewTextBoxColumn,,,MiddleCenter,,,,,
ana_masaleh_4951,آنالیز بها / منابع,5,nmb_quan,nmb_quan,مقدار,DataGridViewTextBoxColumn,,,,,,,,
ana_masaleh_4951,آنالیز بها / منابع,6,nmb_pcun_,,بهای واحد,DataGridViewTextBoxColumn,,,,,,,,
ana_masaleh_4951,آنالیز بها / منابع,7,nmb_zrib,nmb_zrib,ضریب,DataGridViewTextBoxColumn,,,,,,,,
ana_masaleh_4951,آنالیز بها / منابع,8,nmb_pcal_,,بهای کل,DataGridViewTextBoxColumn,,,,,,,,
ana_machine_4951,آنالیز بها / منابع,1,nmb_rad,nmb_rad,ردیف,DataGridViewTextBoxColumn,,35,MiddleCenter,,,,,
ana_machine_4951,آنالیز بها / منابع,2,nmb_code_amel2,nmb_code_amel,کدعامل,DataGridViewTextBoxColumn,,,MiddleCenter,,,,,
ana_machine_4951,آنالیز بها / منابع,3,src_dscr,src_dscr,شرح ماشین آلات,DataGridViewTextBoxColumn,,,,,,,,
ana_machine_4951,آنالیز بها / منابع,4,src_unit,src_unit,واحد,DataGridViewTextBoxColumn,,,MiddleCenter,,,,,
ana_machine_4951,آنالیز بها / منابع,5,nmb_quan,nmb_quan,مقدار,DataGridViewTextBoxColumn,,,,,,,,
ana_machine_4951,آنالیز بها / منابع,6,nmb_pcun_,,بهای واحد,DataGridViewTextBoxColumn,,,,,,,,
ana_machine_4951,آنالیز بها / منابع,7,nmb_zrib,nmb_zrib,ضریب,DataGridViewTextBoxColumn,,,,,,,,
ana_machine_4951,آنالیز بها / منابع,8,nmb_pcal_,,بهای کل,DataGridViewTextBoxColumn,,,,,,,,
ana_ensani_4951,آنالیز بها / منابع,1,nmb_rad,nmb_rad,ردیف,DataGridViewTextBoxColumn,,35,MiddleCenter,,,,,
ana_ensani_4951,آنالیز بها / منابع,2,nmb_code_amel,nmb_code_amel,کدعامل,DataGridViewTextBoxColumn,,,MiddleCenter,,,,,
ana_ensani_4951,آنالیز بها / منابع,3,src_dscr,src_dscr,شرح نیروی انسانی,DataGridViewTextBoxColumn,,,,,,,,
ana_ensani_4951,آنالیز بها / منابع,4,src_unit,src_unit,واحد,DataGridViewTextBoxColumn,,,MiddleCenter,,,,,
ana_ensani_4951,آنالیز بها / منابع,5,nmb_quan,nmb_quan,مقدار,DataGridViewTextBoxColumn,,,,,,,,
ana_ensani_4951,آنالیز بها / منابع,6,nmb_pcun_,,بهای واحد,DataGridViewTextBoxColumn,,,,,,,,
ana_ensani_4951,آنالیز بها / منابع,7,nmb_zrib,nmb_zrib,ضریب,DataGridViewTextBoxColumn,,,,,,,,
ana_ensani_4951,آنالیز بها / منابع,8,nmb_pcal_,,بهای کل,DataGridViewTextBoxColumn,,,,,,,,
sorcp_ensani,منابع / مصالح / حمل,1,src_rad,src_rad,ردیف,DataGridViewTextBoxColumn,,35,MiddleCenter,,,,,
sorcp_ensani,منابع / مصالح / حمل,2,src_code_amel,src_code_amel,کدعامل,DataGridViewTextBoxColumn,,,MiddleCenter,,,,,
sorcp_ensani,منابع / مصالح / حمل,3,src_dscr,src_dscr,شرح نیروی انسانی,DataGridViewTextBoxColumn,,,,,,,,
sorcp_ensani,منابع / مصالح / حمل,4,src_unit,src_unit,واحد,DataGridViewTextBoxColumn,,,MiddleCenter,,,,,
sorcp_ensani,منابع / مصالح / حمل,5,src_pcun_,,بهای واحد,DataGridViewTextBoxColumn,,,,,,,,
sorcp_ensani,منابع / مصالح / حمل,6,src_quan,src_quan,مقدار,DataGridViewTextBoxColumn,,,,,,,,
sorcp_ensani,منابع / مصالح / حمل,7,src_pcal_,,بهای کل,DataGridViewTextBoxColumn,,,,,true,,,
sorcp_ensani,منابع / مصالح / حمل,8,src_prcn_,,% وزنی,DataGridViewTextBoxColumn,,42,MiddleCenter,,true,,,
sorcp_machine,منابع / مصالح / حمل,1,src_rad,src_rad,ردیف,DataGridViewTextBoxColumn,,35,MiddleCenter,,,,,
sorcp_machine,منابع / مصالح / حمل,2,src_code_amel2,src_code_amel,کدعامل,DataGridViewTextBoxColumn,,,MiddleCenter,,,,,
sorcp_machine,منابع / مصالح / حمل,3,src_dscr,src_dscr,شرح ماشین آلات,DataGridViewTextBoxColumn,,,,,,,,
sorcp_machine,منابع / مصالح / حمل,4,src_unit,src_unit,واحد,DataGridViewTextBoxColumn,,,MiddleCenter,,,,,
sorcp_machine,منابع / مصالح / حمل,5,src_pcun_,,بهای واحد,DataGridViewTextBoxColumn,,,,,,,,
sorcp_machine,منابع / مصالح / حمل,6,src_quan,src_quan,مقدار,DataGridViewTextBoxColumn,,,,,,,,
sorcp_machine,منابع / مصالح / حمل,7,src_pcal_,,بهای کل,DataGridViewTextBoxColumn,,,,,true,,,
sorcp_machine,منابع / مصالح / حمل,8,src_prcn_,,% وزنی,DataGridViewTextBoxColumn,,42,MiddleCenter,,true,,,
sorcp_masaleh,منابع / مصالح / حمل,1,src_rad,src_rad,ردیف,DataGridViewTextBoxColumn,,35,MiddleCenter,,,,,
sorcp_masaleh,منابع / مصالح / حمل,2,src_code_amel3,src_code_amel,کدعامل,DataGridViewTextBoxColumn,,,MiddleCenter,,,,,
sorcp_masaleh,منابع / مصالح / حمل,3,src_dscr,src_dscr,شرح مصالح,DataGridViewTextBoxColumn,,,,,,,,
sorcp_masaleh,منابع / مصالح / حمل,4,src_unit,src_unit,واحد,DataGridViewTextBoxColumn,,,MiddleCenter,,,,,
sorcp_masaleh,منابع / مصالح / حمل,5,src_pcun_,,بهای واحد,DataGridViewTextBoxColumn,,,,,,,,
sorcp_masaleh,منابع / مصالح / حمل,6,src_quan,src_quan,مقدار,DataGridViewTextBoxColumn,,,,,,,,
sorcp_masaleh,منابع / مصالح / حمل,7,src_pcal_,,بهای کل,DataGridViewTextBoxColumn,,,,,true,,,
sorcp_masaleh,منابع / مصالح / حمل,8,src_prcn_,,% وزنی,DataGridViewTextBoxColumn,,42,MiddleCenter,,true,,,
sorcp_haml,منابع / مصالح / حمل,1,src_rad,src_rad,ردیف,DataGridViewTextBoxColumn,,35,MiddleCenter,,,,,
sorcp_haml,منابع / مصالح / حمل,2,src_code_amel4,src_code_amel,کدعامل,DataGridViewTextBoxColumn,,,MiddleCenter,,,,,
sorcp_haml,منابع / مصالح / حمل,3,src_dscr,src_dscr,شرح حمل,DataGridViewTextBoxColumn,,,,,,,,
sorcp_haml,منابع / مصالح / حمل,4,src_unit,src_unit,واحد,DataGridViewTextBoxColumn,,,MiddleCenter,,,,,
sorcp_haml,منابع / مصالح / حمل,5,src_pcun_,,بهای واحد,DataGridViewTextBoxColumn,,,,,,,,
sorcp_haml,منابع / مصالح / حمل,6,src_quan,src_quan,مقدار,DataGridViewTextBoxColumn,,,,,,,,
sorcp_haml,منابع / مصالح / حمل,7,src_pcal_,,بهای کل,DataGridViewTextBoxColumn,,,,,true,,,
sorcp_haml,منابع / مصالح / حمل,8,src_prcn_,,% وزنی,DataGridViewTextBoxColumn,,42,MiddleCenter,,true,,,
sorcp_ensani_svz,صورت‌وضعیت / کارکرد,1,src_rad,src_rad,ردیف,DataGridViewTextBoxColumn,,35,MiddleCenter,,,,,
sorcp_ensani_svz,صورت‌وضعیت / کارکرد,2,src_code_amel,src_code_amel,کدعامل,DataGridViewTextBoxColumn,,,MiddleCenter,,,,,
sorcp_ensani_svz,صورت‌وضعیت / کارکرد,3,src_dscr,src_dscr,شرح نیروی انسانی,DataGridViewTextBoxColumn,,,,,,,,
sorcp_ensani_svz,صورت‌وضعیت / کارکرد,4,src_unit,src_unit,واحد,DataGridViewTextBoxColumn,,,MiddleCenter,,,,,
sorcp_ensani_svz,صورت‌وضعیت / کارکرد,5,src_pcun_,,بهای واحد,DataGridViewTextBoxColumn,,,,,,,,
sorcp_ensani_svz,صورت‌وضعیت / کارکرد,6,src_quan,src_quan,مقدار برآوردی,DataGridViewTextBoxColumn,,,,,,,,
sorcp_ensani_svz,صورت‌وضعیت / کارکرد,7,src_qust_ol,src_qust_ol,مقدار قبلی,DataGridViewTextBoxColumn,,,,,,,,
sorcp_ensani_svz,صورت‌وضعیت / کارکرد,8,src_qust,src_qust,مقداراجراشده,DataGridViewTextBoxColumn,,,,,,,,
sorcp_ensani_svz,صورت‌وضعیت / کارکرد,9,src_pcal_,,بهای کل اجرا,DataGridViewTextBoxColumn,,,,,true,,,
sorcp_ensani_svz,صورت‌وضعیت / کارکرد,10,src_prcn_,,%وزنی,DataGridViewTextBoxColumn,,42,MiddleCenter,,true,,,
sorcp_machine_svz,صورت‌وضعیت / کارکرد,1,src_rad,src_rad,ردیف,DataGridViewTextBoxColumn,,35,MiddleCenter,,,,,
sorcp_machine_svz,صورت‌وضعیت / کارکرد,2,src_code_amel2,src_code_amel,کدعامل,DataGridViewTextBoxColumn,,,MiddleCenter,,,,,
sorcp_machine_svz,صورت‌وضعیت / کارکرد,3,src_dscr,src_dscr,شرح ماشین آلات,DataGridViewTextBoxColumn,,,,,,,,
sorcp_machine_svz,صورت‌وضعیت / کارکرد,4,src_unit,src_unit,واحد,DataGridViewTextBoxColumn,,,MiddleCenter,,,,,
sorcp_machine_svz,صورت‌وضعیت / کارکرد,5,src_pcun_,,بهای واحد,DataGridViewTextBoxColumn,,,,,,,,
sorcp_machine_svz,صورت‌وضعیت / کارکرد,6,src_quan,src_quan,مقدار برآوردی,DataGridViewTextBoxColumn,,,,,,,,
sorcp_machine_svz,صورت‌وضعیت / کارکرد,7,src_qust_ol,src_qust_ol,مقدار قبلی,DataGridViewTextBoxColumn,,,,,,,,
sorcp_machine_svz,صورت‌وضعیت / کارکرد,8,src_qust,src_qust,مقداراجراشده,DataGridViewTextBoxColumn,,,,,,,,
sorcp_machine_svz,صورت‌وضعیت / کارکرد,9,src_pcal_,,بهای کل اجرا,DataGridViewTextBoxColumn,,,,,true,,,
sorcp_machine_svz,صورت‌وضعیت / کارکرد,10,src_prcn_,,%وزنی,DataGridViewTextBoxColumn,,42,MiddleCenter,,true,,,
sorcp_masaleh_svz,صورت‌وضعیت / کارکرد,1,src_rad,src_rad,ردیف,DataGridViewTextBoxColumn,,35,MiddleCenter,,,,,
sorcp_masaleh_svz,صورت‌وضعیت / کارکرد,2,src_code_amel3,src_code_amel,کدعامل,DataGridViewTextBoxColumn,,,MiddleCenter,,,,,
sorcp_masaleh_svz,صورت‌وضعیت / کارکرد,3,src_dscr,src_dscr,شرح مصالح,DataGridViewTextBoxColumn,,,,,,,,
sorcp_masaleh_svz,صورت‌وضعیت / کارکرد,4,src_unit,src_unit,واحد,DataGridViewTextBoxColumn,,,MiddleCenter,,,,,
sorcp_masaleh_svz,صورت‌وضعیت / کارکرد,5,src_pcun_,,بهای واحد,DataGridViewTextBoxColumn,,,,,,,,
sorcp_masaleh_svz,صورت‌وضعیت / کارکرد,6,src_quan,src_quan,مقدار برآوردی,DataGridViewTextBoxColumn,,,,,,,,
sorcp_masaleh_svz,صورت‌وضعیت / کارکرد,7,src_qust_in,src_qust_in,مقدار ورودی,DataGridViewTextBoxColumn,,,,,,,,
sorcp_masaleh_svz,صورت‌وضعیت / کارکرد,8,src_qust_ol,src_qust_ol,مقدار قبلی,DataGridViewTextBoxColumn,,,,,,,,
sorcp_masaleh_svz,صورت‌وضعیت / کارکرد,9,src_qust,src_qust,مقداراجراشده,DataGridViewTextBoxColumn,,,,,,,,
sorcp_masaleh_svz,صورت‌وضعیت / کارکرد,10,src_pcal_,,بهای کل اجرا,DataGridViewTextBoxColumn,,,,,true,,,
sorcp_masaleh_svz,صورت‌وضعیت / کارکرد,11,src_prcn_,,%وزنی,DataGridViewTextBoxColumn,,42,MiddleCenter,,true,,,
sorcp_haml_svz,صورت‌وضعیت / کارکرد,1,src_rad,src_rad,ردیف,DataGridViewTextBoxColumn,,35,MiddleCenter,,,,,
sorcp_haml_svz,صورت‌وضعیت / کارکرد,2,src_code_amel4,src_code_amel,کدعامل,DataGridViewTextBoxColumn,,,MiddleCenter,,,,,
sorcp_haml_svz,صورت‌وضعیت / کارکرد,3,src_dscr,src_dscr,شرح حمل,DataGridViewTextBoxColumn,,,,,,,,
sorcp_haml_svz,صورت‌وضعیت / کارکرد,4,src_unit,src_unit,واحد,DataGridViewTextBoxColumn,,,MiddleCenter,,,,,
sorcp_haml_svz,صورت‌وضعیت / کارکرد,5,src_pcun_,,بهای واحد,DataGridViewTextBoxColumn,,,,,,,,
sorcp_haml_svz,صورت‌وضعیت / کارکرد,6,src_quan,src_quan,مقدار برآوردی,DataGridViewTextBoxColumn,,,,,,,,
sorcp_haml_svz,صورت‌وضعیت / کارکرد,7,src_qust_ol,src_qust_ol,مقدار قبلی,DataGridViewTextBoxColumn,,,,,,,,
sorcp_haml_svz,صورت‌وضعیت / کارکرد,8,src_qust,src_qust,مقدار اجراشده,DataGridViewTextBoxColumn,,,,,,,,
sorcp_haml_svz,صورت‌وضعیت / کارکرد,9,src_pcal_,,بهای کل اجرا,DataGridViewTextBoxColumn,,,,,true,,,
sorcp_haml_svz,صورت‌وضعیت / کارکرد,10,src_prcn_,,%وزنی,DataGridViewTextBoxColumn,,42,MiddleCenter,,true,,,
dife,مابه‌التفاوت / اختلاف,1,fsp_rad,fsp_rad,ردیف,DataGridViewTextBoxColumn,,33,MiddleCenter,,,,,
dife,صورتجلسه / خدمات,2,fsp_atsj,fsp_atsj,صورت مجلس,DataGridViewTextBoxColumn,,50,MiddleCenter,,,,,
dife,مابه‌التفاوت / اختلاف,3,fsp_numb,fsp_numb,شماره فاکتور,DataGridViewTextBoxColumn,,45,MiddleCenter,,,,,
dife,مابه‌التفاوت / اختلاف,4,fsp_date,fsp_date,تاریخ فاکتور,DataGridViewTextBoxColumn,,65,MiddleCenter,,,,,
dife,مابه‌التفاوت / اختلاف,5,fsp_dscr,fsp_dscr,شرح,DataGridViewTextBoxColumn,,,,,,,,Fill
dife,مابه‌التفاوت / اختلاف,6,fsp_quan,fsp_quan,مقدار,DataGridViewTextBoxColumn,,,,,,,,
dife,مابه‌التفاوت / اختلاف,7,fsp_zrpt,fsp_zrpt,پرت,DataGridViewTextBoxColumn,,35,MiddleCenter,,,,,
dife,مابه‌التفاوت / اختلاف,8,fsp_prja,fsp_prja,خرید آزاد,DataGridViewTextBoxColumn,,,,,,,,
dife,مابه‌التفاوت / اختلاف,9,fsp_prfc,fsp_prfc,پیوست 2,DataGridViewTextBoxColumn,,,,,,,,
dife,مابه‌التفاوت / اختلاف,10,fsp_prmb,fsp_prmb,نرخ مبنا,DataGridViewTextBoxColumn,,,,,,,,
dife,مابه‌التفاوت / اختلاف,11,fsp_prmf,fsp_prmf,تفاوت بها,DataGridViewTextBoxColumn,,,,,,,,
dife,مابه‌التفاوت / اختلاف,12,fsp_totl,fsp_totl,جمع بریال,DataGridViewTextBoxColumn,,,,,,,,
difeplus,مابه‌التفاوت / اختلاف,1,fsp_rad,fsp_rad,ردیف,DataGridViewTextBoxColumn,,33,MiddleCenter,,,,,
difeplus,صورتجلسه / خدمات,2,fsp_atsj,fsp_atsj,صورت مجلس,DataGridViewTextBoxColumn,,50,MiddleCenter,,,,,
difeplus,مابه‌التفاوت / اختلاف,3,fsp_numb,fsp_numb,شماره فاکتور,DataGridViewTextBoxColumn,,45,MiddleCenter,,,,,
difeplus,مابه‌التفاوت / اختلاف,4,fsp_date,fsp_date,تاریخ فاکتور,DataGridViewTextBoxColumn,,65,MiddleCenter,,,,,
difeplus,مابه‌التفاوت / اختلاف,5,fsp_dscr,fsp_dscr,شرح,DataGridViewTextBoxColumn,,,,,,,,Fill
difeplus,مابه‌التفاوت / اختلاف,6,fsp_quan,fsp_quan,مقدار,DataGridViewTextBoxColumn,,,,,,,,
difeplus,مابه‌التفاوت / اختلاف,7,fsp_zrpt,fsp_zrpt,پرت,DataGridViewTextBoxColumn,,35,MiddleCenter,,,,,
difeplus,مابه‌التفاوت / اختلاف,8,fsp_prja_mtmb,fsp_prja_mtmb,جاری ( پیوست ها یا فاکتور Min ),DataGridViewTextBoxColumn,,,,,,,,
difeplus,آنالیز بها / منابع,9,fsp_prmb_mtmb,fsp_prmb_mtmb,مبنا ( پیوست ها یا آنالیز Max ),DataGridViewTextBoxColumn,,,,,,,,
difeplus,تعدیل / شاخص,10,fsp_tdyr_mtmb,fsp_tdyr_mtmb,تعدیل سالیانه,DataGridViewTextBoxColumn,,50,,,,,,
difeplus,مابه‌التفاوت / اختلاف,11,fsp_tiyr_mtmb,fsp_tiyr_mtmb,زمان به سال,DataGridViewTextBoxColumn,,50,,,,,,
difeplus,مابه‌التفاوت / اختلاف,12,fsp_prmf_mtmb,fsp_prmf_mtmb,تفاوت بها,DataGridViewTextBoxColumn,,,,,,,,
difeplus,مابه‌التفاوت / اختلاف,13,fsp_totl_mtmb,fsp_totl_mtmb,جمع بریال,DataGridViewTextBoxColumn,,,,,,,,
sorcp_ensani_acts,منابع / مصالح / حمل,1,src_rad,src_rad,ردیف,DataGridViewTextBoxColumn,,35,MiddleCenter,,,,,
sorcp_ensani_acts,منابع / مصالح / حمل,2,src_dscr,src_dscr,شرح نیروی انسانی,DataGridViewTextBoxColumn,,,,,,,,
sorcp_ensani_acts,منابع / مصالح / حمل,3,src_unit,src_unit,واحد,DataGridViewTextBoxColumn,,,MiddleCenter,,,,,
sorcp_ensani_acts,منابع / مصالح / حمل,4,src_pcun_,,بهای واحد,DataGridViewTextBoxColumn,,,,,,,,
sorcp_ensani_acts,منابع / مصالح / حمل,5,src_quan,src_quan,مقدار مورد نیاز,DataGridViewTextBoxColumn,,,,,,,,
sorcp_ensani_acts,منابع / مصالح / حمل,6,src_pcal_,,بهای کل,DataGridViewTextBoxColumn,,,,,,,,
sorcp_ensani_acts,منابع / مصالح / حمل,7,src_count,src_count,تعداد موجود,DataGridViewTextBoxColumn,,,MiddleCenter,,,,,
sorcp_machine_acts,منابع / مصالح / حمل,1,src_rad,src_rad,ردیف,DataGridViewTextBoxColumn,,35,MiddleCenter,,,,,
sorcp_machine_acts,منابع / مصالح / حمل,2,src_dscr,src_dscr,شرح ماشین آلات,DataGridViewTextBoxColumn,,,,,,,,
sorcp_machine_acts,منابع / مصالح / حمل,3,src_unit,src_unit,واحد,DataGridViewTextBoxColumn,,,MiddleCenter,,,,,
sorcp_machine_acts,منابع / مصالح / حمل,4,src_pcun_,,بهای واحد,DataGridViewTextBoxColumn,,,,,,,,
sorcp_machine_acts,منابع / مصالح / حمل,5,src_quan,src_quan,مقدار مورد نیاز,DataGridViewTextBoxColumn,,,,,,,,
sorcp_machine_acts,منابع / مصالح / حمل,6,src_pcal_,,بهای کل,DataGridViewTextBoxColumn,,,,,,,,
sorcp_machine_acts,منابع / مصالح / حمل,7,src_count,src_count,تعداد موجود,DataGridViewTextBoxColumn,,,MiddleCenter,,,,,
sorcp_masaleh_acts,منابع / مصالح / حمل,1,src_rad,src_rad,ردیف,DataGridViewTextBoxColumn,,35,MiddleCenter,,,,,
sorcp_masaleh_acts,منابع / مصالح / حمل,2,src_dscr,src_dscr,شرح مصالح,DataGridViewTextBoxColumn,,,,,,,,
sorcp_masaleh_acts,منابع / مصالح / حمل,3,src_unit,src_unit,واحد,DataGridViewTextBoxColumn,,,MiddleCenter,,,,,
sorcp_masaleh_acts,منابع / مصالح / حمل,4,src_pcun_,,بهای واحد,DataGridViewTextBoxColumn,,,,,,,,
sorcp_masaleh_acts,منابع / مصالح / حمل,5,src_quan,src_quan,مقدار مورد نیاز,DataGridViewTextBoxColumn,,,,,,,,
sorcp_masaleh_acts,منابع / مصالح / حمل,6,src_pcal_,,بهای کل,DataGridViewTextBoxColumn,,,,,,,,
sorcp_masaleh_acts,منابع / مصالح / حمل,7,src_prcn_,,% وزنی,DataGridViewTextBoxColumn,,42,MiddleCenter,,,,,
sorcp_haml_acts,منابع / مصالح / حمل,1,src_rad,src_rad,ردیف,DataGridViewTextBoxColumn,,35,MiddleCenter,,,,,
sorcp_haml_acts,منابع / مصالح / حمل,2,src_dscr,src_dscr,شرح حمل,DataGridViewTextBoxColumn,,,,,,,,
sorcp_haml_acts,منابع / مصالح / حمل,3,src_unit,src_unit,واحد,DataGridViewTextBoxColumn,,,MiddleCenter,,,,,
sorcp_haml_acts,منابع / مصالح / حمل,4,src_pcun_,,بهای واحد,DataGridViewTextBoxColumn,,,,,,,,
sorcp_haml_acts,منابع / مصالح / حمل,5,src_quan,src_quan,مقدار مورد نیاز,DataGridViewTextBoxColumn,,,,,,,,
sorcp_haml_acts,منابع / مصالح / حمل,6,src_pcal_,,بهای کل,DataGridViewTextBoxColumn,,,,,,,,
sorcp_haml_acts,منابع / مصالح / حمل,7,src_prcn_,,% وزنی,DataGridViewTextBoxColumn,,42,MiddleCenter,,,,,
sorcp_ensani_svz_acts,صورت‌وضعیت / کارکرد,1,src_rad,src_rad,ردیف,DataGridViewTextBoxColumn,,35,MiddleCenter,,,,,
sorcp_ensani_svz_acts,صورت‌وضعیت / کارکرد,2,src_dscr,src_dscr,شرح نیروی انسانی,DataGridViewTextBoxColumn,,,,,,,,
sorcp_ensani_svz_acts,صورت‌وضعیت / کارکرد,3,src_unit,src_unit,واحد,DataGridViewTextBoxColumn,,,MiddleCenter,,,,,
sorcp_ensani_svz_acts,صورت‌وضعیت / کارکرد,4,src_pcun_,,بهای واحد,DataGridViewTextBoxColumn,,,,,,,,
sorcp_ensani_svz_acts,صورت‌وضعیت / کارکرد,5,src_quan,src_quan,مقدار برآوردی,DataGridViewTextBoxColumn,,,,,,,,
sorcp_ensani_svz_acts,صورت‌وضعیت / کارکرد,6,src_qust_ol,src_qust_ol,مقدار قبلی,DataGridViewTextBoxColumn,,,,,,,,
sorcp_ensani_svz_acts,صورت‌وضعیت / کارکرد,7,src_qust,src_qust,مقداراجراشده,DataGridViewTextBoxColumn,,,,,,,,
sorcp_ensani_svz_acts,صورت‌وضعیت / کارکرد,8,src_pcal_,,بهای کل,DataGridViewTextBoxColumn,,,,,true,,,
sorcp_ensani_svz_acts,صورت‌وضعیت / کارکرد,9,src_prcn_,,%وزنی,DataGridViewTextBoxColumn,,42,MiddleCenter,,true,,,
sorcp_machine_svz_acts,صورت‌وضعیت / کارکرد,1,src_rad,src_rad,ردیف,DataGridViewTextBoxColumn,,35,MiddleCenter,,,,,
sorcp_machine_svz_acts,صورت‌وضعیت / کارکرد,2,src_dscr,src_dscr,شرح ماشین آلات,DataGridViewTextBoxColumn,,,,,,,,
sorcp_machine_svz_acts,صورت‌وضعیت / کارکرد,3,src_unit,src_unit,واحد,DataGridViewTextBoxColumn,,,MiddleCenter,,,,,
sorcp_machine_svz_acts,صورت‌وضعیت / کارکرد,4,src_pcun_,,بهای واحد,DataGridViewTextBoxColumn,,,,,,,,
sorcp_machine_svz_acts,صورت‌وضعیت / کارکرد,5,src_quan,src_quan,مقدار برآوردی,DataGridViewTextBoxColumn,,,,,,,,
sorcp_machine_svz_acts,صورت‌وضعیت / کارکرد,6,src_qust_ol,src_qust_ol,مقدار قبلی,DataGridViewTextBoxColumn,,,,,,,,
sorcp_machine_svz_acts,صورت‌وضعیت / کارکرد,7,src_qust,src_qust,مقداراجراشده,DataGridViewTextBoxColumn,,,,,,,,
sorcp_machine_svz_acts,صورت‌وضعیت / کارکرد,8,src_pcal_,,بهای کل,DataGridViewTextBoxColumn,,,,,true,,,
sorcp_machine_svz_acts,صورت‌وضعیت / کارکرد,9,src_prcn_,,%وزنی,DataGridViewTextBoxColumn,,42,MiddleCenter,,true,,,
sorcp_masaleh_svz_acts,صورت‌وضعیت / کارکرد,1,src_rad,src_rad,ردیف,DataGridViewTextBoxColumn,,35,MiddleCenter,,,,,
sorcp_masaleh_svz_acts,صورت‌وضعیت / کارکرد,2,src_dscr,src_dscr,شرح مصالح,DataGridViewTextBoxColumn,,,,,,,,
sorcp_masaleh_svz_acts,صورت‌وضعیت / کارکرد,3,src_unit,src_unit,واحد,DataGridViewTextBoxColumn,,,MiddleCenter,,,,,
sorcp_masaleh_svz_acts,صورت‌وضعیت / کارکرد,4,src_pcun_,,بهای واحد,DataGridViewTextBoxColumn,,,,,,,,
sorcp_masaleh_svz_acts,صورت‌وضعیت / کارکرد,5,src_quan,src_quan,مقدار برآوردی,DataGridViewTextBoxColumn,,,,,,,,
sorcp_masaleh_svz_acts,صورت‌وضعیت / کارکرد,6,src_qust_in,src_qust_in,مقدار ورودی,DataGridViewTextBoxColumn,,,,,,,,
sorcp_masaleh_svz_acts,صورت‌وضعیت / کارکرد,7,src_qust_ol,src_qust_ol,مقدار قبلی,DataGridViewTextBoxColumn,,,,,,,,
sorcp_masaleh_svz_acts,صورت‌وضعیت / کارکرد,8,src_qust,src_qust,مقداراجراشده,DataGridViewTextBoxColumn,,,,,,,,
sorcp_masaleh_svz_acts,صورت‌وضعیت / کارکرد,9,src_pcal_,,بهای کل,DataGridViewTextBoxColumn,,,,,true,,,
sorcp_masaleh_svz_acts,صورت‌وضعیت / کارکرد,10,src_prcn_,,%وزنی,DataGridViewTextBoxColumn,,42,MiddleCenter,,true,,,
sorcp_haml_svz_acts,صورت‌وضعیت / کارکرد,1,src_rad,src_rad,ردیف,DataGridViewTextBoxColumn,,35,MiddleCenter,,,,,
sorcp_haml_svz_acts,صورت‌وضعیت / کارکرد,2,src_dscr,src_dscr,شرح حمل,DataGridViewTextBoxColumn,,,,,,,,
sorcp_haml_svz_acts,صورت‌وضعیت / کارکرد,3,src_unit,src_unit,واحد,DataGridViewTextBoxColumn,,,MiddleCenter,,,,,
sorcp_haml_svz_acts,صورت‌وضعیت / کارکرد,4,src_pcun_,,بهای واحد,DataGridViewTextBoxColumn,,,,,,,,
sorcp_haml_svz_acts,صورت‌وضعیت / کارکرد,5,src_quan,src_quan,مقدار برآوردی,DataGridViewTextBoxColumn,,,,,,,,
sorcp_haml_svz_acts,صورت‌وضعیت / کارکرد,6,src_qust_ol,src_qust_ol,مقدار قبلی,DataGridViewTextBoxColumn,,,,,,,,
sorcp_haml_svz_acts,صورت‌وضعیت / کارکرد,7,src_qust,src_qust,مقدار اجراشده,DataGridViewTextBoxColumn,,,,,,,,
sorcp_haml_svz_acts,صورت‌وضعیت / کارکرد,8,src_pcal_,,بهای کل,DataGridViewTextBoxColumn,,,,,true,,,
sorcp_haml_svz_acts,صورت‌وضعیت / کارکرد,9,src_prcn_,,%وزنی,DataGridViewTextBoxColumn,,42,MiddleCenter,,true,,,
Base_book,عمومی / نامشخص,1,bok_rad,bok_rad,ردیف,DataGridViewTextBoxColumn,,,MiddleCenter,,,,,
Base_book,فهرست‌بها / دفترچه,2,bok_nufh,bok_nufh,کد دفترچه,DataGridViewTextBoxColumn,,,MiddleCenter,,,,,
Base_book,فهرست‌بها / دفترچه,3,bok_abst,bok_abst,نام دفترچه,DataGridViewTextBoxColumn,,,MiddleCenter,,,,,
Base_book,عمومی / نامشخص,4,src_dscr,src_dscr,شرح کامل,DataGridViewTextBoxColumn,,,,,,,,
mbsc,عمومی / نامشخص,1,src_rad,src_rad,ردیف,DataGridViewTextBoxColumn,40,,MiddleCenter,,,,,
mbsc,عمومی / نامشخص,2,src_dscr,src_dscr,شرح,DataGridViewTextBoxColumn,300,,MiddleCenter,,,,,
mbsc,عمومی / نامشخص,3,src_unit,src_unit,واحد,DataGridViewTextBoxColumn,100,,MiddleCenter,,,,,
mbsc,عمومی / نامشخص,4,src_pcun_net,src_pcun_net,بهای واحد )نت(,DataGridViewTextBoxColumn,95,,MiddleCenter,,,,,
mbsc,عمومی / نامشخص,5,src_pcun_amar,src_pcun_amar,بهای واحد )آمار(,DataGridViewTextBoxColumn,95,,MiddleCenter,,,,,
mbsc,عمومی / نامشخص,6,src_pcun_rooz,src_pcun_rooz,بهای واحد )روز(,DataGridViewTextBoxColumn,95,,MiddleCenter,,,,,
mbsc,عمومی / نامشخص,7,src_date_rooz,src_date_rooz,تاریخ )روز(,DataGridViewTextBoxColumn,75,,MiddleCenter,,,,,
mbse,عمومی / نامشخص,1,mlt_rad,mlt_rad,ردیف,DataGridViewTextBoxColumn,40,,MiddleCenter,,,,,
mbse,فهرست‌بها / دفترچه,2,mlt_nuse,mlt_nuse,فصل,DataGridViewTextBoxColumn,40,,MiddleCenter,,,,,
mbse,فهرست‌بها / دفترچه,3,mlt_name,mlt_name,شرح فصل,DataGridViewTextBoxColumn,300,,MiddleLeft,,,,,
Shakhes,فهرست‌بها / دفترچه,1,shk_nufh,shk_nufh,دفترچه,DataGridViewTextBoxColumn,50,,MiddleCenter,,,,,
Shakhes,فهرست‌بها / دفترچه,2,shk_nuse,shk_nuse,فصل,DataGridViewTextBoxColumn,50,,MiddleCenter,,,,,
Shakhes,عمومی / نامشخص,3,shk_name,shk_name,شرح,DataGridViewTextBoxColumn,230,,MiddleLeft,,,,,
Shakhes,عمومی / نامشخص,4,pdo5,pdo5,چهارم قبلی,DataGridViewTextBoxColumn,99,,MiddleCenter,,,,,
Shakhes,عمومی / نامشخص,5,shk_pdo1,shk_pdo1,سه ماهه اول,DataGridViewTextBoxColumn,99,,MiddleCenter,,,,,
Shakhes,عمومی / نامشخص,6,shk_pdo2,shk_pdo2,سه ماهه دوم,DataGridViewTextBoxColumn,99,,MiddleCenter,,,,,
Shakhes,عمومی / نامشخص,7,shk_pdo3,shk_pdo3,سه ماهه سوم,DataGridViewTextBoxColumn,110,,MiddleCenter,,,,,
Shakhes,عمومی / نامشخص,8,shk_pdo4,shk_pdo4,سه ماهه چهارم,DataGridViewTextBoxColumn,110,,MiddleCenter,,,,,
Mbhm_1est,عمومی / نامشخص,1,hmb_checked,hmb_checked,Ok,DataGridViewCheckBoxColumn,30,30,MiddleCenter,,,,,
Mbhm_1est,فهرست‌بها / دفترچه,2,hmb_cofh,hmb_cofh,کدفهرست,DataGridViewTextBoxColumn,65,65,MiddleCenter,,,,,
Mbhm_1est,عمومی / نامشخص,3,fbh_astr_str,fbh_astr_str,*,DataGridViewTextBoxColumn,22,22,MiddleCenter,,,,,
Mbhm_1est,فهرست‌بها / دفترچه,4,fbh_abst,fbh_abst,شرح فهرست بها,DataGridViewTextBoxColumn,185,,MiddleLeft,,,,,
Mbhm_1est,عمومی / نامشخص,5,hmb_dscr,hmb_dscr,ملاحظات,DataGridViewTextBoxColumn,80,80,MiddleCenter,,,,,
Mbhm_1est,عمومی / نامشخص,6,fbh_unit,fbh_unit,واحد کار,DataGridViewTextBoxColumn,75,75,MiddleCenter,,,,,
Mbhm_1est,ضرایب,7,hmb_zar1,hmb_zar1,ضریب k1,DataGridViewTextBoxColumn,75,75,MiddleCenter,,,,,
Mbhm_1est,ضرایب,8,hmb_zar2,hmb_zar2,ضریب k2,DataGridViewTextBoxColumn,75,75,MiddleCenter,,,,,
Mbhm_1est,ضرایب,9,hmb_zar3,hmb_zar3,ضریب k3,DataGridViewTextBoxColumn,75,75,MiddleCenter,,,,,
Mbhm_1est,ضرایب,10,hmb_zar4,hmb_zar4,ضریب k4,DataGridViewTextBoxColumn,75,75,MiddleCenter,,,,,
Mbhm_1est,ضرایب,11,hmb_sumz,hmb_sumz,حاصل ضرایب,DataGridViewTextBoxColumn,95,95,MiddleCenter,,,,,
Mbhm_2end,عمومی / نامشخص,1,hmb_checked,hmb_checked,Ok,DataGridViewCheckBoxColumn,30,30,MiddleCenter,,,,,
Mbhm_2end,فهرست‌بها / دفترچه,2,hmb_cofh,hmb_cofh,کدفهرست,DataGridViewTextBoxColumn,65,65,MiddleCenter,,,,,
Mbhm_2end,عمومی / نامشخص,3,fbh_astr_str,fbh_astr_str,*,DataGridViewTextBoxColumn,22,22,MiddleCenter,,,,,
Mbhm_2end,فهرست‌بها / دفترچه,4,fbh_abst,fbh_abst,شرح فهرست بها,DataGridViewTextBoxColumn,185,,MiddleLeft,,,,,
Mbhm_2end,عمومی / نامشخص,5,hmb_dscr,hmb_dscr,ملاحظات,DataGridViewTextBoxColumn,80,80,MiddleCenter,,,,,
Mbhm_2end,عمومی / نامشخص,6,fbh_unit,fbh_unit,واحد کار,DataGridViewTextBoxColumn,75,75,MiddleCenter,,,,,
Mbhm_2end,ضرایب,7,hmb_zar1,hmb_zar1,ضریب k1,DataGridViewTextBoxColumn,75,75,MiddleCenter,,,,,
Mbhm_2end,ضرایب,8,hmb_zar2,hmb_zar2,ضریب k2,DataGridViewTextBoxColumn,75,75,MiddleCenter,,,,,
Mbhm_2end,ضرایب,9,hmb_zar3,hmb_zar3,ضریب k3,DataGridViewTextBoxColumn,75,75,MiddleCenter,,,,,
Mbhm_2end,ضرایب,10,hmb_zar4,hmb_zar4,ضریب k4,DataGridViewTextBoxColumn,75,75,MiddleCenter,,,,,
Mbhm_2end,ضرایب,11,hmb_sumz,hmb_sumz,حاصل ضرایب,DataGridViewTextBoxColumn,95,,MiddleCenter,,,,,
p1,عمومی / نامشخص,1,pfs_rad,pfs_rad,شماره,DataGridViewTextBoxColumn,,,MiddleCenter,,,,,
p1,عمومی / نامشخص,2,pfs_dscr,pfs_dscr,شرح,DataGridViewTextBoxColumn,,,,,,,,
p1,عمومی / نامشخص,3,pfs_prp1,pfs_prp1,قیمت واحد بریال,DataGridViewTextBoxColumn,,,MiddleCenter,,,,,
p2,عمومی / نامشخص,1,pfs_rad_2,pfs_rad,شماره,DataGridViewTextBoxColumn,,,MiddleCenter,,,,,
p2,عمومی / نامشخص,2,pfs_dscr_2,pfs_dscr,شرح,DataGridViewTextBoxColumn,,,,,,,,
p2,عمومی / نامشخص,3,pfs_prp1_2,pfs_prp1,سه ماهه اول,DataGridViewTextBoxColumn,,,MiddleCenter,,,,,
p2,عمومی / نامشخص,4,pfs_prp2_2,pfs_prp2,سه ماهه دوم,DataGridViewTextBoxColumn,,,MiddleCenter,,,,,
p2,عمومی / نامشخص,5,pfs_prp3_2,pfs_prp3,سه ماهه سوم,DataGridViewTextBoxColumn,,,MiddleCenter,,,,,
p2,عمومی / نامشخص,6,pfs_prp4_2,pfs_prp4,سه ماهه چهارم,DataGridViewTextBoxColumn,,,MiddleCenter,,,,,
azad1,عمومی / نامشخص,1,pfs_rad_3,pfs_rad,شماره,DataGridViewTextBoxColumn,,,MiddleCenter,,,,,
azad1,عمومی / نامشخص,2,pfs_dscr_3,pfs_dscr,شرح,DataGridViewTextBoxColumn,,,,,,,,
azad1,عمومی / نامشخص,3,pfs_fr01,pfs_fr01,فروردین,DataGridViewTextBoxColumn,,,MiddleCenter,,,,,
azad1,عمومی / نامشخص,4,pfs_fr02,pfs_fr02,اردیبهشت,DataGridViewTextBoxColumn,,,MiddleCenter,,,,,
azad1,عمومی / نامشخص,5,pfs_fr03,pfs_fr03,خرداد,DataGridViewTextBoxColumn,,,MiddleCenter,,,,,
azad1,عمومی / نامشخص,6,pfs_fr04,pfs_fr04,تیر,DataGridViewTextBoxColumn,,,MiddleCenter,,,,,
azad1,عمومی / نامشخص,7,pfs_fr05,pfs_fr05,مرداد,DataGridViewTextBoxColumn,,,MiddleCenter,,,,,
azad1,عمومی / نامشخص,8,pfs_fr06,pfs_fr06,شهریور,DataGridViewTextBoxColumn,,,MiddleCenter,,,,,
azad2,عمومی / نامشخص,1,pfs_rad_4,pfs_rad,شماره,DataGridViewTextBoxColumn,,,MiddleCenter,,,,,
azad2,عمومی / نامشخص,2,pfs_dscr_4,pfs_dscr,شرح,DataGridViewTextBoxColumn,,,,,,,,
azad2,عمومی / نامشخص,3,pfs_fr07,pfs_fr07,مهر,DataGridViewTextBoxColumn,,,MiddleCenter,,,,,
azad2,عمومی / نامشخص,4,pfs_fr08,pfs_fr08,آبان,DataGridViewTextBoxColumn,,,MiddleCenter,,,,,
azad2,عمومی / نامشخص,5,pfs_fr09,pfs_fr09,آذر,DataGridViewTextBoxColumn,,,MiddleCenter,,,,,
azad2,عمومی / نامشخص,6,pfs_fr10,pfs_fr10,دی,DataGridViewTextBoxColumn,,,MiddleCenter,,,,,
azad2,عمومی / نامشخص,7,pfs_fr11,pfs_fr11,بهمن,DataGridViewTextBoxColumn,,,MiddleCenter,,,,,
azad2,عمومی / نامشخص,8,pfs_fr12,pfs_fr12,اسفند,DataGridViewTextBoxColumn,,,MiddleCenter,,,,,
Zrtd_fasli,تعدیل / شاخص,1,nuse,shk_nuse,فصل,DataGridViewTextBoxColumn,40,,MiddleCenter,,,,,
Zrtd_fasli,تعدیل / شاخص,2,shk_name_nuse,shk_name_nuse,عنوان فصل,DataGridViewTextBoxColumn,195,,,,,,,
Zrtd_fasli,تعدیل / شاخص,3,intp_prod1,intp_prod_karkerd,سه ماهه,DataGridViewTextBoxColumn,60,,MiddleCenter,,,,,
Zrtd_fasli,صورت‌وضعیت / کارکرد,4,int_prod_Month,int_prod_Month,ماه کارکرد,DataGridViewTextBoxColumn,60,,MiddleCenter,,,,,
Zrtd_fasli,تعدیل / شاخص,5,intp_year1,intp_year_karkerd,سال,DataGridViewTextBoxColumn,40,,MiddleCenter,,,,,
Zrtd_fasli,تعدیل / شاخص,6,shk_mabna,shk_mabna,شاخص مبنا,DataGridViewTextBoxColumn,70,,,,,,,
Zrtd_fasli,تعدیل / شاخص,7,shk_jari,shk_jari,شاخص دوره,DataGridViewTextBoxColumn,75,,,,,,,
Zrtd_fasli,تعدیل / شاخص,8,shk_ZT_fasli,shk_ZT,ضریب تعدیل,DataGridViewTextBoxColumn,73,,MiddleCenter,,,,,
Zrtd_reshte,تعدیل / شاخص,1,shk_bok_rad,shk_bok_rad,ردیف,DataGridViewTextBoxColumn,40,,MiddleCenter,,,,,
Zrtd_reshte,تعدیل / شاخص,2,shk_name_nufh_resh,shk_name_nufh,نام دفترچه,DataGridViewTextBoxColumn,195,,,,,,,
Zrtd_reshte,تعدیل / شاخص,3,intp_prod_resh,intp_prod_karkerd,سه ماهه,DataGridViewTextBoxColumn,60,,MiddleCenter,,,,,
Zrtd_reshte,صورت‌وضعیت / کارکرد,4,int_prod_Month,int_prod_Month,ماه کارکرد,DataGridViewTextBoxColumn,60,,MiddleCenter,,,,,
Zrtd_reshte,تعدیل / شاخص,5,intp_year_resh,intp_year_karkerd,سال,DataGridViewTextBoxColumn,40,,MiddleCenter,,,,,
Zrtd_reshte,تعدیل / شاخص,6,shk_mabna_resh,shk_mabna,شاخص مبنا,DataGridViewTextBoxColumn,70,,,,,,,
Zrtd_reshte,تعدیل / شاخص,7,shk_jari_resh,shk_jari,شاخص دوره,DataGridViewTextBoxColumn,75,,,,,,,
Zrtd_reshte,تعدیل / شاخص,8,shk_ZT_resh,shk_ZT,ضریب تعدیل,DataGridViewTextBoxColumn,73,,MiddleCenter,,,,,
Zrtd_kolli,تعدیل / شاخص,1,shk_nufh_kolli,shk_nufh,کلی,DataGridViewTextBoxColumn,235,,,,,,,
Zrtd_kolli,تعدیل / شاخص,2,intp_prod_kolli,intp_prod_karkerd,سه ماهه,DataGridViewTextBoxColumn,60,,,,,,,
Zrtd_Koli,صورت‌وضعیت / کارکرد,1,int_prod_Month,int_prod_Month,ماه کارکرد,DataGridViewTextBoxColumn,60,,MiddleCenter,,,,,
Zrtd_kolli,تعدیل / شاخص,3,intp_year_kolli,intp_year_karkerd,سال,DataGridViewTextBoxColumn,40,,MiddleCenter,,,,,
Zrtd_kolli,تعدیل / شاخص,4,shk_mabna_kolli,shk_mabna,شاخص مبنا,DataGridViewTextBoxColumn,70,,,,,,,
Zrtd_kolli,تعدیل / شاخص,5,shk_jari_kolli,shk_jari,شاخص دوره,DataGridViewTextBoxColumn,75,,,,,,,
Zrtd_kolli,تعدیل / شاخص,6,shk_ZT_kolli,shk_ZT,ضریب تعدیل,DataGridViewTextBoxColumn,73,,MiddleCenter,,,,,
styl_1th,عمومی / نامشخص,1,lst_h,lst_h,l : h,DataGridViewTextBoxColumn,,,MiddleCenter,,,,,Fill
styl_1th,عمومی / نامشخص,2,lst_G,lst_G,G:kg/m,DataGridViewTextBoxColumn,,,MiddleCenter,,,,,
styl_2th,عمومی / نامشخص,1,lst_h,lst_h,IPE : h,DataGridViewTextBoxColumn,,,MiddleCenter,,,,,Fill
styl_2th,عمومی / نامشخص,2,lst_G,lst_G,G:kg/m,DataGridViewTextBoxColumn,,,MiddleCenter,,,,,
styl_3th,عمومی / نامشخص,1,lst_h,lst_h,IPB : h,DataGridViewTextBoxColumn,,,MiddleCenter,,,,,Fill
styl_3th,عمومی / نامشخص,2,lst_G,lst_G,G:kg/m,DataGridViewTextBoxColumn,,,MiddleCenter,,,,,
styl_4th,عمومی / نامشخص,1,lst_h,lst_h,IPB1 : h,DataGridViewTextBoxColumn,,,MiddleCenter,,,,,Fill
styl_4th,عمومی / نامشخص,2,lst_G,lst_G,G:kg/m,DataGridViewTextBoxColumn,,,MiddleCenter,,,,,
styl_5th,عمومی / نامشخص,1,lst_h,lst_h,l,DataGridViewTextBoxColumn,,,MiddleCenter,,,,,Fill
styl_5th,عمومی / نامشخص,2,lst_G,lst_G,G:kg/m,DataGridViewTextBoxColumn,,,MiddleCenter,,,,,
styl_6th,عمومی / نامشخص,1,lst_h,lst_h,h : I,DataGridViewTextBoxColumn,,,MiddleCenter,,,,,Fill
styl_6th,عمومی / نامشخص,2,lst_G,lst_G,G:بدون ورق اضافی,DataGridViewTextBoxColumn,,,MiddleCenter,,,,,
styl_6th,عمومی / نامشخص,3,lst_G2,lst_G2,G:با ورق200,DataGridViewTextBoxColumn,,,MiddleCenter,,,,,
styl_7th,عمومی / نامشخص,1,lst_h,lst_h,h : IPE,DataGridViewTextBoxColumn,,,MiddleCenter,,,,,Fill
styl_7th,عمومی / نامشخص,2,lst_G,lst_G,G:بدون ورق اضافی,DataGridViewTextBoxColumn,,,MiddleCenter,,,,,
styl_7th,عمومی / نامشخص,3,lst_G2,lst_G2,G:با ورق200,DataGridViewTextBoxColumn,,,MiddleCenter,,,,,
styl_8th,عمومی / نامشخص,1,lst_h,lst_h,h : IPB,DataGridViewTextBoxColumn,,,MiddleCenter,,,,,
styl_8th,عمومی / نامشخص,2,lst_G,lst_G,G:بدون ورق اضافی,DataGridViewTextBoxColumn,,,MiddleCenter,,,,,Fill
styl_8th,عمومی / نامشخص,3,lst_G2,lst_G2,G:با ورق200,DataGridViewTextBoxColumn,,,MiddleCenter,,,,,
styl_9th,عمومی / نامشخص,1,lst_h,lst_h,C : h,DataGridViewTextBoxColumn,,,MiddleCenter,,,,,Fill
styl_9th,عمومی / نامشخص,2,lst_G,lst_G,C : b,DataGridViewTextBoxColumn,,,MiddleCenter,,,,,
styl_9th,عمومی / نامشخص,3,lst_G2,lst_G2,G : kg/m,DataGridViewTextBoxColumn,,,MiddleCenter,,,,,
styl_10th,عمومی / نامشخص,1,lst_G,lst_h,h,DataGridViewTextBoxColumn,,,MiddleCenter,,,,,Fill
styl_10th,عمومی / نامشخص,2,lst_G,lst_G,G : kg/m,DataGridViewTextBoxColumn,,,MiddleCenter,,,,,
styl_11th,عمومی / نامشخص,1,lst_h,lst_h,L,DataGridViewTextBoxColumn,,,MiddleCenter,,,,,Fill
styl_11th,عمومی / نامشخص,2,lst_G,lst_G,a,DataGridViewTextBoxColumn,,,MiddleCenter,,,,,
styl_11th,عمومی / نامشخص,3,lst_G2,lst_G2,G : kg/m,DataGridViewTextBoxColumn,,,MiddleCenter,,,,,
styl_12th,عمومی / نامشخص,1,lst_h,lst_h,a * b,DataGridViewTextBoxColumn,,,MiddleCenter,,,,,Fill
styl_12th,عمومی / نامشخص,2,lst_G,lst_G,s,DataGridViewTextBoxColumn,,,MiddleCenter,,,,,
styl_12th,عمومی / نامشخص,3,lst_G2,lst_G2,G : kg/m,DataGridViewTextBoxColumn,,,MiddleCenter,,,,,
styl_13th,عمومی / نامشخص,1,lst_h,lst_h,a,DataGridViewTextBoxColumn,,,MiddleCenter,,,,,Fill
styl_13th,عمومی / نامشخص,2,lst_G,lst_G,s,DataGridViewTextBoxColumn,,,MiddleCenter,,,,,
styl_13th,عمومی / نامشخص,3,lst_G2,lst_G2,G : kg/m,DataGridViewTextBoxColumn,,,MiddleCenter,,,,,
styl_14th,عمومی / نامشخص,1,lst_h,lst_h,t,DataGridViewTextBoxColumn,,,MiddleCenter,,,,,Fill
styl_14th,عمومی / نامشخص,2,lst_G,lst_G,b : 10,DataGridViewTextBoxColumn,,,,,,,,
styl_14th,عمومی / نامشخص,3,lst_G2,lst_G2,b : 15,DataGridViewTextBoxColumn,,,MiddleCenter,,,,,
styl_14th,عمومی / نامشخص,4,lst_G3,lst_G3,b : 20,DataGridViewTextBoxColumn,,,MiddleCenter,,,,,
styl_14th,عمومی / نامشخص,5,lst_G4,lst_G4,b : 25,DataGridViewTextBoxColumn,,,MiddleCenter,,,,,
styl_14th,عمومی / نامشخص,6,lst_G5,lst_G5,b : 30,DataGridViewTextBoxColumn,,,MiddleCenter,,,,,
styl_14th,عمومی / نامشخص,7,lst_G6,lst_G6,b : 35,DataGridViewTextBoxColumn,,,MiddleCenter,,,,,
styl_14th,عمومی / نامشخص,8,lst_G7,lst_G7,b : 40,DataGridViewTextBoxColumn,,,MiddleCenter,,,,,
styl_14th,عمومی / نامشخص,9,lst_G8,lst_G8,b : 45,DataGridViewTextBoxColumn,,,MiddleCenter,,,,,
styl_14th,عمومی / نامشخص,10,lst_G9,lst_G9,b : 50,DataGridViewTextBoxColumn,,,MiddleCenter,,,,,
styl_15th,عمومی / نامشخص,1,lst_h,lst_h,t,DataGridViewTextBoxColumn,,,MiddleCenter,,,,,
styl_15th,عمومی / نامشخص,2,lst_G,lst_G,b : 55,DataGridViewTextBoxColumn,,,MiddleCenter,,,,,
styl_15th,عمومی / نامشخص,3,lst_G2,lst_G2,b : 60,DataGridViewTextBoxColumn,,,MiddleCenter,,,,,
styl_15th,عمومی / نامشخص,4,lst_G3,lst_G3,b : 65,DataGridViewTextBoxColumn,,,MiddleCenter,,,,,
styl_15th,عمومی / نامشخص,5,lst_G4,lst_G4,b : 70,DataGridViewTextBoxColumn,,,MiddleCenter,,,,,
styl_15th,عمومی / نامشخص,6,lst_G5,lst_G5,b : 75,DataGridViewTextBoxColumn,,,MiddleCenter,,,,,
styl_15th,عمومی / نامشخص,7,lst_G6,lst_G6,b : 80,DataGridViewTextBoxColumn,,,MiddleCenter,,,,,
styl_15th,عمومی / نامشخص,8,lst_G7,lst_G7,b : 85,DataGridViewTextBoxColumn,,,MiddleCenter,,,,,
styl_15th,عمومی / نامشخص,9,lst_G8,lst_G8,b : 90,DataGridViewTextBoxColumn,,,MiddleCenter,,,,,
styl_15th,عمومی / نامشخص,10,lst_G9,lst_G9,b : 95,DataGridViewTextBoxColumn,,,MiddleCenter,,,,,
styl_15th,عمومی / نامشخص,11,lst_G10,lst_G10,b : 100,DataGridViewTextBoxColumn,,,MiddleCenter,,,,,
styl_16th,عمومی / نامشخص,1,lst_h,lst_h,b,DataGridViewTextBoxColumn,,,MiddleCenter,,,,,
styl_16th,عمومی / نامشخص,2,lst_G,lst_G,s : 5,DataGridViewTextBoxColumn,,,MiddleCenter,,,,,
styl_16th,عمومی / نامشخص,3,lst_G2,lst_G2,s : 6,DataGridViewTextBoxColumn,,,MiddleCenter,,,,,
styl_16th,عمومی / نامشخص,4,lst_G3,lst_G3,s : 8,DataGridViewTextBoxColumn,,,MiddleCenter,,,,,
styl_16th,عمومی / نامشخص,5,lst_G4,lst_G4,s : 10,DataGridViewTextBoxColumn,,,MiddleCenter,,,,,
styl_16th,عمومی / نامشخص,6,lst_G5,lst_G5,s : 12,DataGridViewTextBoxColumn,,,MiddleCenter,,,,,
styl_16th,عمومی / نامشخص,7,lst_G6,lst_G6,s : 15,DataGridViewTextBoxColumn,,,MiddleCenter,,,,,
styl_16th,عمومی / نامشخص,8,lst_G7,lst_G7,s : 20,DataGridViewTextBoxColumn,,,MiddleCenter,,,,,
styl_16th,عمومی / نامشخص,9,lst_G8,lst_G8,s : 25,DataGridViewTextBoxColumn,,,MiddleCenter,,,,,
styl_16th,عمومی / نامشخص,10,lst_G9,lst_G9,s : 30,DataGridViewTextBoxColumn,,,MiddleCenter,,,,,
styl_16th,عمومی / نامشخص,11,lst_G10,lst_G10,s : 40,DataGridViewTextBoxColumn,,,MiddleCenter,,,,,
styl_16th,عمومی / نامشخص,12,lst_G11,lst_G11,s : 50,DataGridViewTextBoxColumn,,,MiddleCenter,,,,,
styl_16th,عمومی / نامشخص,13,lst_G12,lst_G12,s : 60,DataGridViewTextBoxColumn,,,MiddleCenter,,,,,
styl_16th,عمومی / نامشخص,14,lst_G13,lst_G13,s : 80,DataGridViewTextBoxColumn,,,MiddleCenter,,,,,
styl_17th,عمومی / نامشخص,1,lst_h,lst_h,D,DataGridViewTextBoxColumn,,,MiddleCenter,,,,,Fill
styl_17th,عمومی / نامشخص,2,lst_G,lst_G,S,DataGridViewTextBoxColumn,,,MiddleCenter,,,,,
styl_17th,عمومی / نامشخص,3,lst_G2,lst_G2,G : kg/m,DataGridViewTextBoxColumn,,,MiddleCenter,,,,,
styl_18th,عمومی / نامشخص,1,lst_h,lst_h,فی,DataGridViewTextBoxColumn,,,MiddleCenter,,,,,Fill
styl_18th,عمومی / نامشخص,2,lst_G,lst_G,وزن مترطول,DataGridViewTextBoxColumn,,,MiddleCenter,,,,,
styl_19th,عمومی / نامشخص,1,lst_h,lst_h,U,DataGridViewTextBoxColumn,,,MiddleCenter,,,,,Fill
styl_19th,عمومی / نامشخص,2,lst_G,lst_G,G:kg/m,DataGridViewTextBoxColumn,,,MiddleCenter,,,,,
styl_20th,عمومی / نامشخص,1,lst_h,lst_h,IPE,DataGridViewTextBoxColumn,,,MiddleCenter,,,,,
styl_20th,عمومی / نامشخص,2,lst_G,lst_G,G:kg/m,DataGridViewTextBoxColumn,,,MiddleCenter,,,,,Fill
styl_21th,عمومی / نامشخص,1,lst_h,lst_h,IPB,DataGridViewTextBoxColumn,,,MiddleCenter,,,,,Fill
styl_21th,عمومی / نامشخص,2,lst_G,lst_G,G:kg/m,DataGridViewTextBoxColumn,,,MiddleCenter,,,,,
styl_22th,عمومی / نامشخص,1,lst_h,lst_h,حماله نوردیده,DataGridViewTextBoxColumn,,,MiddleCenter,,,,,Fill
styl_22th,عمومی / نامشخص,2,lst_G,lst_G,G:kg/m,DataGridViewTextBoxColumn,,,MiddleCenter,,,,,
styl_23th,عمومی / نامشخص,1,lst_h,lst_h,I,DataGridViewTextBoxColumn,,,MiddleCenter,,,,,Fill
styl_23th,عمومی / نامشخص,2,lst_G,lst_G,G:kg/m,DataGridViewTextBoxColumn,,,MiddleCenter,,,,,
styl_24th,عمومی / نامشخص,1,lst_h,lst_h,T,DataGridViewTextBoxColumn,,,MiddleCenter,,,,,Fill
styl_24th,عمومی / نامشخص,2,lst_G,lst_G,G:kg/m,DataGridViewTextBoxColumn,,,MiddleCenter,,,,,
styl_25th,عمومی / نامشخص,1,lst_h,lst_h,a * s,DataGridViewTextBoxColumn,,,MiddleCenter,,,,,Fill
styl_25th,عمومی / نامشخص,2,lst_G,lst_G,G:kg/m,DataGridViewTextBoxColumn,,,MiddleCenter,,,,,
styl_26th,عمومی / نامشخص,1,lst_h,lst_h,a * s,DataGridViewTextBoxColumn,,,MiddleCenter,,,,,Fill
styl_26th,عمومی / نامشخص,2,lst_G,lst_G,G:kg/m,DataGridViewTextBoxColumn,,,MiddleCenter,,,,,
styl_27th,عمومی / نامشخص,1,lst_h,lst_h,B,DataGridViewTextBoxColumn,,,MiddleCenter,,,,,Fill
styl_27th,عمومی / نامشخص,2,lst_G,lst_G,T,DataGridViewTextBoxColumn,,,MiddleCenter,,,,,
styl_27th,عمومی / نامشخص,3,lst_G2,lst_G2,M:kg/m,DataGridViewTextBoxColumn,,,MiddleCenter,,,,,
styl_28th,عمومی / نامشخص,1,lst_h,lst_h,H * B,DataGridViewTextBoxColumn,,,MiddleCenter,,,,,Fill
styl_28th,عمومی / نامشخص,2,lst_G,lst_G,T,DataGridViewTextBoxColumn,,,MiddleCenter,,,,,
styl_28th,عمومی / نامشخص,3,lst_G2,lst_G2,M:kg/m,DataGridViewTextBoxColumn,,,MiddleCenter,,,,,
styl_29th,عمومی / نامشخص,1,lst_h,lst_h,B,DataGridViewTextBoxColumn,,,MiddleCenter,,,,,Fill
styl_29th,عمومی / نامشخص,2,lst_G,lst_G,T,DataGridViewTextBoxColumn,,,MiddleCenter,,,,,
styl_29th,عمومی / نامشخص,3,lst_G2,lst_G2,M:kg/m,DataGridViewTextBoxColumn,,,MiddleCenter,,,,,
styl_30th,عمومی / نامشخص,1,lst_h,lst_h,H * B,DataGridViewTextBoxColumn,,,MiddleCenter,,,,,Fill
styl_30th,عمومی / نامشخص,2,lst_G,lst_G,T,DataGridViewTextBoxColumn,,,MiddleCenter,,,,,
styl_30th,عمومی / نامشخص,3,lst_G2,lst_G2,M:kg/m,DataGridViewTextBoxColumn,,,MiddleCenter,,,,,
styl_31th,عمومی / نامشخص,1,lst_h,lst_h,D,DataGridViewTextBoxColumn,,,MiddleCenter,,,,,Fill
styl_31th,عمومی / نامشخص,2,lst_G,lst_G,T,DataGridViewTextBoxColumn,,,MiddleCenter,,,,,
styl_31th,عمومی / نامشخص,3,lst_G2,lst_G2,M:kg/m,DataGridViewTextBoxColumn,,,MiddleCenter,,,,,
styl_32th,عمومی / نامشخص,1,lst_h,lst_h,A یا B,DataGridViewTextBoxColumn,,,MiddleCenter,,,,,Fill
styl_32th,عمومی / نامشخص,2,lst_G,lst_G,G:kg/m,DataGridViewTextBoxColumn,,,MiddleCenter,,,,,
styl_33th,عمومی / نامشخص,1,lst_h,lst_h,A یا B,DataGridViewTextBoxColumn,,,MiddleCenter,,,,,Fill
styl_33th,عمومی / نامشخص,2,lst_G,lst_G,G:kg/m,DataGridViewTextBoxColumn,,,MiddleCenter,,,,,
styl_Tadil_nufh,تعدیل / شاخص,1,ata_shbs,ata_shbs,شاخص مبنا,DataGridViewTextBoxColumn,,,MiddleCenter,,,,,
styl_Tadil_nufh,تعدیل / شاخص,2,ata_shnw,ata_shnw,شاخص جاری,DataGridViewTextBoxColumn,,,MiddleCenter,,,,,
styl_Tadil_nufh,تعدیل / شاخص,3,ata_shbsJo,ata_shbsJo,شاخص مبنا,DataGridViewTextBoxColumn,,,MiddleCenter,,,,,
styl_Tadil_nufh,تعدیل / شاخص,4,ata_shnwJo,ata_shnwJo,شاخص جاری,DataGridViewTextBoxColumn,,,MiddleCenter,,,,,
styl_Tadil_nufh,تعدیل / شاخص,5,ata_shbsJo_a,ata_shbsJo_a,شاخص دوره پایه,DataGridViewTextBoxColumn,,,MiddleCenter,,,,,
styl_Tadil_nufh,تعدیل / شاخص,6,ata_shnwJo_a,ata_shnwJo_a,شاخص جاری,DataGridViewTextBoxColumn,,,MiddleCenter,,,,,
styl_Tadil_nufh,تعدیل / شاخص,7,ata_str_prod,ata_Dore_Karkerd,دوره جاری,DataGridViewTextBoxColumn,,,MiddleCenter,,true,,,None
styl_Tadil_nufh,تعدیل / شاخص,8,itp_t_a,itp_t_a,t,DataGridViewTextBoxColumn,,,MiddleCenter,,,,تورم فرضی,
styl_Tadil_nufh,تعدیل / شاخص,9,itp_b_a,itp_b_a,B,DataGridViewTextBoxColumn,,,MiddleCenter,,,,ضریب B,
styl_Tadil_nufh,تعدیل / شاخص,10,itp_z_a,itp_z_a,Z,DataGridViewTextBoxColumn,,,MiddleCenter,,,,ضریب Z,
styl_Tadil_nufh,تعدیل / شاخص,11,ata_nufh,ata_nufh_name,دفترچه,DataGridViewTextBoxColumn,,,MiddleCenter,,true,,,Fill
styl_Tadil_nufh,صورت‌وضعیت / کارکرد,12,ata_pcnw,ata_pcnw,مبلغ صورت وضعیت فعلی,DataGridViewTextBoxColumn,,,MiddleLeft,,,,,
styl_Tadil_nufh,صورت‌وضعیت / کارکرد,13,ata_pcol,ata_pcol,مبلغ صورت وضعیت قبلی,DataGridViewTextBoxColumn,,,MiddleLeft,,,,,
styl_Tadil_nufh,صورت‌وضعیت / کارکرد,14,ata_pcdf,ata_pcdf,مابه التفاوت دو صورت وضعیت,DataGridViewTextBoxColumn,,,MiddleLeft,,true,,,
styl_Tadil_nufh,صورت‌وضعیت / کارکرد,15,ata_tidy,ata_tidy,مدت دوره به کارکرد,DataGridViewTextBoxColumn,,,MiddleCenter,,true,,,
styl_Tadil_nufh,صورت‌وضعیت / کارکرد,16,ata_pcwp,ata_pcwp,مبلغ کارکرد در هر دوره,DataGridViewTextBoxColumn,,,MiddleLeft,,true,,,
styl_Tadil_nufh,تعدیل / شاخص,17,ata_SahmPishPar,ata_SahmPishPar,سهم پیش پرداخت,DataGridViewTextBoxColumn,,,MiddleLeft,,true,,سهم پیش پرداخت مستهلک نشده,
styl_Tadil_nufh,صورت‌وضعیت / کارکرد,18,ata_KarkerdMenhaSahmPishPar,ata_KarkerdMenhaSahmPishPar,کارکرد - پیش‌پرداخت,DataGridViewTextBoxColumn,,,MiddleLeft,,true,,کارکرد منهای پیش پرداخت مستهلک نشده (T-W),
styl_Tadil_nufh,تعدیل / شاخص,19,ata_zrta,ata_zrta,ضریب تعدیل,DataGridViewTextBoxColumn,,,MiddleCenter,,true,,,
styl_Tadil_nufh,تعدیل / شاخص,20,ata_pcta,ata_pcta,مبلغ تعدیل,DataGridViewTextBoxColumn,,,MiddleLeft,,true,,,
styl_Tadil_nufh,تعدیل / شاخص,21,ata_zrjo,ata_zrjo,ضریب جبرانی,DataGridViewTextBoxColumn,,,MiddleCenter,,true,,,
styl_Tadil_nufh,تعدیل / شاخص,22,ata_mbjo,ata_mbjo,مبلغ جبران,DataGridViewTextBoxColumn,,,MiddleLeft,,true,,,
styl_Tadil_nufh,تعدیل / شاخص,23,ata_zrjo_a,ata_zrjo_a,ضریب جبرانی,DataGridViewTextBoxColumn,,,MiddleCenter,,true,,,
styl_Tadil_nufh,تعدیل / شاخص,24,ata_mbjo_a,ata_mbjo_a,مبلغ جبران,DataGridViewTextBoxColumn,,,MiddleLeft,,true,,,
styl_Tadilz_nufh,تعدیل / شاخص,1,ata_shbs,ata_shbs,شاخص مبنا,DataGridViewTextBoxColumn,,,MiddleCenter,,,,,
styl_Tadilz_nufh,تعدیل / شاخص,2,ata_shnw,ata_shnw,شاخص جاری,DataGridViewTextBoxColumn,,,MiddleCenter,,,,,
styl_Tadilz_nufh,تعدیل / شاخص,3,ata_shbsJo,ata_shbsJo,شاخص مبنا,DataGridViewTextBoxColumn,,,MiddleCenter,,,,,
styl_Tadilz_nufh,تعدیل / شاخص,4,ata_shnwJo,ata_shnwJo,شاخص جاری,DataGridViewTextBoxColumn,,,MiddleCenter,,,,,
styl_Tadilz_nufh,تعدیل / شاخص,5,ata_shbsJo_a,ata_shbsJo_a,شاخص دوره پایه,DataGridViewTextBoxColumn,,,MiddleCenter,,,,,
styl_Tadilz_nufh,تعدیل / شاخص,6,ata_shnwJo_a,ata_shnwJo_a,شاخص جاری,DataGridViewTextBoxColumn,,,MiddleCenter,,,,,
styl_Tadilz_nufh,تعدیل / شاخص,7,ata_str_prod,ata_Dore_Karkerd,دوره جاری,DataGridViewTextBoxColumn,,,MiddleCenter,,true,,,None
styl_Tadilz_nufh,تعدیل / شاخص,8,itp_t_a,itp_t_a,t,DataGridViewTextBoxColumn,,,MiddleCenter,,,,تورم فرضی,
styl_Tadilz_nufh,تعدیل / شاخص,9,itp_b_a,itp_b_a,B,DataGridViewTextBoxColumn,,,MiddleCenter,,,,ضریب B,
styl_Tadilz_nufh,تعدیل / شاخص,10,itp_z_a,itp_z_a,Z,DataGridViewTextBoxColumn,,,MiddleCenter,,,,ضریب Z,
styl_Tadilz_nufh,تعدیل / شاخص,11,ata_nufh,ata_nufh_name,دفترچه,DataGridViewTextBoxColumn,,,MiddleCenter,,True,,,Fill
styl_Tadilz_nufh,صورت‌وضعیت / کارکرد,12,ata_pcnz,ata_pcnz,مبلغ صورت وضعیت فعلی,DataGridViewTextBoxColumn,,,MiddleLeft,,,,,
styl_Tadilz_nufh,صورت‌وضعیت / کارکرد,13,ata_pcoz,ata_pcoz,مبلغ صورت وضعیت قبلی,DataGridViewTextBoxColumn,,,MiddleLeft,,,,,
styl_Tadilz_nufh,صورت‌وضعیت / کارکرد,14,ata_pcdz,ata_pcdz,مابه التفاوت دو صورت وضعیت,DataGridViewTextBoxColumn,,,MiddleLeft,,true,,,
styl_Tadilz_nufh,صورت‌وضعیت / کارکرد,15,ata_tidy,ata_tidy,مدت دوره به کارکرد,DataGridViewTextBoxColumn,,,MiddleCenter,,true,,,
styl_Tadilz_nufh,صورت‌وضعیت / کارکرد,16,ata_pcwz,ata_pcwz,مبلغ کارکرد در هر دوره,DataGridViewTextBoxColumn,,,MiddleLeft,,true,,,
styl_Tadilz_nufh,تعدیل / شاخص,17,ata_SahmPishPar,ata_SahmPishPar,سهم پیش پرداخت,DataGridViewTextBoxColumn,,,MiddleLeft,,true,,سهم پیش پرداخت مستهلک نشده,
styl_Tadilz_nufh,صورت‌وضعیت / کارکرد,18,ata_KarkerdMenhaSahmPishParZ,ata_KarkerdMenhaSahmPishParZ,کارکرد - پیش‌پرداخت,DataGridViewTextBoxColumn,,,MiddleLeft,,true,,کارکرد منهای پیش پرداخت مستهلک نشده (T-W),
styl_Tadilz_nufh,تعدیل / شاخص,19,ata_zrta,ata_zrta,ضریب تعدیل,DataGridViewTextBoxColumn,,,MiddleCenter,,true,,,
styl_Tadilz_nufh,تعدیل / شاخص,20,ata_pctz,ata_pctz,مبلغ تعدیل,DataGridViewTextBoxColumn,,,MiddleLeft,,true,,,
styl_Tadilz_nufh,تعدیل / شاخص,21,ata_zrjo,ata_zrjo,ضریب جبرانی,DataGridViewTextBoxColumn,,,MiddleCenter,,true,,,
styl_Tadilz_nufh,تعدیل / شاخص,22,ata_mbjoz,ata_mbjoz,مبلغ جبران,DataGridViewTextBoxColumn,,,MiddleLeft,,true,,,
styl_Tadilz_nufh,تعدیل / شاخص,23,ata_zrjo_a,ata_zrjo_a,ضریب جبرانی,DataGridViewTextBoxColumn,,,MiddleCenter,,true,,,
styl_Tadilz_nufh,تعدیل / شاخص,24,ata_mbjoz_a,ata_mbjoz_a,مبلغ جبران,DataGridViewTextBoxColumn,,,MiddleLeft,,true,,,
styl_Tadil_nuse,تعدیل / شاخص,1,ata_shbs,ata_shbs,شاخص مبنا,DataGridViewTextBoxColumn,,,MiddleCenter,,,,,
styl_Tadil_nuse,تعدیل / شاخص,2,ata_shnw,ata_shnw,شاخص جاری,DataGridViewTextBoxColumn,,,MiddleCenter,,,,,
styl_Tadil_nuse,تعدیل / شاخص,3,ata_shbsJo,ata_shbsJo,شاخص مبنا,DataGridViewTextBoxColumn,,,MiddleCenter,,,,,
styl_Tadil_nuse,تعدیل / شاخص,4,ata_shnwJo,ata_shnwJo,شاخص جاری,DataGridViewTextBoxColumn,,,MiddleCenter,,,,,
styl_Tadil_nuse,تعدیل / شاخص,5,ata_shbsJo_a,ata_shbsJo_a,شاخص دوره پایه,DataGridViewTextBoxColumn,,,MiddleCenter,,,,,
styl_Tadil_nuse,تعدیل / شاخص,6,ata_shnwJo_a,ata_shnwJo_a,شاخص جاری,DataGridViewTextBoxColumn,,,MiddleCenter,,,,,
styl_Tadil_nuse,تعدیل / شاخص,7,ata_str_prod,ata_Dore_Karkerd,دوره جاری,DataGridViewTextBoxColumn,,,MiddleCenter,,true,,,None
styl_Tadil_nuse,تعدیل / شاخص,8,itp_t_a,itp_t_a,t,DataGridViewTextBoxColumn,,,MiddleCenter,,,,تورم فرضی,
styl_Tadil_nuse,تعدیل / شاخص,9,itp_b_a,itp_b_a,B,DataGridViewTextBoxColumn,,,MiddleCenter,,,,ضریب B,
styl_Tadil_nuse,تعدیل / شاخص,10,itp_z_a,itp_z_a,Z,DataGridViewTextBoxColumn,,,MiddleCenter,,,,ضریب Z,
styl_Tadil_nuse,تعدیل / شاخص,11,ata_nuse,ata_nuse_nusu,فصل,DataGridViewTextBoxColumn,,18,MiddleCenter,,true,,,Fill
styl_Tadil_nuse,صورت‌وضعیت / کارکرد,12,ata_pcnw,ata_pcnw,مبلغ صورت وضعیت فعلی,DataGridViewTextBoxColumn,,,MiddleLeft,,,,,
styl_Tadil_nuse,صورت‌وضعیت / کارکرد,13,ata_pcol,ata_pcol,مبلغ صورت وضعیت قبلی,DataGridViewTextBoxColumn,,,MiddleLeft,,,,,
styl_Tadil_nuse,صورت‌وضعیت / کارکرد,14,ata_pcdf,ata_pcdf,مابه التفاوت دو صورت وضعیت,DataGridViewTextBoxColumn,,,MiddleLeft,,true,,,
styl_Tadil_nuse,صورت‌وضعیت / کارکرد,15,ata_tidy,ata_tidy,دوره به کارکرد,DataGridViewTextBoxColumn,,,MiddleCenter,,true,,,
styl_Tadil_nuse,صورت‌وضعیت / کارکرد,16,ata_pcwp,ata_pcwp,مبلغ کارکرد در هر دوره,DataGridViewTextBoxColumn,,,MiddleLeft,,true,,,
styl_Tadil_nuse,تعدیل / شاخص,17,ata_SahmPishPar,ata_SahmPishPar,سهم پیش پرداخت,DataGridViewTextBoxColumn,,,MiddleLeft,,true,,سهم پیش پرداخت مستهلک نشده,
styl_Tadil_nuse,صورت‌وضعیت / کارکرد,18,ata_KarkerdMenhaSahmPishPar,ata_KarkerdMenhaSahmPishPar,کارکرد - پیش‌پرداخت,DataGridViewTextBoxColumn,,,MiddleLeft,,true,,کارکرد منهای پیش پرداخت مستهلک نشده (T-W),
styl_Tadil_nuse,تعدیل / شاخص,19,ata_zrta,ata_zrta,ضریب تعدیل,DataGridViewTextBoxColumn,,,MiddleCenter,,true,,,
styl_Tadil_nuse,تعدیل / شاخص,20,ata_pcta,ata_pcta,مبلغ تعدیل,DataGridViewTextBoxColumn,,,MiddleLeft,,true,,,
styl_Tadil_nuse,تعدیل / شاخص,21,ata_zrjo,ata_zrjo,ضریب جبرانی,DataGridViewTextBoxColumn,,,MiddleCenter,,true,,,
styl_Tadil_nuse,تعدیل / شاخص,22,ata_mbjo,ata_mbjo,مبلغ جبران,DataGridViewTextBoxColumn,,,MiddleLeft,,true,,,
styl_Tadil_nuse,تعدیل / شاخص,23,ata_zrjo_a,ata_zrjo_a,ضریب جبرانی,DataGridViewTextBoxColumn,,,MiddleCenter,,true,,,
styl_Tadil_nuse,تعدیل / شاخص,24,ata_mbjo_a,ata_mbjo_a,مبلغ جبران,DataGridViewTextBoxColumn,,,MiddleLeft,,true,,,
styl_Tadilz_nuse,تعدیل / شاخص,1,ata_shbs,ata_shbs,شاخص مبنا,DataGridViewTextBoxColumn,,,MiddleCenter,,,,,
styl_Tadilz_nuse,تعدیل / شاخص,2,ata_shnw,ata_shnw,شاخص جاری,DataGridViewTextBoxColumn,,,MiddleCenter,,,,,
styl_Tadilz_nuse,تعدیل / شاخص,3,ata_shbsJo,ata_shbsJo,شاخص مبنا,DataGridViewTextBoxColumn,,,MiddleCenter,,,,,
styl_Tadilz_nuse,تعدیل / شاخص,4,ata_shnwJo,ata_shnwJo,شاخص جاری,DataGridViewTextBoxColumn,,,MiddleCenter,,,,,
styl_Tadilz_nuse,تعدیل / شاخص,5,ata_shbsJo_a,ata_shbsJo_a,شاخص دوره پایه,DataGridViewTextBoxColumn,,,MiddleCenter,,,,,
styl_Tadilz_nuse,تعدیل / شاخص,6,ata_shnwJo_a,ata_shnwJo_a,شاخص جاری,DataGridViewTextBoxColumn,,,MiddleCenter,,,,,
styl_Tadilz_nuse,تعدیل / شاخص,7,ata_str_prod,ata_Dore_Karkerd,دوره جاری,DataGridViewTextBoxColumn,,,MiddleCenter,,true,,,None
styl_Tadilz_nuse,تعدیل / شاخص,8,itp_t_a,itp_t_a,t,DataGridViewTextBoxColumn,,,MiddleCenter,,,,تورم فرضی,
styl_Tadilz_nuse,تعدیل / شاخص,9,itp_b_a,itp_b_a,B,DataGridViewTextBoxColumn,,,MiddleCenter,,,,ضریب B,
styl_Tadilz_nuse,تعدیل / شاخص,10,itp_z_a,itp_z_a,Z,DataGridViewTextBoxColumn,,,MiddleCenter,,,,ضریب Z,
styl_Tadilz_nuse,تعدیل / شاخص,11,ata_nuse,ata_nuse_nusu,فصل,DataGridViewTextBoxColumn,,,MiddleCenter,,True,,,
styl_Tadilz_nuse,صورت‌وضعیت / کارکرد,12,ata_pcnz,ata_pcnz,مبلغ صورت وضعیت فعلی,DataGridViewTextBoxColumn,,,MiddleLeft,,,,,
styl_Tadilz_nuse,صورت‌وضعیت / کارکرد,13,ata_pcoz,ata_pcoz,مبلغ صورت وضعیت قبلی,DataGridViewTextBoxColumn,,,MiddleLeft,,,,,
styl_Tadilz_nuse,صورت‌وضعیت / کارکرد,14,ata_pcdz,ata_pcdz,مابه التفاوت دو صورت وضعیت,DataGridViewTextBoxColumn,,,MiddleLeft,,true,,,
styl_Tadilz_nuse,صورت‌وضعیت / کارکرد,15,ata_tidy,ata_tidy,دوره به کارکرد,DataGridViewTextBoxColumn,,,MiddleCenter,,true,,,
styl_Tadilz_nuse,صورت‌وضعیت / کارکرد,16,ata_pcwz,ata_pcwz,مبلغ کارکرد در هر دوره,DataGridViewTextBoxColumn,,,MiddleLeft,,true,,,
styl_Tadilz_nuse,تعدیل / شاخص,17,ata_SahmPishPar,ata_SahmPishPar,سهم پیش پرداخت,DataGridViewTextBoxColumn,,,MiddleLeft,,true,,سهم پیش پرداخت مستهلک نشده,
styl_Tadilz_nuse,صورت‌وضعیت / کارکرد,18,ata_KarkerdMenhaSahmPishParZ,ata_KarkerdMenhaSahmPishParZ,کارکرد - پیش‌پرداخت,DataGridViewTextBoxColumn,,,MiddleLeft,,true,,کارکرد منهای پیش پرداخت مستهلک نشده (T-W),
styl_Tadilz_nuse,تعدیل / شاخص,19,ata_zrta,ata_zrta,ضریب تعدیل,DataGridViewTextBoxColumn,,,MiddleCenter,,true,,,
styl_Tadilz_nuse,تعدیل / شاخص,20,ata_pctz,ata_pctz,مبلغ تعدیل,DataGridViewTextBoxColumn,,,MiddleLeft,,true,,,
styl_Tadilz_nuse,تعدیل / شاخص,21,ata_zrjo,ata_zrjo,ضریب جبرانی,DataGridViewTextBoxColumn,,,MiddleCenter,,true,,,
styl_Tadilz_nuse,تعدیل / شاخص,22,ata_mbjoz,ata_mbjoz,مبلغ جبران,DataGridViewTextBoxColumn,,,MiddleLeft,,true,,,
styl_Tadilz_nuse,تعدیل / شاخص,23,ata_zrjo_a,ata_zrjo_a,ضریب جبرانی,DataGridViewTextBoxColumn,,,MiddleCenter,,true,,,
styl_Tadilz_nuse,تعدیل / شاخص,24,ata_mbjoz_a,ata_mbjoz_a,مبلغ جبران,DataGridViewTextBoxColumn,,,MiddleLeft,,true,,,
list_prev_bgml,برگه مالی / خلاصه مالی,1,bgm_rad,bgm_rad,ردیف,DataGridViewTextBoxColumn,,,MiddleCenter,,,,,
list_prev_bgml,فهرست‌بها / دفترچه,2,bgm_cofh,bgm_cofh,کد فهرست,DataGridViewTextBoxColumn,,,MiddleCenter,,,,,
list_prev_bgml,برگه مالی / خلاصه مالی,3,fbh_astr_str,fbh_astr_str,*,DataGridViewTextBoxColumn,18,18,MiddleCenter,,,,,
list_prev_bgml,برگه مالی / خلاصه مالی,4,fbh_abst,fbh_abst,شرح مختصر,DataGridViewTextBoxColumn,,,,,,,,
list_prev_bgml,برگه مالی / خلاصه مالی,5,fbh_desc,fbh_desc,شرح کامل,DataGridViewTextBoxColumn,,,,,,,,
list_prev_bgml,برگه مالی / خلاصه مالی,6,fbh_unit,fbh_unit,واحد کار,DataGridViewTextBoxColumn,,,MiddleCenter,,,,,
list_prev_bgml,برگه مالی / خلاصه مالی,7,fbh_pcun,fbh_pcun,ریال واحد,DataGridViewTextBoxColumn,,,,,,,,
list_prev_bgml,برگه مالی / خلاصه مالی,8,bgm_qust,bgm_qust,مقدار,DataGridViewTextBoxColumn,,,,,,,,
list_prev_bgml,برگه مالی / خلاصه مالی,9,bgm_pcst,bgm_pcst,جمع بریال,DataGridViewTextBoxColumn,,,,,,,,
list_prev_rzmt,متره / ریزمتره,1,rmt_fare,rmt_fare,م,DataGridViewCheckBoxColumn,20,,,,,,,
list_prev_rzmt,متره / ریزمتره,2,rmt_raj,rmt_raj,زیر,DataGridViewTextBoxColumn,30,,MiddleRight,,,,,
list_prev_rzmt,متره / ریزمتره,3,rmt_rad,rmt_rad,ردیف,DataGridViewTextBoxColumn,35,,,,,,,
list_prev_rzmt,متره / ریزمتره,4,rmt_dsam,rmt_dsam,شرح عملیات,DataGridViewTextBoxColumn,150,,,,,,,
list_prev_rzmt,متره / ریزمتره,5,rmt_coac,rmt_coac,فعالیت,DataGridViewTextBoxColumn,40,,MiddleCenter,,,,,
list_prev_rzmt,متره / ریزمتره,6,rmt_cofh,rmt_cofh,کدفهرست,DataGridViewTextBoxColumn,60,,MiddleCenter,,,,,
list_prev_rzmt,متره / ریزمتره,7,fbh_astr_str,fbh_astr_str,*,DataGridViewTextBoxColumn,22,22,,,,,,
list_prev_rzmt,متره / ریزمتره,8,rmt_numo,rmt_numo,تعداد,DataGridViewTextBoxColumn,33,,MiddleCenter,,,,,
list_prev_rzmt,متره / ریزمتره,9,rmt_tool,rmt_tool,طول,DataGridViewTextBoxColumn,60,,,,,,,
list_prev_rzmt,متره / ریزمتره,10,rmt_arz,rmt_arz,عرض,DataGridViewTextBoxColumn,60,,,,,,,
list_prev_rzmt,متره / ریزمتره,11,rmt_heit,rmt_heit,ارتفاع,DataGridViewTextBoxColumn,60,,,,,,,
list_prev_rzmt,متره / ریزمتره,12,rmt_weit,rmt_weit,وزن,DataGridViewTextBoxColumn,65,,,,,,,
list_prev_rzmt,متره / ریزمتره,13,rmt_sumj,rmt_sumj,جمع جزیی,DataGridViewTextBoxColumn,68,,,,true,,,
list_prev_rzmt,متره / ریزمتره,14,rmt_sumt,rmt_sumt,جمع کلی,DataGridViewTextBoxColumn,70,,,,true,,,
list_prev_rzmt,متره / ریزمتره,15,rmt_dsmo,rmt_dsmo,ملاحظات,DataGridViewTextBoxColumn,140,,,,,,,
list_prev_khmt,صورتجلسه / خدمات,1,kmt_raj,kmt_raj,زیر,DataGridViewTextBoxColumn,30,,MiddleCenter,,,,,
list_prev_khmt,صورتجلسه / خدمات,2,kmt_rad,kmt_rad,ردیف,DataGridViewTextBoxColumn,35,,MiddleCenter,,,,,
list_prev_khmt,صورتجلسه / خدمات,3,kmt_coac,kmt_coac,فعالیت,DataGridViewTextBoxColumn,40,,MiddleCenter,,,,,
list_prev_khmt,صورتجلسه / خدمات,4,kmt_dtsj,kmt_dtsj,تاریخ صورتمجلس,DataGridViewTextBoxColumn,60,,MiddleCenter,,,,,
list_prev_khmt,صورتجلسه / خدمات,5,kmt_nusj,kmt_nusj,شماره صورتمجلس,DataGridViewTextBoxColumn,60,,MiddleCenter,,,,,
list_prev_khmt,صورتجلسه / خدمات,6,kmt_cofh,kmt_cofh,کدفهرست,DataGridViewTextBoxColumn,60,,MiddleCenter,,,,,
list_prev_khmt,صورتجلسه / خدمات,7,fbh_astr_str,fbh_astr_str,*,DataGridViewTextBoxColumn,22,22,MiddleCenter,,,,,
list_prev_khmt,متره / ریزمتره,8,kmt_nagl_rzmt,kmt_nagl_rzmt,نقل از,DataGridViewTextBoxColumn,40,,MiddleCenter,,,,,
list_prev_khmt,صورتجلسه / خدمات,9,kmt_link_mog,kmt_link_mog,موقعیت,DataGridViewComboBoxColumn,180,,,,,,,
list_prev_khmt,صورتجلسه / خدمات,10,kmt_sumj,kmt_sumj,جمع جزیی,DataGridViewTextBoxColumn,95,,,,,,,
list_prev_khmt,صورتجلسه / خدمات,11,mog_zrib,mog_zrib,ضریب,DataGridViewTextBoxColumn,55,,MiddleCenter,,true,,,
list_prev_khmt,صورتجلسه / خدمات,12,kmt_sujz,kmt_sujz,جزیی با ضریب,DataGridViewTextBoxColumn,95,,,,true,,,
list_prev_khmt,صورتجلسه / خدمات,13,kmt_sumt,kmt_sumt,جمع کلی,DataGridViewTextBoxColumn,100,,,,true,,,
list_prev_khmt,صورتجلسه / خدمات,14,kmt_dsmo,kmt_dsmo,ملاحظات,DataGridViewTextBoxColumn,110,,,,,,,
seas_shkh,تعدیل / شاخص,1,mlt_rad,mlt_rad,ردیف,DataGridViewTextBoxColumn,,35,MiddleCenter,,,,,
seas_shkh,تعدیل / شاخص,2,mlt_nuse,mlt_nuse_nusu,فصل,DataGridViewTextBoxColumn,,40,MiddleCenter,,,,,
seas_shkh,تعدیل / شاخص,3,mlt_name,mlt_name,عنوان فصل,DataGridViewTextBoxColumn,,,,,,,,
seas_shkh,تعدیل / شاخص,4,shk_pd_m_astr,shk_pd_m_astr,شاخص مبنا,DataGridViewTextBoxColumn,,,MiddleCenter,,,,,
seas_shkh,تعدیل / شاخص,5,shk_pd_j_astr,shk_pd_j_astr,شاخص جاری,DataGridViewTextBoxColumn,,,MiddleCenter,,,,,
seas_shkh,تعدیل / شاخص,6,ses_Zrib_Tdil_Astr,ses_Zrib_Tdil_Astr,ضریب تعدیل,DataGridViewTextBoxColumn,55,,MiddleCenter,,true,,,
seas_shkh,تعدیل / شاخص,7,ses_Zrib_Rshd_Astr,ses_Zrib_Rshd_Astr,ضریب رشد,DataGridViewTextBoxColumn,55,,MiddleCenter,,,,,
fhbh_norm,فهرست‌بها / دفترچه,1,fbh_prCofh,fbh_prCofh,کد پایه,DataGridViewTextBoxColumn,,60,MiddleCenter,,,,کد ردیف فهرست,
fhbh_norm,فهرست‌بها / دفترچه,2,fbh_cofh_,fbh_cofh,کد فهرست,DataGridViewTextBoxColumn,,60,MiddleCenter,,,,کد زیر ردیف,
fhbh_norm,فهرست‌بها / دفترچه,3,fbh_nusu,fbh_nusu,زیرفصل,DataGridViewTextBoxColumn,,60,MiddleCenter,,,,,
fhbh_norm,فهرست‌بها / دفترچه,4,fbh_nusu_cmb,fbh_nusu,زیرفصل,DataGridViewComboBoxColumn,,60,MiddleCenter,,,,,
fhbh_norm,فهرست‌بها / دفترچه,5,fbh_tjtId,fbh_tjtId,نوع,DataGridViewComboBoxColumn,,60,MiddleCenter,,,,نوع ردیف,
fhbh_norm,فهرست‌بها / دفترچه,6,star_,fbh_astr,*,DataGridViewCheckBoxColumn,22,22,MiddleCenter,,,,,
fhbh_norm,فهرست‌بها / دفترچه,7,fbh_abst_,fbh_abst,شرح مختصر,DataGridViewTextBoxColumn,,,,,,,,Fill
fhbh_norm,فهرست‌بها / دفترچه,8,fbh_unit_,fbh_unit,واحد کار,DataGridViewComboBoxColumn,,,MiddleCenter,,,,,
fhbh_norm,فهرست‌بها / دفترچه,9,fbh_tyun_,fbh_tyun,اثر واحد,DataGridViewComboBoxColumn,,95,,,,,,
fhbh_norm,فهرست‌بها / دفترچه,10,fbh_pcun_,fbh_pcun,بهای واحد بریال,DataGridViewTextBoxColumn,,105,,,,,,
fhbh_norm,فهرست‌بها / دفترچه,11,fbh_desc,fbh_desc,شرح کامل,DataGridViewTextBoxColumn,,,,,,,,
fhbh_norm,منابع / مصالح / حمل,12,fbh_NuseForSh,fbh_NuseForSh,فصل حمل,DataGridViewTextBoxColumn,,,,,,,تطبیق فصل حمل,
fhbh_shahr,فهرست‌بها / دفترچه,1,fbh_cofh_,fbh_cofh,کد فهرست,DataGridViewTextBoxColumn,,60,MiddleCenter,,,,,
fhbh_shahr,فهرست‌بها / دفترچه,2,star_,fbh_astr,*,DataGridViewCheckBoxColumn,22,22,MiddleCenter,,,,,
fhbh_shahr,فهرست‌بها / دفترچه,3,fbh_abst_,fbh_abst,شرح مختصر,DataGridViewTextBoxColumn,,120,,,,,,Fill
fhbh_shahr,فهرست‌بها / دفترچه,4,fbh_unit_,fbh_unit,واحد کار,DataGridViewComboBoxColumn,,85,MiddleCenter,,,,,
fhbh_shahr,منابع / مصالح / حمل,5,fbh_pcun_masaleh_,fbh_pcun_masaleh,مصالح و.. بریال,DataGridViewTextBoxColumn,,95,,,,,,
fhbh_shahr,فهرست‌بها / دفترچه,6,fbh_pcun_dastmozd_,fbh_pcun_dastmozd,دستمزد بریال,DataGridViewTextBoxColumn,,95,,,,,,
fhbh_shahr,فهرست‌بها / دفترچه,7,fbh_pcun_,fbh_pcun,بهای واحد بریال,DataGridViewTextBoxColumn,,95,,,,,,
fhbh_shahr,فهرست‌بها / دفترچه,8,fbh_NumbOrder_,fbh_NumbOrder,شماره دستورالعمل,DataGridViewTextBoxColumn,,100,,,,,,
fhbh_shahr,فهرست‌بها / دفترچه,9,fbh_tyun_,fbh_tyun,اثر واحد,DataGridViewComboBoxColumn,,95,,,,,,
fhbh_shahr,فهرست‌بها / دفترچه,10,fbh_desc,fbh_desc,شرح کامل,DataGridViewTextBoxColumn,,,,,,,,
fhbh_shahr,منابع / مصالح / حمل,11,fbh_NuseForSh,fbh_NuseForSh,فصل حمل,DataGridViewTextBoxColumn,,,,,,,تطبیق فصل حمل,
list_shahr_brv,برآورد,1,bgm_rad,bgm_rad,ردیف,DataGridViewTextBoxColumn,,32,MiddleCenter,,,,,
list_shahr_brv,برآورد,2,bgm_cofh,bgm_cofh,کد فهرست,DataGridViewTextBoxColumn,,65,MiddleCenter,,,,,
list_shahr_brv,برآورد,3,fbh_astr_str,fbh_astr_str,*,DataGridViewTextBoxColumn,22,22,MiddleCenter,,,,,
list_shahr_brv,برآورد,4,fbh_abst,fbh_abst,شرح مختصر,DataGridViewTextBoxColumn,,,,,,,,
list_shahr_brv,برآورد,5,fbh_desc,fbh_desc,شرح کامل,DataGridViewTextBoxColumn,,,,,,,,
list_shahr_brv,برآورد,6,fbh_unit,fbh_unit,واحد کار,DataGridViewTextBoxColumn,,,MiddleCenter,,,,,
list_shahr_brv,برآورد,7,fbh_pcun,fbh_pcun,ریال واحد,DataGridViewTextBoxColumn,,95,,false,,,,
list_shahr_brv,برآورد,8,bgm_quan,bgm_quan,"مقدار برآوردی
      a",DataGridViewTextBoxColumn,,105,,,,,,
list_shahr_brv,برآورد,9,fbh_pcun_masaleh,fbh_pcun_masaleh,"ریال واحد مصالح
      m",DataGridViewTextBoxColumn,,95,,,,,,
list_shahr_brv,برآورد,10,fbh_pcun_dastmozd,fbh_pcun_dastmozd,"ریال واحد دستمزد
      w",DataGridViewTextBoxColumn,,95,,,,,,
list_shahr_brv,برآورد,11,bgm_pcal_masaleh_,bgm_pcal_masaleh,"قیمت مصالح
      a*m",DataGridViewTextBoxColumn,,95,,,,,,
list_shahr_brv,برآورد,12,bgm_pcal_dastmozd_,bgm_pcal_dastmozd,"قیمت دستمزد
      a*w",DataGridViewTextBoxColumn,,95,,,,,,
list_shahr_brv,برآورد,13,bgm_pcal_shahr_,bgm_pcal_shahr,"مجموع دربالاسری
      (u=o*a(m+w",DataGridViewTextBoxColumn,,110,,,,,o : بالاسری : 1.38,
list_shahr_brv,برآورد,14,bgm_pcal,bgm_pcal,مبلغ برآوردی,DataGridViewTextBoxColumn,,110,,false,,,,
list_shahr_brv,برآورد,15,bgm_dscf,bgm_dscf,ملاحظات,DataGridViewTextBoxColumn,,,,,,,,
list_shahr_acti_brv,برآورد,1,bgm_rad,bgm_rad,ردیف,DataGridViewTextBoxColumn,,32,MiddleCenter,,,,,
list_shahr_acti_brv,برآورد,2,bgm_coac,bgm_coac,فعالیت,DataGridViewTextBoxColumn,40,40,MiddleCenter,,,,,
list_shahr_acti_brv,برآورد,3,bgm_cofh,bgm_cofh,کد فهرست,DataGridViewTextBoxColumn,,65,MiddleCenter,,,,,
list_shahr_acti_brv,برآورد,4,fbh_astr_str,fbh_astr_str,*,DataGridViewTextBoxColumn,22,22,MiddleCenter,,,,,
list_shahr_acti_brv,برآورد,5,fbh_abst,fbh_abst,شرح مختصر,DataGridViewTextBoxColumn,,,,,,,,
list_shahr_acti_brv,برآورد,6,fbh_desc,fbh_desc,شرح کامل,DataGridViewTextBoxColumn,,,,,,,,
list_shahr_acti_brv,برآورد,7,fbh_unit,fbh_unit,واحد کار,DataGridViewTextBoxColumn,,,MiddleCenter,,,,,
list_shahr_acti_brv,برآورد,8,fbh_pcun,fbh_pcun,ریال واحد,DataGridViewTextBoxColumn,,95,,false,,,,
list_shahr_acti_brv,برآورد,9,bgm_quan,bgm_quan,"مقدار برآوردی
      a",DataGridViewTextBoxColumn,,105,,,,,,
list_shahr_acti_brv,برآورد,10,fbh_pcun_masaleh,fbh_pcun_masaleh,"ریال واحد مصالح
      m",DataGridViewTextBoxColumn,,95,,,,,,
list_shahr_acti_brv,برآورد,11,fbh_pcun_dastmozd,fbh_pcun_dastmozd,"ریال واحد دستمزد
      w",DataGridViewTextBoxColumn,,95,,,,,,
list_shahr_acti_brv,برآورد,12,bgm_pcal_masaleh_,bgm_pcal_masaleh,"قیمت مصالح
      a*m",DataGridViewTextBoxColumn,,95,,,,,,
list_shahr_acti_brv,برآورد,13,bgm_pcal_dastmozd_,bgm_pcal_dastmozd,"قیمت دستمزد
      a*w",DataGridViewTextBoxColumn,,95,,,,,,
list_shahr_acti_brv,برآورد,14,bgm_pcal_shahr_,bgm_pcal_shahr,"مجموع دربالاسری
      (u=o*a(m+w",DataGridViewTextBoxColumn,,110,,,,,o : بالاسری : 1.38,
list_shahr_acti_brv,برآورد,15,bgm_pcal,bgm_pcal,مبلغ برآوردی,DataGridViewTextBoxColumn,,110,,false,,,,
list_shahr_acti_brv,برآورد,16,bgm_dscf,bgm_dscf,ملاحظات,DataGridViewTextBoxColumn,,,,,,,,
list_shahr_psn,پیشنهاد / پیمان,1,bgm_rad,bgm_rad,ردیف,DataGridViewTextBoxColumn,,32,MiddleCenter,,,,,
list_shahr_psn,پیشنهاد / پیمان,2,bgm_cofh,bgm_cofh,کد فهرست,DataGridViewTextBoxColumn,,65,MiddleCenter,,,,,
list_shahr_psn,پیشنهاد / پیمان,3,fbh_astr_str,fbh_astr_str,*,DataGridViewTextBoxColumn,22,22,MiddleCenter,,,,,
list_shahr_psn,پیشنهاد / پیمان,4,fbh_abst,fbh_abst,شرح مختصر,DataGridViewTextBoxColumn,,150,,,,,,
list_shahr_psn,پیشنهاد / پیمان,5,fbh_desc,fbh_desc,شرح کامل,DataGridViewTextBoxColumn,,,,,,,,
list_shahr_psn,پیشنهاد / پیمان,6,fbh_unit,fbh_unit,واحد کار,DataGridViewTextBoxColumn,,50,MiddleCenter,,,,,
list_shahr_psn,پیشنهاد / پیمان,7,fbh_pcun,fbh_pcun,ریال واحد,DataGridViewTextBoxColumn,,95,,false,,,,
list_shahr_psn,پیشنهاد / پیمان,8,bgm_quan,bgm_quan,"مقدار برآوردی
      a",DataGridViewTextBoxColumn,,70,,,,,,
list_shahr_psn,پیشنهاد / پیمان,9,fbh_pcun_masaleh,fbh_pcun_masaleh,"ریال واحد مصالح
      m",DataGridViewTextBoxColumn,,75,,,,,,
list_shahr_psn,پیشنهاد / پیمان,10,fbh_pcun_dastmozd,fbh_pcun_dastmozd,"ریال واحد دستمزد
      w",DataGridViewTextBoxColumn,,75,,,,,,
list_shahr_psn,پیشنهاد / پیمان,11,bgm_pcal_shahr,bgm_pcal_shahr,"مجموع دربالاسری
      (u=o*a(m+w",DataGridViewTextBoxColumn,,100,,,,,o : بالاسری : 1.38,
list_shahr_psn,پیشنهاد / پیمان,12,fbh_pcun_masaleh_psn,fbh_pcun_masaleh_psn,ریال واحد پیشنهادی مصالح,DataGridViewTextBoxColumn,,75,,,,,,
list_shahr_psn,پیشنهاد / پیمان,13,fbh_pcun_dastmozd_psn,fbh_pcun_dastmozd_psn,ریال واحد پیشنهادی دستمزد,DataGridViewTextBoxColumn,,75,,,,,,
list_shahr_psn,پیشنهاد / پیمان,14,bgm_pcal_masaleh_psn_z,bgm_pcal_masaleh_psn_z,"قیمت پیشنهادی مصالح باضرایب
      'a*m",DataGridViewTextBoxColumn,,85,,,,,,
list_shahr_psn,پیشنهاد / پیمان,15,bgm_pcal_dastmozd_psn_z,bgm_pcal_dastmozd_psn_z,"قیمت پیشنهادی دستمزد باضرایب
      'a*w",DataGridViewTextBoxColumn,,85,,,,,,
list_shahr_psn,پیشنهاد / پیمان,16,bgm_pcal_shahr_psn_z,bgm_pcal_shahr_psn_z,"جمع قیمت پیشنهادی باضرایب
      ('a*(m'+w",DataGridViewTextBoxColumn,,100,,,,,,
list_shahr_psn,پیشنهاد / پیمان,17,bgm_pcal,bgm_pcal,مبلغ برآوردی,DataGridViewTextBoxColumn,,110,,false,,,,
list_shahr_psn,پیشنهاد / پیمان,18,bgm_dscf,bgm_dscf,ملاحظات,DataGridViewTextBoxColumn,,50,,,,,,
list_shahr_acti_psn,پیشنهاد / پیمان,1,bgm_rad,bgm_rad,ردیف,DataGridViewTextBoxColumn,,32,MiddleCenter,,,,,
list_shahr_acti_psn,پیشنهاد / پیمان,2,bgm_coac,bgm_coac,فعالیت,DataGridViewTextBoxColumn,40,40,MiddleCenter,,,,,
list_shahr_acti_psn,پیشنهاد / پیمان,3,bgm_cofh,bgm_cofh,کد فهرست,DataGridViewTextBoxColumn,,65,MiddleCenter,,,,,
list_shahr_acti_psn,پیشنهاد / پیمان,4,fbh_astr_str,fbh_astr_str,*,DataGridViewTextBoxColumn,22,22,MiddleCenter,,,,,
list_shahr_acti_psn,پیشنهاد / پیمان,5,fbh_abst,fbh_abst,شرح مختصر,DataGridViewTextBoxColumn,,150,,,,,,
list_shahr_acti_psn,پیشنهاد / پیمان,6,fbh_desc,fbh_desc,شرح کامل,DataGridViewTextBoxColumn,,,,,,,,
list_shahr_acti_psn,پیشنهاد / پیمان,7,fbh_unit,fbh_unit,واحد کار,DataGridViewTextBoxColumn,,50,MiddleCenter,,,,,
list_shahr_acti_psn,پیشنهاد / پیمان,8,fbh_pcun,fbh_pcun,ریال واحد,DataGridViewTextBoxColumn,,95,,false,,,,
list_shahr_acti_psn,پیشنهاد / پیمان,9,bgm_quan,bgm_quan,"مقدار برآوردی
      a",DataGridViewTextBoxColumn,,70,,,,,,
list_shahr_acti_psn,پیشنهاد / پیمان,10,fbh_pcun_masaleh,fbh_pcun_masaleh,"ریال واحد مصالح
      m",DataGridViewTextBoxColumn,,75,,,,,,
list_shahr_acti_psn,پیشنهاد / پیمان,11,fbh_pcun_dastmozd,fbh_pcun_dastmozd,"ریال واحد دستمزد
      w",DataGridViewTextBoxColumn,,75,,,,,,
list_shahr_acti_psn,پیشنهاد / پیمان,12,bgm_pcal_shahr,bgm_pcal_shahr,"مجموع دربالاسری
      (u=o*a(m+w",DataGridViewTextBoxColumn,,100,,,,,,
list_shahr_acti_psn,پیشنهاد / پیمان,13,fbh_pcun_masaleh_psn,fbh_pcun_masaleh_psn,ریال واحد پیشنهادی مصالح,DataGridViewTextBoxColumn,,75,,,,,,
list_shahr_acti_psn,پیشنهاد / پیمان,14,fbh_pcun_dastmozd_psn,fbh_pcun_dastmozd_psn,ریال واحد پیشنهادی دستمزد,DataGridViewTextBoxColumn,,75,,,,,,
list_shahr_acti_psn,پیشنهاد / پیمان,15,bgm_pcal_masaleh_psn_z,bgm_pcal_masaleh_psn_z,"قیمت پیشنهادی مصالح باضرایب
      'a*m",DataGridViewTextBoxColumn,,85,,,,,,
list_shahr_acti_psn,پیشنهاد / پیمان,16,bgm_pcal_dastmozd_psn_z,bgm_pcal_dastmozd_psn_z,"قیمت پیشنهادی دستمزد باضرایب
      'a*w",DataGridViewTextBoxColumn,,85,,,,,,
list_shahr_acti_psn,پیشنهاد / پیمان,17,bgm_pcal_shahr_psn_z,bgm_pcal_shahr_psn_z,"جمع قیمت پیشنهادی باضرایب
      ('a*(m'+w",DataGridViewTextBoxColumn,,100,,,,,,
list_shahr_acti_psn,پیشنهاد / پیمان,18,bgm_pcal,bgm_pcal,مبلغ برآوردی,DataGridViewTextBoxColumn,,110,,false,,,,
list_shahr_acti_psn,پیشنهاد / پیمان,19,bgm_dscf,bgm_dscf,ملاحظات,DataGridViewTextBoxColumn,,50,,,,,,
list_shahr_svz,صورت‌وضعیت / کارکرد,1,bgm_rad,bgm_rad,ردیف,DataGridViewTextBoxColumn,,32,MiddleCenter,,,,,
list_shahr_svz,صورت‌وضعیت / کارکرد,2,bgm_cofh,bgm_cofh,کد فهرست,DataGridViewTextBoxColumn,,65,MiddleCenter,,,,,
list_shahr_svz,صورت‌وضعیت / کارکرد,3,fbh_astr_str,fbh_astr_str,*,DataGridViewTextBoxColumn,22,22,MiddleCenter,,,,,
list_shahr_svz,صورت‌وضعیت / کارکرد,4,fbh_abst,fbh_abst,شرح مختصر,DataGridViewTextBoxColumn,,100,,,,,,
list_shahr_svz,صورت‌وضعیت / کارکرد,5,fbh_desc,fbh_desc,شرح کامل,DataGridViewTextBoxColumn,,,,,,,,
list_shahr_svz,صورت‌وضعیت / کارکرد,6,fbh_unit,fbh_unit,واحد کار,DataGridViewTextBoxColumn,,60,MiddleCenter,,,,,
list_shahr_svz,صورت‌وضعیت / کارکرد,7,fbh_pcun,fbh_pcun,ریال واحد,DataGridViewTextBoxColumn,,,,false,,,,
list_shahr_svz,صورت‌وضعیت / کارکرد,8,bgm_qust,bgm_qust,"مقدار
      a",DataGridViewTextBoxColumn,,100,,,,,,
list_shahr_svz,صورت‌وضعیت / کارکرد,9,fbh_pcun_masaleh,fbh_pcun_masaleh,"ریال واحد مصالح
      m",DataGridViewTextBoxColumn,,95,,,,,,
list_shahr_svz,صورت‌وضعیت / کارکرد,10,fbh_pcun_dastmozd,fbh_pcun_dastmozd,"ریال واحد دستمزد
      w",DataGridViewTextBoxColumn,,95,,,,,,
list_shahr_svz,صورت‌وضعیت / کارکرد,11,bgm_pcst_masaleh_,bgm_pcst_masaleh,"قیمت مصالح
      a*m",DataGridViewTextBoxColumn,,95,,,,,,
list_shahr_svz,صورت‌وضعیت / کارکرد,12,bgm_pcst_dastmozd_,bgm_pcst_dastmozd,"قیمت دستمزد
      a*w",DataGridViewTextBoxColumn,,95,,,,,,
list_shahr_svz,صورت‌وضعیت / کارکرد,13,bgm_pcst_shahr_z_,bgm_pcst_shahr_z,"جمع کل با ضرایب
      (z*a(m+w",DataGridViewTextBoxColumn,,110,,,,,,
list_shahr_svz,صورت‌وضعیت / کارکرد,14,bgm_pcst,bgm_pcst,جمع بریال,DataGridViewTextBoxColumn,,110,,false,,,,
list_shahr_svz,صورت‌وضعیت / کارکرد,15,bgm_dscf,bgm_dscf,ملاحظات,DataGridViewTextBoxColumn,,,,,,,,
list_shahr_acti_svz,صورت‌وضعیت / کارکرد,1,bgm_rad,bgm_rad,ردیف,DataGridViewTextBoxColumn,,32,MiddleCenter,,,,,
list_shahr_acti_svz,صورت‌وضعیت / کارکرد,2,bgm_coac,bgm_coac,فعالیت,DataGridViewTextBoxColumn,40,40,MiddleCenter,,,,,
list_shahr_acti_svz,صورت‌وضعیت / کارکرد,3,bgm_cofh,bgm_cofh,کد فهرست,DataGridViewTextBoxColumn,,65,MiddleCenter,,,,,
list_shahr_acti_svz,صورت‌وضعیت / کارکرد,4,fbh_astr_str,fbh_astr_str,*,DataGridViewTextBoxColumn,22,22,MiddleCenter,,,,,
list_shahr_acti_svz,صورت‌وضعیت / کارکرد,5,fbh_abst,fbh_abst,شرح مختصر,DataGridViewTextBoxColumn,,100,,,,,,
list_shahr_acti_svz,صورت‌وضعیت / کارکرد,6,fbh_desc,fbh_desc,شرح کامل,DataGridViewTextBoxColumn,,,,,,,,
list_shahr_acti_svz,صورت‌وضعیت / کارکرد,7,fbh_unit,fbh_unit,واحد کار,DataGridViewTextBoxColumn,,60,MiddleCenter,,,,,
list_shahr_acti_svz,صورت‌وضعیت / کارکرد,8,fbh_pcun,fbh_pcun,ریال واحد,DataGridViewTextBoxColumn,,,,false,,,,
list_shahr_acti_svz,صورت‌وضعیت / کارکرد,9,bgm_qust,bgm_qust,"مقدار
      a",DataGridViewTextBoxColumn,,100,,,,,,
list_shahr_acti_svz,صورت‌وضعیت / کارکرد,10,fbh_pcun_masaleh,fbh_pcun_masaleh,"ریال واحد مصالح
      m",DataGridViewTextBoxColumn,,95,,,,,,
list_shahr_acti_svz,صورت‌وضعیت / کارکرد,11,fbh_pcun_dastmozd,fbh_pcun_dastmozd,"ریال واحد دستمزد
      w",DataGridViewTextBoxColumn,,95,,,,,,
list_shahr_acti_svz,صورت‌وضعیت / کارکرد,12,bgm_pcst_masaleh_,bgm_pcst_masaleh,"قیمت مصالح
      a*m",DataGridViewTextBoxColumn,,95,,,,,,
list_shahr_acti_svz,صورت‌وضعیت / کارکرد,13,bgm_pcst_dastmozd_,bgm_pcst_dastmozd,"قیمت دستمزد
      a*w",DataGridViewTextBoxColumn,,95,,,,,,
list_shahr_acti_svz,صورت‌وضعیت / کارکرد,14,bgm_pcst_shahr_z_,bgm_pcst_shahr_z,"جمع کل باضرایب
      (z*a(m+w",DataGridViewTextBoxColumn,,110,,,,,,
list_shahr_acti_svz,صورت‌وضعیت / کارکرد,15,bgm_pcst,bgm_pcst,جمع بریال,DataGridViewTextBoxColumn,,110,,false,,,,
list_shahr_acti_svz,صورت‌وضعیت / کارکرد,16,bgm_dscf,bgm_dscf,ملاحظات,DataGridViewTextBoxColumn,,,,,,,,
